analysis,cohort,region,label,n_genes,median_abs_r,q25_abs_r,q75_abs_r,frac_abs_r_lt_0.1,frac_abs_r_lt_0.3,frac_abs_r_gt_0.5,median_r
brainseq-sczd,BrainSEQ SCZD,caudate,BrainSEQ SCZD: caudate,13222,0.1244,0.0569,0.2362,0.4185,0.8324,0.0439,0.0053
brainseq-aging,BrainSEQ aging,caudate,BrainSEQ aging: caudate,13177,0.1297,0.0597,0.2403,0.4021,0.8274,0.0459,0.0091
brainseq-aging,BrainSEQ aging,hippocampus,BrainSEQ aging: hippocampus,13130,0.1110,0.0505,0.1965,0.4620,0.9096,0.0113,0.0110
brainseq-aging,BrainSEQ aging,dlpfc,BrainSEQ aging: dlpfc,12931,0.1179,0.0537,0.2141,0.4335,0.8633,0.0310,0.0148
gtex-aging,GTEx aging,amygdala,GTEx aging: amygdala,12042,0.1918,0.0902,0.3338,0.2755,0.7023,0.0865,0.0088
gtex-aging,GTEx aging,anterior_cingulate_cortex_ba24,GTEx aging: anterior_cingulate_cortex_ba24,12190,0.2031,0.0938,0.3649,0.2661,0.6655,0.1199,0.0175
gtex-aging,GTEx aging,caudate_basal_ganglia,GTEx aging: caudate_basal_ganglia,12424,0.2140,0.0974,0.3709,0.2553,0.6533,0.1220,0.0076
gtex-aging,GTEx aging,cerebellar_hemisphere,GTEx aging: cerebellar_hemisphere,12416,0.2036,0.0913,0.3602,0.2740,0.6678,0.1163,-0.0005
gtex-aging,GTEx aging,cerebellum,GTEx aging: cerebellum,12480,0.1479,0.0694,0.2792,0.3504,0.7788,0.0647,0.0070
gtex-aging,GTEx aging,cortex,GTEx aging: cortex,12426,0.1615,0.0719,0.3062,0.3378,0.7416,0.0917,0.0102
gtex-aging,GTEx aging,frontal_cortex_ba9,GTEx aging: frontal_cortex_ba9,12322,0.1900,0.0846,0.3484,0.2896,0.6846,0.1109,0.0082
gtex-aging,GTEx aging,hippocampus,GTEx aging: hippocampus,12313,0.1887,0.0898,0.3232,0.2756,0.7172,0.0675,0.0093
gtex-aging,GTEx aging,hypothalamus,GTEx aging: hypothalamus,12648,0.2121,0.1002,0.3683,0.2498,0.6553,0.1184,0.0104
gtex-aging,GTEx aging,nucleus_accumbens_basal_ganglia,GTEx aging: nucleus_accumbens_basal_ganglia,12492,0.2433,0.1118,0.4199,0.2251,0.5900,0.1678,0.0067
gtex-aging,GTEx aging,putamen_basal_ganglia,GTEx aging: putamen_basal_ganglia,12100,0.2105,0.0959,0.3721,0.2602,0.6457,0.1198,0.0093
gtex-aging,GTEx aging,spinal_cord_cervical_c_1,GTEx aging: spinal_cord_cervical_c_1,12305,0.1784,0.0831,0.3097,0.2961,0.7352,0.0586,0.0034
gtex-aging,GTEx aging,substantia_nigra,GTEx aging: substantia_nigra,12265,0.1729,0.0807,0.3041,0.3040,0.7426,0.0555,0.0072
