label,comp_unique_base,comp_unique_adj,n_overlap,n_new,top_cell_type,top_rho_age,max_abs_rho_age,top_fdr_age,n_celltypes_tested,n_celltypes_age_fdr05,median_abs_rho_age,frac_celltypes_age_fdr05,persistence,class
SCZD (caudate),60,11,5,6,Immune,0.36664746177192215,0.36664746177192215,5.967318779849055e-13,8,3,0.0931098611394551,0.375,0.08333333333333333,Disease (SCZD)
aging DLPFC,22,28,8,20,Micro,-0.34069666630442313,0.34069666630442313,1.5591608061405297e-06,8,4,0.19221530054046118,0.5,0.36363636363636365,Cortical
aging caudate,45,14,10,4,Immune,0.30283755966861065,0.30283755966861065,1.5518878698521835e-05,8,1,0.09686957446556502,0.125,0.2222222222222222,Limbic / striatal
GTEx frontal_cortex_ba9,797,2,1,1,Inhib,-0.29903756083119415,0.29903756083119415,4.669435965683551e-06,8,5,0.17046615150700395,0.625,0.0012547051442910915,Cortical
GTEx anterior_cingulate_cortex_ba24,928,365,293,72,Micro,0.29620987752388894,0.29620987752388894,2.5252482195357866e-05,6,3,0.16288833073452064,0.5,0.31573275862068967,Cortical
GTEx cortex,1169,2,0,2,Astro,0.2601341188258899,0.2601341188258899,8.162905915398774e-05,8,4,0.1297373730506469,0.5,0.0,Cortical
GTEx hippocampus,44,29,21,8,Micro,0.25418121241324837,0.25418121241324837,0.000321144415379462,8,3,0.09648922274424235,0.375,0.4772727272727273,Limbic / striatal
GTEx amygdala,33,5,4,1,Micro,0.25300597219681004,0.25300597219681004,0.0032053026064725954,8,2,0.117783773641121,0.25,0.12121212121212122,Limbic / striatal
GTEx putamen_basal_ganglia,2,4,2,2,Immune,0.19473211983748598,0.19473211983748598,0.014560931893423073,8,1,0.07916251661444818,0.125,1.0,Limbic / striatal
GTEx caudate_basal_ganglia,87,50,19,31,Immune,0.1835833286430255,0.1835833286430255,0.011238206604492495,8,2,0.10513314166454982,0.25,0.21839080459770116,Limbic / striatal
GTEx nucleus_accumbens_basal_ganglia,2,2,1,1,Inhib,-0.1832374840910485,0.1832374840910485,0.015163216547790622,8,1,0.07427734895330898,0.125,0.5,Limbic / striatal
aging hippocampus,1,1,1,0,Micro,-0.12759126075798027,0.12759126075798027,0.21364841825201683,8,0,0.07164957002062622,0.0,1.0,Limbic / striatal
