label,cohort,cell_type,n_samples,mean_proportion,rho_age,p_age,class,fdr_age
GTEx amygdala,GTEx,Astro,181,0.22652231877355,-0.14325298549647392,0.05437290970216475,Limbic / striatal,0.14499442587243933
GTEx amygdala,GTEx,Excit,181,0.06745120225005904,-0.12726206603599202,0.08778067913843232,Limbic / striatal,0.17556135827686464
GTEx amygdala,GTEx,Immune,181,0.001445605917373749,0.10830548124624996,0.14670225031510636,Limbic / striatal,0.23472360050417018
GTEx amygdala,GTEx,Inhib,181,0.005576712898225775,0.04693932433283213,0.5303479937488706,Limbic / striatal,0.5303479937488706
GTEx amygdala,GTEx,Micro,181,0.03479204002456144,0.25300597219681004,0.0005896167416853353,Limbic / striatal,0.0032053026064725954
GTEx amygdala,GTEx,Mural,181,0.0803176941604389,0.06992657542037899,0.34958543163511796,Limbic / striatal,0.4368387487486567
GTEx amygdala,GTEx,OPC,181,0.07098048907527865,0.24701581762153466,0.0008013256516181488,Limbic / striatal,0.0032053026064725954
GTEx amygdala,GTEx,Oligo,181,0.5129139369005125,0.06533132810264138,0.3822339051550746,Limbic / striatal,0.4368387487486567
GTEx anterior_cingulate_cortex_ba24,GTEx,Astro,233,0.5385551262766415,0.12483097069677088,0.057084513463953865,Cortical,0.08562677019593079
GTEx anterior_cingulate_cortex_ba24,GTEx,Excit,233,0.05498120548694893,-0.22955756624901577,0.00041166591862865396,Cortical,0.001234997755885962
GTEx anterior_cingulate_cortex_ba24,GTEx,Inhib,233,0.0971939165090482,-0.20094569077227042,0.0020540233427974253,Cortical,0.004108046685594851
GTEx anterior_cingulate_cortex_ba24,GTEx,Micro,233,0.04632455622336562,0.29620987752388894,4.208747032559644e-06,Cortical,2.5252482195357866e-05
GTEx anterior_cingulate_cortex_ba24,GTEx,OPC,233,0.05374047102582354,0.029768641698284394,0.651229358718128,Cortical,0.651229358718128
GTEx anterior_cingulate_cortex_ba24,GTEx,Oligo,233,0.2092047244781722,-0.11388696624454821,0.08279251926096427,Cortical,0.09935102311315713
GTEx caudate_basal_ganglia,GTEx,Astro,300,0.3093757298815593,0.15043193243424102,0.009066237959358743,Limbic / striatal,0.03626495183743497
GTEx caudate_basal_ganglia,GTEx,D1-SPN,300,0.03358335635126926,-0.13500007182016294,0.019323707504195816,Limbic / striatal,0.05152988667785551
GTEx caudate_basal_ganglia,GTEx,D2-SPN,300,0.0397054492973662,-0.11893217311685524,0.03952507530744009,Limbic / striatal,0.07905015061488017
GTEx caudate_basal_ganglia,GTEx,Immune,300,0.014043591209217618,0.1835833286430255,0.0014047758255615619,Limbic / striatal,0.011238206604492495
GTEx caudate_basal_ganglia,GTEx,Inhib,300,0.0005125320852924181,-0.025734310525725015,0.6570830116874763,Limbic / striatal,0.6853084681522376
GTEx caudate_basal_ganglia,GTEx,Micro,300,0.05954371115869338,-0.023490801523259098,0.6853084681522376,Limbic / striatal,0.6853084681522376
GTEx caudate_basal_ganglia,GTEx,OPC,300,0.03692374128359584,0.09133411021224438,0.11441630001212919,Limbic / striatal,0.1830660800194067
GTEx caudate_basal_ganglia,GTEx,Oligo,300,0.506311888733006,-0.05928089574005164,0.3061239322049303,Limbic / striatal,0.408165242939907
GTEx cortex,GTEx,Astro,270,0.46989129208415953,0.2601341188258899,1.4953384053767874e-05,Cortical,8.162905915398774e-05
GTEx cortex,GTEx,Excit,270,0.0737469749138321,-0.2561292380574382,2.0407264788496935e-05,Cortical,8.162905915398774e-05
GTEx cortex,GTEx,Immune,270,0.047636456903224565,0.10202080202590852,0.09433456790565665,Cortical,0.12577942387420887
GTEx cortex,GTEx,Inhib,270,0.008975870467174936,-0.22786120574715166,0.00015900263488367167,Cortical,0.00042400702635645777
GTEx cortex,GTEx,Micro,270,0.006861061148549813,-0.14011162857963208,0.02128115045475799,Cortical,0.04256230090951598
GTEx cortex,GTEx,Mural,270,0.10594007629989692,-0.031038853177428685,0.6116100782062298,Cortical,0.6116100782062298
GTEx cortex,GTEx,OPC,270,0.03822340426692262,-0.03357200195185988,0.5828409129568686,Cortical,0.6116100782062298
GTEx cortex,GTEx,Oligo,270,0.2487248639162395,-0.1193631175216617,0.05008392458950032,Cortical,0.08013427934320051
GTEx frontal_cortex_ba9,GTEx,Astro,269,0.4205898057627494,0.24586471576630228,4.572852009897081e-05,Cortical,0.00018291408039588323
GTEx frontal_cortex_ba9,GTEx,Excit,269,0.105392742378728,-0.23531803602305015,9.763911272437927e-05,Cortical,0.0002603709672650114
GTEx frontal_cortex_ba9,GTEx,Immune,269,0.049958014537546655,-0.07769341514210767,0.20399430450909575,Cortical,0.23313634801039515
GTEx frontal_cortex_ba9,GTEx,Inhib,269,0.019599297284822095,-0.29903756083119415,5.836794957104439e-07,Cortical,4.669435965683551e-06
GTEx frontal_cortex_ba9,GTEx,Micro,269,0.011723697260924386,-0.09173979618044815,0.13340620561047126,Cortical,0.17787494081396168
GTEx frontal_cortex_ba9,GTEx,Mural,269,0.102312753663027,-0.1504685272482307,0.013494088747366927,Cortical,0.021590541995787083
GTEx frontal_cortex_ba9,GTEx,OPC,269,0.03760766123615491,-0.1904637757657772,0.001700662092370606,Cortical,0.003401324184741212
GTEx frontal_cortex_ba9,GTEx,Oligo,269,0.2528160278760475,0.022813875991416693,0.7095344490459973,Cortical,0.7095344490459973
GTEx hippocampus,GTEx,Astro,255,0.5262099648965544,0.032197764890250585,0.6088163919641297,Limbic / striatal,0.7131191825023366
GTEx hippocampus,GTEx,Excit,255,0.04832832331420397,-0.14850508692737055,0.017646283409404,Limbic / striatal,0.047056755758410666
GTEx hippocampus,GTEx,Immune,255,0.00035317447238626356,-0.0308429016023353,0.6239792846895446,Limbic / striatal,0.7131191825023366
GTEx hippocampus,GTEx,Inhib,255,0.006638555870362361,-0.16659000863252002,0.007680241593169123,Limbic / striatal,0.030720966372676493
GTEx hippocampus,GTEx,Micro,255,0.015914028860821564,0.25418121241324837,4.014305192243275e-05,Limbic / striatal,0.000321144415379462
GTEx hippocampus,GTEx,Mural,255,0.0014334045522492124,0.11436873885071408,0.06825240199802694,Limbic / striatal,0.1365048039960539
GTEx hippocampus,GTEx,OPC,255,0.0028592026129705757,0.0786097066377706,0.21091044490924094,Limbic / striatal,0.3374567118547855
GTEx hippocampus,GTEx,Oligo,255,0.3982633454204517,-0.011200702965904988,0.8587326250082092,Limbic / striatal,0.8587326250082092
GTEx nucleus_accumbens_basal_ganglia,GTEx,Astro,285,0.3366813947929186,0.08957385734729023,0.1314089735163724,Limbic / striatal,0.34698724904056333
GTEx nucleus_accumbens_basal_ganglia,GTEx,D1-SPN,285,0.06534090200503503,-0.06770897863972876,0.2545599040715093,Limbic / striatal,0.40729584651441486
GTEx nucleus_accumbens_basal_ganglia,GTEx,D2-SPN,285,0.07128565139032579,-0.08084571926688919,0.17349362452028166,Limbic / striatal,0.34698724904056333
GTEx nucleus_accumbens_basal_ganglia,GTEx,Immune,285,0.009594201470417526,0.13790013689597436,0.019862866267990543,Limbic / striatal,0.07945146507196217
GTEx nucleus_accumbens_basal_ganglia,GTEx,Inhib,285,0.008651746393671068,-0.1832374840910485,0.0018954020684738278,Limbic / striatal,0.015163216547790622
GTEx nucleus_accumbens_basal_ganglia,GTEx,Micro,285,0.06923372414929967,0.003647906275625888,0.9511096997914911,Limbic / striatal,0.9511096997914911
GTEx nucleus_accumbens_basal_ganglia,GTEx,OPC,285,0.05007465245367337,-0.018111370813435664,0.7607954714148654,Limbic / striatal,0.9511096997914911
GTEx nucleus_accumbens_basal_ganglia,GTEx,Oligo,285,0.389137727344659,-0.009931924895084694,0.8674192865263651,Limbic / striatal,0.9511096997914911
GTEx putamen_basal_ganglia,GTEx,Astro,254,0.22010111263415572,0.09414542985695126,0.13456094710035713,Limbic / striatal,0.3210569265735638
GTEx putamen_basal_ganglia,GTEx,D1-SPN,254,0.007192238208474211,-0.10191469774459523,0.10513275729972656,Limbic / striatal,0.3210569265735638
GTEx putamen_basal_ganglia,GTEx,D2-SPN,254,0.043679689685657636,-0.04837163408346718,0.4427462992061665,Limbic / striatal,0.4561358823366989
GTEx putamen_basal_ganglia,GTEx,Immune,254,0.007853709384090133,0.19473211983748598,0.001820116486677884,Limbic / striatal,0.014560931893423073
GTEx putamen_basal_ganglia,GTEx,Inhib,254,0.00529622957013867,-0.04696540174671468,0.4561358823366989,Limbic / striatal,0.4561358823366989
GTEx putamen_basal_ganglia,GTEx,Micro,254,0.03323780855356944,-0.07001091406174241,0.2662880679483124,Limbic / striatal,0.42606090871729985
GTEx putamen_basal_ganglia,GTEx,OPC,254,0.029296967980952777,0.08831411916715395,0.1605284632867819,Limbic / striatal,0.3210569265735638
GTEx putamen_basal_ganglia,GTEx,Oligo,254,0.6533422439829614,-0.0619167176272054,0.32567330637155995,Limbic / striatal,0.4342310751620799
SCZD (caudate),BrainSEQ,Astro,390,0.18322119959086744,0.1531386569828801,0.0024258166825410522,Disease (SCZD),0.009703266730164209
SCZD (caudate),BrainSEQ,D1-SPN,390,0.03487963935090728,0.1030790605270961,0.041897524652987066,Disease (SCZD),0.08379504930597413
SCZD (caudate),BrainSEQ,D2-SPN,390,0.06254375221581424,-0.03929957327079928,0.4389827068581334,Disease (SCZD),0.501694522123581
SCZD (caudate),BrainSEQ,Immune,390,0.0049355865134406846,0.36664746177192215,7.459148474811318e-14,Disease (SCZD),5.967318779849055e-13
SCZD (caudate),BrainSEQ,Inhib,390,3.929420729274613e-05,-0.043243816233575746,0.3944060558433644,Disease (SCZD),0.501694522123581
SCZD (caudate),BrainSEQ,Micro,390,0.07914929431760585,-0.12712096363241082,0.011985164592862665,Disease (SCZD),0.03196043891430044
SCZD (caudate),BrainSEQ,OPC,390,0.02587967029016303,0.03088517528984959,0.5431074713565132,Disease (SCZD),0.5431074713565132
SCZD (caudate),BrainSEQ,Oligo,390,0.6093515635139086,-0.0831406617518141,0.10111630091609686,Disease (SCZD),0.16178608146575496
aging DLPFC,BrainSEQ,Astro,222,0.30018676472659694,0.25098425034934807,0.00015737094988274296,Cortical,0.00041965586635398124
aging DLPFC,BrainSEQ,Excit,222,0.1470585301293512,-0.2425695199645654,0.00026383573375634895,Cortical,0.0005276714675126979
aging DLPFC,BrainSEQ,Immune,222,0.026474128254889834,0.25188065236883894,0.00014878490430060662,Cortical,0.00041965586635398124
aging DLPFC,BrainSEQ,Inhib,222,0.039211741386819224,-0.14186108111635695,0.03464827303080079,Cortical,0.05543723684928127
aging DLPFC,BrainSEQ,Micro,222,0.036661248967882164,-0.34069666630442313,1.9489510076756621e-07,Cortical,1.5591608061405297e-06
aging DLPFC,BrainSEQ,Mural,222,0.07956618696239474,-0.08500665489794082,0.20705478262175142,Cortical,0.2760730434956686
aging DLPFC,BrainSEQ,OPC,222,0.027552050478483234,0.002597247334614874,0.9693052031187018,Cortical,0.9693052031187018
aging DLPFC,BrainSEQ,Oligo,222,0.3432893490935829,-0.019988275095448253,0.7671026117811661,Cortical,0.8766886991784756
aging caudate,BrainSEQ,Astro,238,0.17337444757455125,0.14288899718960615,0.027517276200954104,Limbic / striatal,0.0809456124631317
aging caudate,BrainSEQ,D1-SPN,238,0.030618565672161528,0.10861051242675693,0.09458575560081088,Limbic / striatal,0.18917151120162176
aging caudate,BrainSEQ,D2-SPN,238,0.057842331973218995,-0.057039979543927435,0.381002558785331,Limbic / striatal,0.435431495754664
aging caudate,BrainSEQ,Immune,238,0.004353147620034502,0.30283755966861065,1.9398598373152294e-06,Limbic / striatal,1.5518878698521835e-05
aging caudate,BrainSEQ,Inhib,238,3.831784072826414e-05,-0.003807183843472322,0.9534098180022643,Limbic / striatal,0.9534098180022643
aging caudate,BrainSEQ,Micro,238,0.08103856089991403,-0.140407284024194,0.030354604673674387,Limbic / striatal,0.0809456124631317
aging caudate,BrainSEQ,OPC,238,0.02465463515716719,0.08512863650437309,0.19061454155871205,Limbic / striatal,0.2998584895608832
aging caudate,BrainSEQ,Oligo,238,0.6280799932622242,-0.07895995923166638,0.2248938671706624,Limbic / striatal,0.2998584895608832
aging hippocampus,BrainSEQ,Astro,238,0.4645122277921832,0.09374248943856506,0.14937251350868427,Limbic / striatal,0.29874502701736855
aging hippocampus,BrainSEQ,Excit,238,0.13223255844414306,-0.12537096610533707,0.05341210456300421,Limbic / striatal,0.21364841825201683
aging hippocampus,BrainSEQ,Immune,238,0.0004947340886403807,0.049556650602687366,0.44667774412083905,Limbic / striatal,0.7146843905933424
aging hippocampus,BrainSEQ,Inhib,238,0.021104212973708913,-0.10358835085633225,0.11094486512662824,Limbic / striatal,0.29585297367100866
aging hippocampus,BrainSEQ,Micro,238,0.05820209752713002,-0.12759126075798027,0.049291485487065204,Limbic / striatal,0.21364841825201683
aging hippocampus,BrainSEQ,Mural,238,0.012666064292925138,0.028668970615280943,0.659904329219442,Limbic / striatal,0.8699754579803909
aging hippocampus,BrainSEQ,OPC,238,0.00023504914945620233,-0.010666279107596108,0.8699754579803909,Limbic / striatal,0.8699754579803909
aging hippocampus,BrainSEQ,Oligo,238,0.31055305573181313,0.011336385922258102,0.8618858397976626,Limbic / striatal,0.8699754579803909
