"Scenario","Method","Compute","N","Module recovery, mean (95% CI)","Switch detection, mean (95% CI)","Non-switching gene module rate (lower is better), mean (95% CI)","Runtime, s median"
"Idealized switching","IsoGraph Baseline","CPU",360,"0.074 [0.070, 0.077]","0.898 [0.881, 0.914]","0.297 [0.282, 0.311]","0.7"
"Idealized switching","IsoGraph Latent","CPU",360,"0.217 [0.183, 0.253]","0.217 [0.182, 0.253]","0.000 [0.000, 0.000]","5.7"
"Idealized switching","IsoGraph Graph","CPU",360,"0.300 [0.265, 0.336]","0.300 [0.265, 0.336]","0.000 [0.000, 0.000]","6.5"
"Idealized switching","IsoGraph VAE","CPU",360,"0.968 [0.961, 0.974]","1.000 [1.000, 1.000]","0.021 [0.018, 0.024]","4.1"
"Idealized switching","Spearman-Leiden","CPU",360,"0.632 [0.628, 0.637]","0.985 [0.982, 0.988]","0.089 [0.086, 0.092]","1.0"
"Idealized switching","WGCNA","CPU",360,"0.572 [0.557, 0.586]","0.980 [0.976, 0.984]","0.232 [0.192, 0.274]","3.4"
"Noise stress","IsoGraph Baseline","CPU",320,"0.057 [0.056, 0.057]","1.000 [1.000, 1.000]","0.419 [0.410, 0.428]","0.7"
"Noise stress","IsoGraph Latent","CPU",320,"0.113 [0.101, 0.126]","0.111 [0.099, 0.123]","0.000 [0.000, 0.000]","6.3"
"Noise stress","IsoGraph Graph","CPU",320,"0.500 [0.490, 0.511]","0.497 [0.487, 0.508]","0.000 [0.000, 0.000]","6.3"
"Noise stress","IsoGraph VAE","CPU",320,"0.974 [0.971, 0.977]","1.000 [1.000, 1.000]","0.020 [0.018, 0.022]","4.1"
"Noise stress","Spearman-Leiden","CPU",320,"0.636 [0.631, 0.641]","0.998 [0.998, 0.999]","0.092 [0.089, 0.094]","1.0"
"Noise stress","WGCNA","CPU",320,"0.629 [0.619, 0.638]","0.997 [0.997, 0.998]","0.046 [0.027, 0.067]","3.4"
"Feature interactions","IsoGraph Baseline","CPU",300,"0.052 [0.051, 0.053]","1.000 [1.000, 1.000]","0.489 [0.476, 0.503]","0.7"
"Feature interactions","IsoGraph Latent","CPU",300,"0.326 [0.312, 0.340]","0.437 [0.416, 0.457]","0.000 [0.000, 0.000]","6.2"
"Feature interactions","IsoGraph Graph","CPU",300,"0.482 [0.473, 0.491]","0.565 [0.553, 0.576]","0.000 [0.000, 0.000]","6.8"
"Feature interactions","IsoGraph VAE","CPU",300,"0.769 [0.739, 0.799]","0.999 [0.999, 0.999]","0.009 [0.008, 0.010]","5.3"
"Feature interactions","Spearman-Leiden","CPU",300,"0.449 [0.428, 0.469]","0.998 [0.998, 0.999]","0.089 [0.087, 0.092]","0.9"
"Feature interactions","WGCNA","CPU",300,"0.476 [0.456, 0.496]","0.990 [0.988, 0.992]","0.088 [0.058, 0.118]","3.1"
"Non-switching background","IsoGraph Baseline","CPU",80,"0.054 [0.047, 0.062]","0.990 [0.986, 0.994]","0.342 [0.325, 0.359]","0.7"
"Non-switching background","IsoGraph Latent","CPU",80,"0.312 [0.237, 0.393]","0.346 [0.269, 0.426]","0.000 [0.000, 0.000]","6.2"
"Non-switching background","IsoGraph Graph","CPU",80,"0.382 [0.314, 0.453]","0.420 [0.354, 0.487]","0.000 [0.000, 0.000]","6.9"
"Non-switching background","IsoGraph VAE","CPU",80,"0.841 [0.778, 0.898]","1.000 [1.000, 1.000]","0.109 [0.067, 0.157]","4.6"
"Non-switching background","Spearman-Leiden","CPU",80,"0.629 [0.609, 0.649]","0.905 [0.870, 0.937]","0.093 [0.088, 0.099]","0.9"
"Non-switching background","WGCNA","CPU",80,"0.535 [0.499, 0.570]","0.983 [0.976, 0.990]","0.342 [0.242, 0.442]","4.2"
"Unequal abundance","IsoGraph Baseline","CPU",80,"0.082 [0.071, 0.095]","0.766 [0.675, 0.848]","0.240 [0.201, 0.278]","0.6"
"Unequal abundance","IsoGraph Latent","CPU",80,"0.152 [0.131, 0.173]","0.148 [0.128, 0.170]","0.000 [0.000, 0.000]","5.8"
"Unequal abundance","IsoGraph Graph","CPU",80,"0.428 [0.395, 0.458]","0.425 [0.393, 0.456]","0.000 [0.000, 0.000]","5.7"
"Unequal abundance","IsoGraph VAE","CPU",80,"0.780 [0.707, 0.849]","1.000 [1.000, 1.000]","0.151 [0.107, 0.198]","4.0"
"Unequal abundance","Spearman-Leiden","CPU",80,"0.620 [0.611, 0.628]","0.998 [0.997, 0.999]","0.096 [0.091, 0.101]","0.9"
"Unequal abundance","WGCNA","CPU",80,"0.553 [0.524, 0.580]","0.994 [0.991, 0.997]","0.093 [0.050, 0.141]","4.0"
"Negative control","IsoGraph Baseline","CPU",40,"0.000 [0.000, 0.000]","0.000 [0.000, 0.000]","0.000 [0.000, 0.000]","1.4"
"Negative control","IsoGraph Latent","CPU",40,"0.000 [0.000, 0.000]","0.000 [0.000, 0.000]","0.000 [0.000, 0.000]","25.8"
"Negative control","IsoGraph Graph","CPU",40,"0.000 [0.000, 0.000]","0.000 [0.000, 0.000]","0.000 [0.000, 0.000]","21.0"
"Negative control","IsoGraph VAE","CPU",40,"0.054 [0.017, 0.100]","0.925 [0.825, 1.000]","0.790 [0.687, 0.884]","4.7"
"Negative control","Spearman-Leiden","CPU",40,"0.013 [0.000, 0.037]","0.025 [0.000, 0.075]","0.095 [0.089, 0.101]","1.0"
"Negative control","WGCNA","CPU",40,"0.405 [0.359, 0.446]","1.000 [1.000, 1.000]","1.000 [1.000, 1.000]","24.3"
"Abundance-switch mixed","IsoGraph Baseline","CPU",NA,"NA","NA","NA","NA"
"Abundance-switch mixed","IsoGraph Latent","CPU",NA,"NA","NA","NA","NA"
"Abundance-switch mixed","IsoGraph Graph","CPU",NA,"NA","NA","NA","NA"
"Abundance-switch mixed","IsoGraph VAE","CPU",400,"0.331 [0.311, 0.352]","0.964 [0.958, 0.970]","0.147 [0.123, 0.172]","4.3"
"Abundance-switch mixed","Spearman-Leiden","CPU",NA,"NA","NA","NA","NA"
"Abundance-switch mixed","WGCNA","CPU",400,"0.675 [0.653, 0.697]","0.962 [0.955, 0.970]","0.260 [0.232, 0.288]","3.9"
"Scale","IsoGraph Baseline","CPU",NA,"NA","NA","NA","NA"
"Scale","IsoGraph Latent","CPU",NA,"NA","NA","NA","NA"
"Scale","IsoGraph Graph","CPU",NA,"NA","NA","NA","NA"
"Scale","IsoGraph VAE","CPU",120,"0.820 [0.787, 0.853]","1.000 [1.000, 1.000]","0.006 [0.003, 0.009]","30.8"
"Scale","Spearman-Leiden","CPU",NA,"NA","NA","NA","NA"
"Scale","WGCNA","CPU",120,"0.640 [0.634, 0.645]","1.000 [1.000, 1.000]","0.008 [0.000, 0.023]","27.6"
"Scale (BrainSEQ 16k)","IsoGraph Baseline","CPU",NA,"NA","NA","NA","NA"
"Scale (BrainSEQ 16k)","IsoGraph Latent","CPU",NA,"NA","NA","NA","NA"
"Scale (BrainSEQ 16k)","IsoGraph Graph","CPU",NA,"NA","NA","NA","NA"
"Scale (BrainSEQ 16k)","IsoGraph VAE","CPU",30,"0.625 [0.622, 0.628]","1.000 [1.000, 1.000]","0.000 [0.000, 0.000]","226.3"
"Scale (BrainSEQ 16k)","Spearman-Leiden","CPU",NA,"NA","NA","NA","NA"
"Scale (BrainSEQ 16k)","WGCNA","CPU",30,"0.625 [0.622, 0.628]","1.000 [1.000, 1.000]","0.000 [0.000, 0.000]","383.5"
