analysis_a,analysis_b,cohort_a,cohort_b,n_donors_a,n_donors_b,n_shared_donors,frac_of_a_shared,jaccard
BrainSEQ caudate (aging),BrainSEQ caudate (aging),BrainSEQ,BrainSEQ,238,238,238,1.0,1.0
BrainSEQ caudate (aging),BrainSEQ caudate (SCZD),BrainSEQ,BrainSEQ,238,390,238,1.0,0.6102564102564103
BrainSEQ caudate (aging),BrainSEQ hippocampus,BrainSEQ,BrainSEQ,238,238,199,0.8361344537815126,0.7184115523465704
BrainSEQ caudate (aging),BrainSEQ DLPFC,BrainSEQ,BrainSEQ,238,222,173,0.726890756302521,0.6027874564459931
BrainSEQ caudate (aging),GTEx amygdala,BrainSEQ,GTEx,238,181,0,0.0,0.0
BrainSEQ caudate (aging),GTEx ACC BA24,BrainSEQ,GTEx,238,233,0,0.0,0.0
BrainSEQ caudate (aging),GTEx caudate,BrainSEQ,GTEx,238,300,0,0.0,0.0
BrainSEQ caudate (aging),GTEx cerebellar hem.,BrainSEQ,GTEx,238,277,0,0.0,0.0
BrainSEQ caudate (aging),GTEx cerebellum,BrainSEQ,GTEx,238,266,0,0.0,0.0
BrainSEQ caudate (aging),GTEx cortex,BrainSEQ,GTEx,238,270,0,0.0,0.0
BrainSEQ caudate (aging),GTEx frontal ctx BA9,BrainSEQ,GTEx,238,269,0,0.0,0.0
BrainSEQ caudate (aging),GTEx hippocampus,BrainSEQ,GTEx,238,255,0,0.0,0.0
BrainSEQ caudate (aging),GTEx hypothalamus,BrainSEQ,GTEx,238,257,0,0.0,0.0
BrainSEQ caudate (aging),GTEx n. accumbens,BrainSEQ,GTEx,238,285,0,0.0,0.0
BrainSEQ caudate (aging),GTEx putamen,BrainSEQ,GTEx,238,254,0,0.0,0.0
BrainSEQ caudate (aging),GTEx spinal cord C1,BrainSEQ,GTEx,238,204,0,0.0,0.0
BrainSEQ caudate (aging),GTEx substantia nigra,BrainSEQ,GTEx,238,183,0,0.0,0.0
BrainSEQ caudate (SCZD),BrainSEQ caudate (aging),BrainSEQ,BrainSEQ,390,238,238,0.6102564102564103,0.6102564102564103
BrainSEQ caudate (SCZD),BrainSEQ caudate (SCZD),BrainSEQ,BrainSEQ,390,390,390,1.0,1.0
BrainSEQ caudate (SCZD),BrainSEQ hippocampus,BrainSEQ,BrainSEQ,390,238,199,0.5102564102564102,0.46386946386946387
BrainSEQ caudate (SCZD),BrainSEQ DLPFC,BrainSEQ,BrainSEQ,390,222,173,0.44358974358974357,0.3940774487471526
BrainSEQ caudate (SCZD),GTEx amygdala,BrainSEQ,GTEx,390,181,0,0.0,0.0
BrainSEQ caudate (SCZD),GTEx ACC BA24,BrainSEQ,GTEx,390,233,0,0.0,0.0
BrainSEQ caudate (SCZD),GTEx caudate,BrainSEQ,GTEx,390,300,0,0.0,0.0
BrainSEQ caudate (SCZD),GTEx cerebellar hem.,BrainSEQ,GTEx,390,277,0,0.0,0.0
BrainSEQ caudate (SCZD),GTEx cerebellum,BrainSEQ,GTEx,390,266,0,0.0,0.0
BrainSEQ caudate (SCZD),GTEx cortex,BrainSEQ,GTEx,390,270,0,0.0,0.0
BrainSEQ caudate (SCZD),GTEx frontal ctx BA9,BrainSEQ,GTEx,390,269,0,0.0,0.0
BrainSEQ caudate (SCZD),GTEx hippocampus,BrainSEQ,GTEx,390,255,0,0.0,0.0
BrainSEQ caudate (SCZD),GTEx hypothalamus,BrainSEQ,GTEx,390,257,0,0.0,0.0
BrainSEQ caudate (SCZD),GTEx n. accumbens,BrainSEQ,GTEx,390,285,0,0.0,0.0
BrainSEQ caudate (SCZD),GTEx putamen,BrainSEQ,GTEx,390,254,0,0.0,0.0
BrainSEQ caudate (SCZD),GTEx spinal cord C1,BrainSEQ,GTEx,390,204,0,0.0,0.0
BrainSEQ caudate (SCZD),GTEx substantia nigra,BrainSEQ,GTEx,390,183,0,0.0,0.0
BrainSEQ hippocampus,BrainSEQ caudate (aging),BrainSEQ,BrainSEQ,238,238,199,0.8361344537815126,0.7184115523465704
BrainSEQ hippocampus,BrainSEQ caudate (SCZD),BrainSEQ,BrainSEQ,238,390,199,0.8361344537815126,0.46386946386946387
BrainSEQ hippocampus,BrainSEQ hippocampus,BrainSEQ,BrainSEQ,238,238,238,1.0,1.0
BrainSEQ hippocampus,BrainSEQ DLPFC,BrainSEQ,BrainSEQ,238,222,188,0.7899159663865546,0.6911764705882353
BrainSEQ hippocampus,GTEx amygdala,BrainSEQ,GTEx,238,181,0,0.0,0.0
BrainSEQ hippocampus,GTEx ACC BA24,BrainSEQ,GTEx,238,233,0,0.0,0.0
BrainSEQ hippocampus,GTEx caudate,BrainSEQ,GTEx,238,300,0,0.0,0.0
BrainSEQ hippocampus,GTEx cerebellar hem.,BrainSEQ,GTEx,238,277,0,0.0,0.0
BrainSEQ hippocampus,GTEx cerebellum,BrainSEQ,GTEx,238,266,0,0.0,0.0
BrainSEQ hippocampus,GTEx cortex,BrainSEQ,GTEx,238,270,0,0.0,0.0
BrainSEQ hippocampus,GTEx frontal ctx BA9,BrainSEQ,GTEx,238,269,0,0.0,0.0
BrainSEQ hippocampus,GTEx hippocampus,BrainSEQ,GTEx,238,255,0,0.0,0.0
BrainSEQ hippocampus,GTEx hypothalamus,BrainSEQ,GTEx,238,257,0,0.0,0.0
BrainSEQ hippocampus,GTEx n. accumbens,BrainSEQ,GTEx,238,285,0,0.0,0.0
BrainSEQ hippocampus,GTEx putamen,BrainSEQ,GTEx,238,254,0,0.0,0.0
BrainSEQ hippocampus,GTEx spinal cord C1,BrainSEQ,GTEx,238,204,0,0.0,0.0
BrainSEQ hippocampus,GTEx substantia nigra,BrainSEQ,GTEx,238,183,0,0.0,0.0
BrainSEQ DLPFC,BrainSEQ caudate (aging),BrainSEQ,BrainSEQ,222,238,173,0.7792792792792793,0.6027874564459931
BrainSEQ DLPFC,BrainSEQ caudate (SCZD),BrainSEQ,BrainSEQ,222,390,173,0.7792792792792793,0.3940774487471526
BrainSEQ DLPFC,BrainSEQ hippocampus,BrainSEQ,BrainSEQ,222,238,188,0.8468468468468469,0.6911764705882353
BrainSEQ DLPFC,BrainSEQ DLPFC,BrainSEQ,BrainSEQ,222,222,222,1.0,1.0
BrainSEQ DLPFC,GTEx amygdala,BrainSEQ,GTEx,222,181,0,0.0,0.0
BrainSEQ DLPFC,GTEx ACC BA24,BrainSEQ,GTEx,222,233,0,0.0,0.0
BrainSEQ DLPFC,GTEx caudate,BrainSEQ,GTEx,222,300,0,0.0,0.0
BrainSEQ DLPFC,GTEx cerebellar hem.,BrainSEQ,GTEx,222,277,0,0.0,0.0
BrainSEQ DLPFC,GTEx cerebellum,BrainSEQ,GTEx,222,266,0,0.0,0.0
BrainSEQ DLPFC,GTEx cortex,BrainSEQ,GTEx,222,270,0,0.0,0.0
BrainSEQ DLPFC,GTEx frontal ctx BA9,BrainSEQ,GTEx,222,269,0,0.0,0.0
BrainSEQ DLPFC,GTEx hippocampus,BrainSEQ,GTEx,222,255,0,0.0,0.0
BrainSEQ DLPFC,GTEx hypothalamus,BrainSEQ,GTEx,222,257,0,0.0,0.0
BrainSEQ DLPFC,GTEx n. accumbens,BrainSEQ,GTEx,222,285,0,0.0,0.0
BrainSEQ DLPFC,GTEx putamen,BrainSEQ,GTEx,222,254,0,0.0,0.0
BrainSEQ DLPFC,GTEx spinal cord C1,BrainSEQ,GTEx,222,204,0,0.0,0.0
BrainSEQ DLPFC,GTEx substantia nigra,BrainSEQ,GTEx,222,183,0,0.0,0.0
GTEx amygdala,BrainSEQ caudate (aging),GTEx,BrainSEQ,181,238,0,0.0,0.0
GTEx amygdala,BrainSEQ caudate (SCZD),GTEx,BrainSEQ,181,390,0,0.0,0.0
GTEx amygdala,BrainSEQ hippocampus,GTEx,BrainSEQ,181,238,0,0.0,0.0
GTEx amygdala,BrainSEQ DLPFC,GTEx,BrainSEQ,181,222,0,0.0,0.0
GTEx amygdala,GTEx amygdala,GTEx,GTEx,181,181,181,1.0,1.0
GTEx amygdala,GTEx ACC BA24,GTEx,GTEx,181,233,142,0.7845303867403315,0.5220588235294118
GTEx amygdala,GTEx caudate,GTEx,GTEx,181,300,161,0.8895027624309392,0.503125
GTEx amygdala,GTEx cerebellar hem.,GTEx,GTEx,181,277,154,0.850828729281768,0.506578947368421
GTEx amygdala,GTEx cerebellum,GTEx,GTEx,181,266,148,0.8176795580110497,0.49498327759197325
GTEx amygdala,GTEx cortex,GTEx,GTEx,181,270,134,0.7403314917127072,0.4227129337539432
GTEx amygdala,GTEx frontal ctx BA9,GTEx,GTEx,181,269,153,0.8453038674033149,0.5151515151515151
GTEx amygdala,GTEx hippocampus,GTEx,GTEx,181,255,147,0.8121546961325967,0.5086505190311419
GTEx amygdala,GTEx hypothalamus,GTEx,GTEx,181,257,147,0.8121546961325967,0.5051546391752577
GTEx amygdala,GTEx n. accumbens,GTEx,GTEx,181,285,163,0.9005524861878453,0.5379537953795379
GTEx amygdala,GTEx putamen,GTEx,GTEx,181,254,147,0.8121546961325967,0.5104166666666666
GTEx amygdala,GTEx spinal cord C1,GTEx,GTEx,181,204,101,0.5580110497237569,0.35563380281690143
GTEx amygdala,GTEx substantia nigra,GTEx,GTEx,181,183,112,0.6187845303867403,0.4444444444444444
GTEx ACC BA24,BrainSEQ caudate (aging),GTEx,BrainSEQ,233,238,0,0.0,0.0
GTEx ACC BA24,BrainSEQ caudate (SCZD),GTEx,BrainSEQ,233,390,0,0.0,0.0
GTEx ACC BA24,BrainSEQ hippocampus,GTEx,BrainSEQ,233,238,0,0.0,0.0
GTEx ACC BA24,BrainSEQ DLPFC,GTEx,BrainSEQ,233,222,0,0.0,0.0
GTEx ACC BA24,GTEx amygdala,GTEx,GTEx,233,181,142,0.6094420600858369,0.5220588235294118
GTEx ACC BA24,GTEx ACC BA24,GTEx,GTEx,233,233,233,1.0,1.0
GTEx ACC BA24,GTEx caudate,GTEx,GTEx,233,300,209,0.8969957081545065,0.6450617283950617
GTEx ACC BA24,GTEx cerebellar hem.,GTEx,GTEx,233,277,191,0.8197424892703863,0.5987460815047022
GTEx ACC BA24,GTEx cerebellum,GTEx,GTEx,233,266,174,0.7467811158798283,0.5353846153846153
GTEx ACC BA24,GTEx cortex,GTEx,GTEx,233,270,173,0.7424892703862661,0.5242424242424243
GTEx ACC BA24,GTEx frontal ctx BA9,GTEx,GTEx,233,269,185,0.7939914163090128,0.583596214511041
GTEx ACC BA24,GTEx hippocampus,GTEx,GTEx,233,255,177,0.759656652360515,0.5691318327974276
GTEx ACC BA24,GTEx hypothalamus,GTEx,GTEx,233,257,178,0.7639484978540773,0.5705128205128205
GTEx ACC BA24,GTEx n. accumbens,GTEx,GTEx,233,285,194,0.8326180257510729,0.5987654320987654
GTEx ACC BA24,GTEx putamen,GTEx,GTEx,233,254,184,0.7896995708154506,0.6072607260726073
GTEx ACC BA24,GTEx spinal cord C1,GTEx,GTEx,233,204,128,0.5493562231759657,0.41423948220064727
GTEx ACC BA24,GTEx substantia nigra,GTEx,GTEx,233,183,130,0.5579399141630901,0.45454545454545453
GTEx caudate,BrainSEQ caudate (aging),GTEx,BrainSEQ,300,238,0,0.0,0.0
GTEx caudate,BrainSEQ caudate (SCZD),GTEx,BrainSEQ,300,390,0,0.0,0.0
GTEx caudate,BrainSEQ hippocampus,GTEx,BrainSEQ,300,238,0,0.0,0.0
GTEx caudate,BrainSEQ DLPFC,GTEx,BrainSEQ,300,222,0,0.0,0.0
GTEx caudate,GTEx amygdala,GTEx,GTEx,300,181,161,0.5366666666666666,0.503125
GTEx caudate,GTEx ACC BA24,GTEx,GTEx,300,233,209,0.6966666666666667,0.6450617283950617
GTEx caudate,GTEx caudate,GTEx,GTEx,300,300,300,1.0,1.0
GTEx caudate,GTEx cerebellar hem.,GTEx,GTEx,300,277,238,0.7933333333333333,0.7020648967551623
GTEx caudate,GTEx cerebellum,GTEx,GTEx,300,266,217,0.7233333333333334,0.6217765042979942
GTEx caudate,GTEx cortex,GTEx,GTEx,300,270,222,0.74,0.6379310344827587
GTEx caudate,GTEx frontal ctx BA9,GTEx,GTEx,300,269,232,0.7733333333333333,0.6884272997032641
GTEx caudate,GTEx hippocampus,GTEx,GTEx,300,255,217,0.7233333333333334,0.6420118343195266
GTEx caudate,GTEx hypothalamus,GTEx,GTEx,300,257,225,0.75,0.677710843373494
GTEx caudate,GTEx n. accumbens,GTEx,GTEx,300,285,249,0.83,0.7410714285714286
GTEx caudate,GTEx putamen,GTEx,GTEx,300,254,233,0.7766666666666666,0.7258566978193146
GTEx caudate,GTEx spinal cord C1,GTEx,GTEx,300,204,158,0.5266666666666666,0.45664739884393063
GTEx caudate,GTEx substantia nigra,GTEx,GTEx,300,183,163,0.5433333333333333,0.509375
GTEx cerebellar hem.,BrainSEQ caudate (aging),GTEx,BrainSEQ,277,238,0,0.0,0.0
GTEx cerebellar hem.,BrainSEQ caudate (SCZD),GTEx,BrainSEQ,277,390,0,0.0,0.0
GTEx cerebellar hem.,BrainSEQ hippocampus,GTEx,BrainSEQ,277,238,0,0.0,0.0
GTEx cerebellar hem.,BrainSEQ DLPFC,GTEx,BrainSEQ,277,222,0,0.0,0.0
GTEx cerebellar hem.,GTEx amygdala,GTEx,GTEx,277,181,154,0.555956678700361,0.506578947368421
GTEx cerebellar hem.,GTEx ACC BA24,GTEx,GTEx,277,233,191,0.6895306859205776,0.5987460815047022
GTEx cerebellar hem.,GTEx caudate,GTEx,GTEx,277,300,238,0.8592057761732852,0.7020648967551623
GTEx cerebellar hem.,GTEx cerebellar hem.,GTEx,GTEx,277,277,277,1.0,1.0
GTEx cerebellar hem.,GTEx cerebellum,GTEx,GTEx,277,266,222,0.8014440433212996,0.6915887850467289
GTEx cerebellar hem.,GTEx cortex,GTEx,GTEx,277,270,206,0.7436823104693141,0.6041055718475073
GTEx cerebellar hem.,GTEx frontal ctx BA9,GTEx,GTEx,277,269,215,0.776173285198556,0.649546827794562
GTEx cerebellar hem.,GTEx hippocampus,GTEx,GTEx,277,255,207,0.7472924187725631,0.6369230769230769
GTEx cerebellar hem.,GTEx hypothalamus,GTEx,GTEx,277,257,207,0.7472924187725631,0.6330275229357798
GTEx cerebellar hem.,GTEx n. accumbens,GTEx,GTEx,277,285,228,0.8231046931407943,0.6826347305389222
GTEx cerebellar hem.,GTEx putamen,GTEx,GTEx,277,254,209,0.7545126353790613,0.6490683229813664
GTEx cerebellar hem.,GTEx spinal cord C1,GTEx,GTEx,277,204,152,0.5487364620938628,0.46200607902735563
GTEx cerebellar hem.,GTEx substantia nigra,GTEx,GTEx,277,183,152,0.5487364620938628,0.4935064935064935
GTEx cerebellum,BrainSEQ caudate (aging),GTEx,BrainSEQ,266,238,0,0.0,0.0
GTEx cerebellum,BrainSEQ caudate (SCZD),GTEx,BrainSEQ,266,390,0,0.0,0.0
GTEx cerebellum,BrainSEQ hippocampus,GTEx,BrainSEQ,266,238,0,0.0,0.0
GTEx cerebellum,BrainSEQ DLPFC,GTEx,BrainSEQ,266,222,0,0.0,0.0
GTEx cerebellum,GTEx amygdala,GTEx,GTEx,266,181,148,0.556390977443609,0.49498327759197325
GTEx cerebellum,GTEx ACC BA24,GTEx,GTEx,266,233,174,0.6541353383458647,0.5353846153846153
GTEx cerebellum,GTEx caudate,GTEx,GTEx,266,300,217,0.8157894736842105,0.6217765042979942
GTEx cerebellum,GTEx cerebellar hem.,GTEx,GTEx,266,277,222,0.8345864661654135,0.6915887850467289
GTEx cerebellum,GTEx cerebellum,GTEx,GTEx,266,266,266,1.0,1.0
GTEx cerebellum,GTEx cortex,GTEx,GTEx,266,270,203,0.7631578947368421,0.6096096096096096
GTEx cerebellum,GTEx frontal ctx BA9,GTEx,GTEx,266,269,202,0.7593984962406015,0.6066066066066066
GTEx cerebellum,GTEx hippocampus,GTEx,GTEx,266,255,201,0.7556390977443609,0.628125
GTEx cerebellum,GTEx hypothalamus,GTEx,GTEx,266,257,198,0.7443609022556391,0.6092307692307692
GTEx cerebellum,GTEx n. accumbens,GTEx,GTEx,266,285,219,0.8233082706766918,0.6596385542168675
GTEx cerebellum,GTEx putamen,GTEx,GTEx,266,254,205,0.7706766917293233,0.6507936507936508
GTEx cerebellum,GTEx spinal cord C1,GTEx,GTEx,266,204,144,0.5413533834586466,0.44171779141104295
GTEx cerebellum,GTEx substantia nigra,GTEx,GTEx,266,183,142,0.5338345864661654,0.46254071661237783
GTEx cortex,BrainSEQ caudate (aging),GTEx,BrainSEQ,270,238,0,0.0,0.0
GTEx cortex,BrainSEQ caudate (SCZD),GTEx,BrainSEQ,270,390,0,0.0,0.0
GTEx cortex,BrainSEQ hippocampus,GTEx,BrainSEQ,270,238,0,0.0,0.0
GTEx cortex,BrainSEQ DLPFC,GTEx,BrainSEQ,270,222,0,0.0,0.0
GTEx cortex,GTEx amygdala,GTEx,GTEx,270,181,134,0.4962962962962963,0.4227129337539432
GTEx cortex,GTEx ACC BA24,GTEx,GTEx,270,233,173,0.6407407407407407,0.5242424242424243
GTEx cortex,GTEx caudate,GTEx,GTEx,270,300,222,0.8222222222222222,0.6379310344827587
GTEx cortex,GTEx cerebellar hem.,GTEx,GTEx,270,277,206,0.762962962962963,0.6041055718475073
GTEx cortex,GTEx cerebellum,GTEx,GTEx,270,266,203,0.7518518518518519,0.6096096096096096
GTEx cortex,GTEx cortex,GTEx,GTEx,270,270,270,1.0,1.0
GTEx cortex,GTEx frontal ctx BA9,GTEx,GTEx,270,269,194,0.7185185185185186,0.5623188405797102
GTEx cortex,GTEx hippocampus,GTEx,GTEx,270,255,183,0.6777777777777778,0.5350877192982456
GTEx cortex,GTEx hypothalamus,GTEx,GTEx,270,257,186,0.6888888888888889,0.5454545454545454
GTEx cortex,GTEx n. accumbens,GTEx,GTEx,270,285,218,0.8074074074074075,0.6468842729970327
GTEx cortex,GTEx putamen,GTEx,GTEx,270,254,197,0.7296296296296296,0.6024464831804281
GTEx cortex,GTEx spinal cord C1,GTEx,GTEx,270,204,137,0.5074074074074074,0.4065281899109792
GTEx cortex,GTEx substantia nigra,GTEx,GTEx,270,183,136,0.5037037037037037,0.42902208201892744
GTEx frontal ctx BA9,BrainSEQ caudate (aging),GTEx,BrainSEQ,269,238,0,0.0,0.0
GTEx frontal ctx BA9,BrainSEQ caudate (SCZD),GTEx,BrainSEQ,269,390,0,0.0,0.0
GTEx frontal ctx BA9,BrainSEQ hippocampus,GTEx,BrainSEQ,269,238,0,0.0,0.0
GTEx frontal ctx BA9,BrainSEQ DLPFC,GTEx,BrainSEQ,269,222,0,0.0,0.0
GTEx frontal ctx BA9,GTEx amygdala,GTEx,GTEx,269,181,153,0.5687732342007435,0.5151515151515151
GTEx frontal ctx BA9,GTEx ACC BA24,GTEx,GTEx,269,233,185,0.6877323420074349,0.583596214511041
GTEx frontal ctx BA9,GTEx caudate,GTEx,GTEx,269,300,232,0.862453531598513,0.6884272997032641
GTEx frontal ctx BA9,GTEx cerebellar hem.,GTEx,GTEx,269,277,215,0.7992565055762082,0.649546827794562
GTEx frontal ctx BA9,GTEx cerebellum,GTEx,GTEx,269,266,202,0.7509293680297398,0.6066066066066066
GTEx frontal ctx BA9,GTEx cortex,GTEx,GTEx,269,270,194,0.7211895910780669,0.5623188405797102
GTEx frontal ctx BA9,GTEx frontal ctx BA9,GTEx,GTEx,269,269,269,1.0,1.0
GTEx frontal ctx BA9,GTEx hippocampus,GTEx,GTEx,269,255,202,0.7509293680297398,0.6273291925465838
GTEx frontal ctx BA9,GTEx hypothalamus,GTEx,GTEx,269,257,210,0.7806691449814126,0.6645569620253164
GTEx frontal ctx BA9,GTEx n. accumbens,GTEx,GTEx,269,285,226,0.8401486988847584,0.6890243902439024
GTEx frontal ctx BA9,GTEx putamen,GTEx,GTEx,269,254,210,0.7806691449814126,0.670926517571885
GTEx frontal ctx BA9,GTEx spinal cord C1,GTEx,GTEx,269,204,145,0.5390334572490706,0.4420731707317073
GTEx frontal ctx BA9,GTEx substantia nigra,GTEx,GTEx,269,183,146,0.5427509293680297,0.477124183006536
GTEx hippocampus,BrainSEQ caudate (aging),GTEx,BrainSEQ,255,238,0,0.0,0.0
GTEx hippocampus,BrainSEQ caudate (SCZD),GTEx,BrainSEQ,255,390,0,0.0,0.0
GTEx hippocampus,BrainSEQ hippocampus,GTEx,BrainSEQ,255,238,0,0.0,0.0
GTEx hippocampus,BrainSEQ DLPFC,GTEx,BrainSEQ,255,222,0,0.0,0.0
GTEx hippocampus,GTEx amygdala,GTEx,GTEx,255,181,147,0.5764705882352941,0.5086505190311419
GTEx hippocampus,GTEx ACC BA24,GTEx,GTEx,255,233,177,0.6941176470588235,0.5691318327974276
GTEx hippocampus,GTEx caudate,GTEx,GTEx,255,300,217,0.8509803921568627,0.6420118343195266
GTEx hippocampus,GTEx cerebellar hem.,GTEx,GTEx,255,277,207,0.8117647058823529,0.6369230769230769
GTEx hippocampus,GTEx cerebellum,GTEx,GTEx,255,266,201,0.788235294117647,0.628125
GTEx hippocampus,GTEx cortex,GTEx,GTEx,255,270,183,0.7176470588235294,0.5350877192982456
GTEx hippocampus,GTEx frontal ctx BA9,GTEx,GTEx,255,269,202,0.792156862745098,0.6273291925465838
GTEx hippocampus,GTEx hippocampus,GTEx,GTEx,255,255,255,1.0,1.0
GTEx hippocampus,GTEx hypothalamus,GTEx,GTEx,255,257,198,0.7764705882352941,0.6305732484076433
GTEx hippocampus,GTEx n. accumbens,GTEx,GTEx,255,285,210,0.8235294117647058,0.6363636363636364
GTEx hippocampus,GTEx putamen,GTEx,GTEx,255,254,196,0.7686274509803922,0.6261980830670927
GTEx hippocampus,GTEx spinal cord C1,GTEx,GTEx,255,204,140,0.5490196078431373,0.438871473354232
GTEx hippocampus,GTEx substantia nigra,GTEx,GTEx,255,183,143,0.5607843137254902,0.4847457627118644
GTEx hypothalamus,BrainSEQ caudate (aging),GTEx,BrainSEQ,257,238,0,0.0,0.0
GTEx hypothalamus,BrainSEQ caudate (SCZD),GTEx,BrainSEQ,257,390,0,0.0,0.0
GTEx hypothalamus,BrainSEQ hippocampus,GTEx,BrainSEQ,257,238,0,0.0,0.0
GTEx hypothalamus,BrainSEQ DLPFC,GTEx,BrainSEQ,257,222,0,0.0,0.0
GTEx hypothalamus,GTEx amygdala,GTEx,GTEx,257,181,147,0.5719844357976653,0.5051546391752577
GTEx hypothalamus,GTEx ACC BA24,GTEx,GTEx,257,233,178,0.6926070038910506,0.5705128205128205
GTEx hypothalamus,GTEx caudate,GTEx,GTEx,257,300,225,0.8754863813229572,0.677710843373494
GTEx hypothalamus,GTEx cerebellar hem.,GTEx,GTEx,257,277,207,0.8054474708171206,0.6330275229357798
GTEx hypothalamus,GTEx cerebellum,GTEx,GTEx,257,266,198,0.7704280155642024,0.6092307692307692
GTEx hypothalamus,GTEx cortex,GTEx,GTEx,257,270,186,0.7237354085603113,0.5454545454545454
GTEx hypothalamus,GTEx frontal ctx BA9,GTEx,GTEx,257,269,210,0.8171206225680934,0.6645569620253164
GTEx hypothalamus,GTEx hippocampus,GTEx,GTEx,257,255,198,0.7704280155642024,0.6305732484076433
GTEx hypothalamus,GTEx hypothalamus,GTEx,GTEx,257,257,257,1.0,1.0
GTEx hypothalamus,GTEx n. accumbens,GTEx,GTEx,257,285,214,0.8326848249027238,0.6524390243902439
GTEx hypothalamus,GTEx putamen,GTEx,GTEx,257,254,196,0.7626459143968871,0.6222222222222222
GTEx hypothalamus,GTEx spinal cord C1,GTEx,GTEx,257,204,142,0.5525291828793775,0.445141065830721
GTEx hypothalamus,GTEx substantia nigra,GTEx,GTEx,257,183,144,0.5603112840466926,0.4864864864864865
GTEx n. accumbens,BrainSEQ caudate (aging),GTEx,BrainSEQ,285,238,0,0.0,0.0
GTEx n. accumbens,BrainSEQ caudate (SCZD),GTEx,BrainSEQ,285,390,0,0.0,0.0
GTEx n. accumbens,BrainSEQ hippocampus,GTEx,BrainSEQ,285,238,0,0.0,0.0
GTEx n. accumbens,BrainSEQ DLPFC,GTEx,BrainSEQ,285,222,0,0.0,0.0
GTEx n. accumbens,GTEx amygdala,GTEx,GTEx,285,181,163,0.5719298245614035,0.5379537953795379
GTEx n. accumbens,GTEx ACC BA24,GTEx,GTEx,285,233,194,0.6807017543859649,0.5987654320987654
GTEx n. accumbens,GTEx caudate,GTEx,GTEx,285,300,249,0.8736842105263158,0.7410714285714286
GTEx n. accumbens,GTEx cerebellar hem.,GTEx,GTEx,285,277,228,0.8,0.6826347305389222
GTEx n. accumbens,GTEx cerebellum,GTEx,GTEx,285,266,219,0.7684210526315789,0.6596385542168675
GTEx n. accumbens,GTEx cortex,GTEx,GTEx,285,270,218,0.7649122807017544,0.6468842729970327
GTEx n. accumbens,GTEx frontal ctx BA9,GTEx,GTEx,285,269,226,0.7929824561403509,0.6890243902439024
GTEx n. accumbens,GTEx hippocampus,GTEx,GTEx,285,255,210,0.7368421052631579,0.6363636363636364
GTEx n. accumbens,GTEx hypothalamus,GTEx,GTEx,285,257,214,0.7508771929824561,0.6524390243902439
GTEx n. accumbens,GTEx n. accumbens,GTEx,GTEx,285,285,285,1.0,1.0
GTEx n. accumbens,GTEx putamen,GTEx,GTEx,285,254,224,0.7859649122807018,0.7111111111111111
GTEx n. accumbens,GTEx spinal cord C1,GTEx,GTEx,285,204,147,0.5157894736842106,0.4298245614035088
GTEx n. accumbens,GTEx substantia nigra,GTEx,GTEx,285,183,156,0.5473684210526316,0.5
GTEx putamen,BrainSEQ caudate (aging),GTEx,BrainSEQ,254,238,0,0.0,0.0
GTEx putamen,BrainSEQ caudate (SCZD),GTEx,BrainSEQ,254,390,0,0.0,0.0
GTEx putamen,BrainSEQ hippocampus,GTEx,BrainSEQ,254,238,0,0.0,0.0
GTEx putamen,BrainSEQ DLPFC,GTEx,BrainSEQ,254,222,0,0.0,0.0
GTEx putamen,GTEx amygdala,GTEx,GTEx,254,181,147,0.5787401574803149,0.5104166666666666
GTEx putamen,GTEx ACC BA24,GTEx,GTEx,254,233,184,0.7244094488188977,0.6072607260726073
GTEx putamen,GTEx caudate,GTEx,GTEx,254,300,233,0.9173228346456693,0.7258566978193146
GTEx putamen,GTEx cerebellar hem.,GTEx,GTEx,254,277,209,0.8228346456692913,0.6490683229813664
GTEx putamen,GTEx cerebellum,GTEx,GTEx,254,266,205,0.8070866141732284,0.6507936507936508
GTEx putamen,GTEx cortex,GTEx,GTEx,254,270,197,0.7755905511811023,0.6024464831804281
GTEx putamen,GTEx frontal ctx BA9,GTEx,GTEx,254,269,210,0.8267716535433071,0.670926517571885
GTEx putamen,GTEx hippocampus,GTEx,GTEx,254,255,196,0.7716535433070866,0.6261980830670927
GTEx putamen,GTEx hypothalamus,GTEx,GTEx,254,257,196,0.7716535433070866,0.6222222222222222
GTEx putamen,GTEx n. accumbens,GTEx,GTEx,254,285,224,0.8818897637795275,0.7111111111111111
GTEx putamen,GTEx putamen,GTEx,GTEx,254,254,254,1.0,1.0
GTEx putamen,GTEx spinal cord C1,GTEx,GTEx,254,204,137,0.5393700787401575,0.42679127725856697
GTEx putamen,GTEx substantia nigra,GTEx,GTEx,254,183,144,0.5669291338582677,0.49146757679180886
GTEx spinal cord C1,BrainSEQ caudate (aging),GTEx,BrainSEQ,204,238,0,0.0,0.0
GTEx spinal cord C1,BrainSEQ caudate (SCZD),GTEx,BrainSEQ,204,390,0,0.0,0.0
GTEx spinal cord C1,BrainSEQ hippocampus,GTEx,BrainSEQ,204,238,0,0.0,0.0
GTEx spinal cord C1,BrainSEQ DLPFC,GTEx,BrainSEQ,204,222,0,0.0,0.0
GTEx spinal cord C1,GTEx amygdala,GTEx,GTEx,204,181,101,0.4950980392156863,0.35563380281690143
GTEx spinal cord C1,GTEx ACC BA24,GTEx,GTEx,204,233,128,0.6274509803921569,0.41423948220064727
GTEx spinal cord C1,GTEx caudate,GTEx,GTEx,204,300,158,0.7745098039215687,0.45664739884393063
GTEx spinal cord C1,GTEx cerebellar hem.,GTEx,GTEx,204,277,152,0.7450980392156863,0.46200607902735563
GTEx spinal cord C1,GTEx cerebellum,GTEx,GTEx,204,266,144,0.7058823529411765,0.44171779141104295
GTEx spinal cord C1,GTEx cortex,GTEx,GTEx,204,270,137,0.6715686274509803,0.4065281899109792
GTEx spinal cord C1,GTEx frontal ctx BA9,GTEx,GTEx,204,269,145,0.7107843137254902,0.4420731707317073
GTEx spinal cord C1,GTEx hippocampus,GTEx,GTEx,204,255,140,0.6862745098039216,0.438871473354232
GTEx spinal cord C1,GTEx hypothalamus,GTEx,GTEx,204,257,142,0.696078431372549,0.445141065830721
GTEx spinal cord C1,GTEx n. accumbens,GTEx,GTEx,204,285,147,0.7205882352941176,0.4298245614035088
GTEx spinal cord C1,GTEx putamen,GTEx,GTEx,204,254,137,0.6715686274509803,0.42679127725856697
GTEx spinal cord C1,GTEx spinal cord C1,GTEx,GTEx,204,204,204,1.0,1.0
GTEx spinal cord C1,GTEx substantia nigra,GTEx,GTEx,204,183,110,0.5392156862745098,0.3971119133574007
GTEx substantia nigra,BrainSEQ caudate (aging),GTEx,BrainSEQ,183,238,0,0.0,0.0
GTEx substantia nigra,BrainSEQ caudate (SCZD),GTEx,BrainSEQ,183,390,0,0.0,0.0
GTEx substantia nigra,BrainSEQ hippocampus,GTEx,BrainSEQ,183,238,0,0.0,0.0
GTEx substantia nigra,BrainSEQ DLPFC,GTEx,BrainSEQ,183,222,0,0.0,0.0
GTEx substantia nigra,GTEx amygdala,GTEx,GTEx,183,181,112,0.6120218579234973,0.4444444444444444
GTEx substantia nigra,GTEx ACC BA24,GTEx,GTEx,183,233,130,0.7103825136612022,0.45454545454545453
GTEx substantia nigra,GTEx caudate,GTEx,GTEx,183,300,163,0.8907103825136612,0.509375
GTEx substantia nigra,GTEx cerebellar hem.,GTEx,GTEx,183,277,152,0.8306010928961749,0.4935064935064935
GTEx substantia nigra,GTEx cerebellum,GTEx,GTEx,183,266,142,0.7759562841530054,0.46254071661237783
GTEx substantia nigra,GTEx cortex,GTEx,GTEx,183,270,136,0.7431693989071039,0.42902208201892744
GTEx substantia nigra,GTEx frontal ctx BA9,GTEx,GTEx,183,269,146,0.7978142076502732,0.477124183006536
GTEx substantia nigra,GTEx hippocampus,GTEx,GTEx,183,255,143,0.7814207650273224,0.4847457627118644
GTEx substantia nigra,GTEx hypothalamus,GTEx,GTEx,183,257,144,0.7868852459016393,0.4864864864864865
GTEx substantia nigra,GTEx n. accumbens,GTEx,GTEx,183,285,156,0.8524590163934426,0.5
GTEx substantia nigra,GTEx putamen,GTEx,GTEx,183,254,144,0.7868852459016393,0.49146757679180886
GTEx substantia nigra,GTEx spinal cord C1,GTEx,GTEx,183,204,110,0.6010928961748634,0.3971119133574007
GTEx substantia nigra,GTEx substantia nigra,GTEx,GTEx,183,183,183,1.0,1.0
