cohort,donor_id,n_regions,n_analyses
BrainSEQ,Br0922,3,4
BrainSEQ,Br1003,3,4
BrainSEQ,Br1004,3,4
BrainSEQ,Br1006,3,4
BrainSEQ,Br1017,3,4
BrainSEQ,Br1023,3,4
BrainSEQ,Br1033,3,4
BrainSEQ,Br1034,3,4
BrainSEQ,Br1039,3,4
BrainSEQ,Br1053,3,4
BrainSEQ,Br1054,3,4
BrainSEQ,Br1056,3,4
BrainSEQ,Br1069,3,4
BrainSEQ,Br1113,3,4
BrainSEQ,Br1122,3,4
BrainSEQ,Br1134,3,4
BrainSEQ,Br1135,3,4
BrainSEQ,Br1137,3,4
BrainSEQ,Br1156,3,4
BrainSEQ,Br1157,3,4
BrainSEQ,Br1160,3,4
BrainSEQ,Br1164,3,4
BrainSEQ,Br1167,3,4
BrainSEQ,Br1185,3,4
BrainSEQ,Br1187,3,4
BrainSEQ,Br1193,3,4
BrainSEQ,Br1204,3,4
BrainSEQ,Br1214,3,4
BrainSEQ,Br1221,3,4
BrainSEQ,Br1227,3,4
BrainSEQ,Br1228,3,4
BrainSEQ,Br1243,3,4
BrainSEQ,Br1249,3,4
BrainSEQ,Br1250,3,4
BrainSEQ,Br1263,3,4
BrainSEQ,Br1271,3,4
BrainSEQ,Br1275,3,4
BrainSEQ,Br1276,3,4
BrainSEQ,Br1279,3,4
BrainSEQ,Br1281,3,4
BrainSEQ,Br1285,3,4
BrainSEQ,Br1288,3,4
BrainSEQ,Br1297,3,4
BrainSEQ,Br1314,3,4
BrainSEQ,Br1324,3,4
BrainSEQ,Br1325,3,4
BrainSEQ,Br1340,3,4
BrainSEQ,Br1348,3,4
BrainSEQ,Br1350,3,4
BrainSEQ,Br1351,3,4
BrainSEQ,Br1356,3,4
BrainSEQ,Br1378,3,4
BrainSEQ,Br1384,3,4
BrainSEQ,Br1389,3,4
BrainSEQ,Br1390,3,4
BrainSEQ,Br1410,3,4
BrainSEQ,Br1424,3,4
BrainSEQ,Br1442,3,4
BrainSEQ,Br1458,3,4
BrainSEQ,Br1459,3,4
BrainSEQ,Br1463,3,4
BrainSEQ,Br1474,3,4
BrainSEQ,Br1494,3,4
BrainSEQ,Br1504,3,4
BrainSEQ,Br1517,3,4
BrainSEQ,Br1522,3,4
BrainSEQ,Br1525,3,4
BrainSEQ,Br1532,3,4
BrainSEQ,Br1536,3,4
BrainSEQ,Br1539,3,4
BrainSEQ,Br1550,3,4
BrainSEQ,Br1563,3,4
BrainSEQ,Br1565,3,4
BrainSEQ,Br1568,3,4
BrainSEQ,Br1571,3,4
BrainSEQ,Br1581,3,4
BrainSEQ,Br1611,3,4
BrainSEQ,Br1613,3,4
BrainSEQ,Br1615,3,4
BrainSEQ,Br1644,3,4
BrainSEQ,Br1649,3,4
BrainSEQ,Br1654,3,4
BrainSEQ,Br1657,3,4
BrainSEQ,Br1669,3,4
BrainSEQ,Br1695,3,4
BrainSEQ,Br1697,3,4
BrainSEQ,Br1722,3,4
BrainSEQ,Br1753,3,4
BrainSEQ,Br1761,3,4
BrainSEQ,Br1764,3,4
BrainSEQ,Br1832,3,4
BrainSEQ,Br1883,3,4
BrainSEQ,Br1898,3,4
BrainSEQ,Br1905,3,4
BrainSEQ,Br1918,3,4
BrainSEQ,Br1927,3,4
BrainSEQ,Br1960,3,4
BrainSEQ,Br1980,3,4
BrainSEQ,Br2003,3,4
BrainSEQ,Br2044,3,4
BrainSEQ,Br2046,3,4
BrainSEQ,Br2052,3,4
BrainSEQ,Br2053,3,4
BrainSEQ,Br2064,3,4
BrainSEQ,Br2074,3,4
BrainSEQ,Br2076,3,4
BrainSEQ,Br2080,3,4
BrainSEQ,Br2084,3,4
BrainSEQ,Br2257,3,4
BrainSEQ,Br2267,3,4
BrainSEQ,Br2285,3,4
BrainSEQ,Br2287,3,4
BrainSEQ,Br2288,3,4
BrainSEQ,Br2304,3,4
BrainSEQ,Br2322,3,4
BrainSEQ,Br2371,3,4
BrainSEQ,Br2377,3,4
BrainSEQ,Br2405,3,4
BrainSEQ,Br2425,3,4
BrainSEQ,Br2453,3,4
BrainSEQ,Br2454,3,4
BrainSEQ,Br2474,3,4
BrainSEQ,Br2476,3,4
BrainSEQ,Br2521,3,4
BrainSEQ,Br2534,3,4
BrainSEQ,Br2539,3,4
BrainSEQ,Br2542,3,4
BrainSEQ,Br2543,3,4
BrainSEQ,Br2557,3,4
BrainSEQ,Br2582,3,4
BrainSEQ,Br5005,3,4
BrainSEQ,Br5053,3,4
BrainSEQ,Br5154,3,4
BrainSEQ,Br5155,3,4
BrainSEQ,Br5161,3,4
BrainSEQ,Br5165,3,4
BrainSEQ,Br5182,3,4
BrainSEQ,Br5205,3,4
BrainSEQ,Br5212,3,4
BrainSEQ,Br5228,3,4
BrainSEQ,Br5235,3,4
BrainSEQ,Br5250,3,4
BrainSEQ,Br5259,3,4
BrainSEQ,Br5262,3,4
BrainSEQ,Br5280,3,4
BrainSEQ,Br5286,3,4
BrainSEQ,Br5287,3,4
BrainSEQ,Br5292,3,4
BrainSEQ,Br5314,3,4
BrainSEQ,Br5323,3,4
BrainSEQ,Br823,3,4
BrainSEQ,Br836,3,4
BrainSEQ,Br845,3,4
BrainSEQ,Br846,3,4
BrainSEQ,Br848,3,4
BrainSEQ,Br859,3,4
BrainSEQ,Br894,3,4
BrainSEQ,Br914,3,4
BrainSEQ,Br948,3,4
BrainSEQ,Br991,3,4
BrainSEQ,Br993,3,4
BrainSEQ,Br1007,2,3
BrainSEQ,Br1092,2,3
BrainSEQ,Br1109,2,3
BrainSEQ,Br1148,2,3
BrainSEQ,Br1191,2,3
BrainSEQ,Br1264,2,3
BrainSEQ,Br1304,2,3
BrainSEQ,Br1305,2,3
BrainSEQ,Br1306,2,3
BrainSEQ,Br1408,2,3
BrainSEQ,Br1432,2,3
BrainSEQ,Br1443,2,3
BrainSEQ,Br1446,2,3
BrainSEQ,Br1537,2,3
BrainSEQ,Br1556,2,3
BrainSEQ,Br1558,2,3
BrainSEQ,Br1604,2,3
BrainSEQ,Br1674,2,3
BrainSEQ,Br1691,2,3
BrainSEQ,Br1735,2,3
BrainSEQ,Br1750,2,3
BrainSEQ,Br1865,2,3
BrainSEQ,Br1890,2,3
BrainSEQ,Br1909,2,3
BrainSEQ,Br1987,2,3
BrainSEQ,Br1995,2,3
BrainSEQ,Br1998,2,3
BrainSEQ,Br2015,2,3
BrainSEQ,Br2026,2,3
BrainSEQ,Br2063,2,3
BrainSEQ,Br2305,2,3
BrainSEQ,Br2333,2,3
BrainSEQ,Br2513,2,3
BrainSEQ,Br2573,2,3
BrainSEQ,Br2587,2,3
BrainSEQ,Br5024,2,3
BrainSEQ,Br5135,2,3
BrainSEQ,Br5168,2,3
BrainSEQ,Br5200,2,3
BrainSEQ,Br5232,2,3
BrainSEQ,Br5276,2,3
BrainSEQ,Br5324,2,3
BrainSEQ,Br5330,2,3
BrainSEQ,Br5338,2,3
BrainSEQ,Br5348,2,3
BrainSEQ,Br5367,2,3
BrainSEQ,Br5370,2,3
BrainSEQ,Br863,2,3
BrainSEQ,Br909,2,3
BrainSEQ,Br949,2,3
BrainSEQ,Br1099,2,2
BrainSEQ,Br1105,2,2
BrainSEQ,Br1111,2,2
BrainSEQ,Br1142,2,2
BrainSEQ,Br1143,2,2
BrainSEQ,Br1179,2,2
BrainSEQ,Br1225,2,2
BrainSEQ,Br1407,2,2
BrainSEQ,Br1469,2,2
BrainSEQ,Br1473,2,2
BrainSEQ,Br1512,2,2
BrainSEQ,Br1524,2,2
BrainSEQ,Br1880,2,2
BrainSEQ,Br1884,2,2
BrainSEQ,Br1908,2,2
BrainSEQ,Br1936,2,2
BrainSEQ,Br1974,2,2
BrainSEQ,Br2263,2,2
BrainSEQ,Br5146,2,2
BrainSEQ,Br822,2,2
BrainSEQ,Br852,2,2
BrainSEQ,Br885,2,2
BrainSEQ,Br887,2,2
BrainSEQ,Br898,2,2
BrainSEQ,Br959,2,2
BrainSEQ,Br973,2,2
BrainSEQ,Br989,2,2
BrainSEQ,Br1040,1,2
BrainSEQ,Br1346,1,2
BrainSEQ,Br1548,1,2
BrainSEQ,Br1756,1,2
BrainSEQ,Br2301,1,2
BrainSEQ,Br2533,1,2
BrainSEQ,Br5026,1,2
BrainSEQ,Br5062,1,2
BrainSEQ,Br5190,1,2
BrainSEQ,Br5207,1,2
BrainSEQ,Br5237,1,2
BrainSEQ,Br5239,1,2
BrainSEQ,Br5242,1,2
BrainSEQ,Br5243,1,2
BrainSEQ,Br5253,1,2
BrainSEQ,Br5264,1,2
BrainSEQ,Br5310,1,2
BrainSEQ,Br5347,1,2
BrainSEQ,Br5401,1,2
BrainSEQ,Br5417,1,2
BrainSEQ,Br5422,1,2
BrainSEQ,Br5426,1,2
BrainSEQ,Br5460,1,2
BrainSEQ,Br5529,1,2
BrainSEQ,Br5551,1,2
BrainSEQ,Br5555,1,2
BrainSEQ,Br5584,1,2
BrainSEQ,Br1016,1,1
BrainSEQ,Br1021,1,1
BrainSEQ,Br1025,1,1
BrainSEQ,Br1030,1,1
BrainSEQ,Br1041,1,1
BrainSEQ,Br1050,1,1
BrainSEQ,Br1051,1,1
BrainSEQ,Br1058,1,1
BrainSEQ,Br1067,1,1
BrainSEQ,Br1081,1,1
BrainSEQ,Br1084,1,1
BrainSEQ,Br1093,1,1
BrainSEQ,Br1096,1,1
BrainSEQ,Br1102,1,1
BrainSEQ,Br1107,1,1
BrainSEQ,Br1119,1,1
BrainSEQ,Br1139,1,1
BrainSEQ,Br1183,1,1
BrainSEQ,Br1189,1,1
BrainSEQ,Br1203,1,1
BrainSEQ,Br1245,1,1
BrainSEQ,Br1265,1,1
BrainSEQ,Br1280,1,1
BrainSEQ,Br1283,1,1
BrainSEQ,Br1298,1,1
BrainSEQ,Br1303,1,1
BrainSEQ,Br1315,1,1
BrainSEQ,Br1320,1,1
BrainSEQ,Br1321,1,1
BrainSEQ,Br1326,1,1
BrainSEQ,Br1331,1,1
BrainSEQ,Br1339,1,1
BrainSEQ,Br1358,1,1
BrainSEQ,Br1365,1,1
BrainSEQ,Br1371,1,1
BrainSEQ,Br1383,1,1
BrainSEQ,Br1385,1,1
BrainSEQ,Br1399,1,1
BrainSEQ,Br1409,1,1
BrainSEQ,Br1416,1,1
BrainSEQ,Br1418,1,1
BrainSEQ,Br1420,1,1
BrainSEQ,Br1436,1,1
BrainSEQ,Br1441,1,1
BrainSEQ,Br1447,1,1
BrainSEQ,Br1448,1,1
BrainSEQ,Br1453,1,1
BrainSEQ,Br1455,1,1
BrainSEQ,Br1456,1,1
BrainSEQ,Br1464,1,1
BrainSEQ,Br1479,1,1
BrainSEQ,Br1485,1,1
BrainSEQ,Br1487,1,1
BrainSEQ,Br1492,1,1
BrainSEQ,Br1493,1,1
BrainSEQ,Br1498,1,1
BrainSEQ,Br1499,1,1
BrainSEQ,Br1503,1,1
BrainSEQ,Br1507,1,1
BrainSEQ,Br1509,1,1
BrainSEQ,Br1518,1,1
BrainSEQ,Br1526,1,1
BrainSEQ,Br1527,1,1
BrainSEQ,Br1529,1,1
BrainSEQ,Br1538,1,1
BrainSEQ,Br1552,1,1
BrainSEQ,Br1560,1,1
BrainSEQ,Br1573,1,1
BrainSEQ,Br1576,1,1
BrainSEQ,Br1578,1,1
BrainSEQ,Br1579,1,1
BrainSEQ,Br1580,1,1
BrainSEQ,Br1585,1,1
BrainSEQ,Br1587,1,1
BrainSEQ,Br1588,1,1
BrainSEQ,Br1590,1,1
BrainSEQ,Br1594,1,1
BrainSEQ,Br1595,1,1
BrainSEQ,Br1602,1,1
BrainSEQ,Br1605,1,1
BrainSEQ,Br1624,1,1
BrainSEQ,Br1633,1,1
BrainSEQ,Br1637,1,1
BrainSEQ,Br1646,1,1
BrainSEQ,Br1648,1,1
BrainSEQ,Br1663,1,1
BrainSEQ,Br1664,1,1
BrainSEQ,Br1665,1,1
BrainSEQ,Br1672,1,1
BrainSEQ,Br1676,1,1
BrainSEQ,Br1678,1,1
BrainSEQ,Br1682,1,1
BrainSEQ,Br1688,1,1
BrainSEQ,Br1693,1,1
BrainSEQ,Br1700,1,1
BrainSEQ,Br1703,1,1
BrainSEQ,Br1706,1,1
BrainSEQ,Br1738,1,1
BrainSEQ,Br1740,1,1
BrainSEQ,Br1745,1,1
BrainSEQ,Br1751,1,1
BrainSEQ,Br1840,1,1
BrainSEQ,Br1842,1,1
BrainSEQ,Br1860,1,1
BrainSEQ,Br1900,1,1
BrainSEQ,Br1912,1,1
BrainSEQ,Br1941,1,1
BrainSEQ,Br1946,1,1
BrainSEQ,Br1958,1,1
BrainSEQ,Br1988,1,1
BrainSEQ,Br1989,1,1
BrainSEQ,Br1994,1,1
BrainSEQ,Br2001,1,1
BrainSEQ,Br2005,1,1
BrainSEQ,Br2009,1,1
BrainSEQ,Br2020,1,1
BrainSEQ,Br2027,1,1
BrainSEQ,Br2038,1,1
BrainSEQ,Br2039,1,1
BrainSEQ,Br2073,1,1
BrainSEQ,Br2075,1,1
BrainSEQ,Br2096,1,1
BrainSEQ,Br2180,1,1
BrainSEQ,Br2202,1,1
BrainSEQ,Br2242,1,1
BrainSEQ,Br2261,1,1
BrainSEQ,Br2266,1,1
BrainSEQ,Br2271,1,1
BrainSEQ,Br2276,1,1
BrainSEQ,Br2291,1,1
BrainSEQ,Br2292,1,1
BrainSEQ,Br2295,1,1
BrainSEQ,Br2298,1,1
BrainSEQ,Br2313,1,1
BrainSEQ,Br2337,1,1
BrainSEQ,Br2343,1,1
BrainSEQ,Br2345,1,1
BrainSEQ,Br2346,1,1
BrainSEQ,Br2348,1,1
BrainSEQ,Br2351,1,1
BrainSEQ,Br2353,1,1
BrainSEQ,Br2378,1,1
BrainSEQ,Br2393,1,1
BrainSEQ,Br2421,1,1
BrainSEQ,Br2423,1,1
BrainSEQ,Br2429,1,1
BrainSEQ,Br2447,1,1
BrainSEQ,Br2464,1,1
BrainSEQ,Br2470,1,1
BrainSEQ,Br2481,1,1
BrainSEQ,Br2494,1,1
BrainSEQ,Br2509,1,1
BrainSEQ,Br2585,1,1
BrainSEQ,Br5073,1,1
BrainSEQ,Br5179,1,1
BrainSEQ,Br5217,1,1
BrainSEQ,Br5224,1,1
BrainSEQ,Br5234,1,1
BrainSEQ,Br5270,1,1
BrainSEQ,Br5282,1,1
BrainSEQ,Br5295,1,1
BrainSEQ,Br5315,1,1
BrainSEQ,Br5319,1,1
BrainSEQ,Br5355,1,1
BrainSEQ,Br5359,1,1
BrainSEQ,Br5372,1,1
BrainSEQ,Br5373,1,1
BrainSEQ,Br5398,1,1
BrainSEQ,Br5467,1,1
BrainSEQ,Br5475,1,1
BrainSEQ,Br5488,1,1
BrainSEQ,Br5556,1,1
BrainSEQ,Br5590,1,1
BrainSEQ,Br827,1,1
BrainSEQ,Br856,1,1
BrainSEQ,Br858,1,1
BrainSEQ,Br869,1,1
BrainSEQ,Br873,1,1
BrainSEQ,Br888,1,1
BrainSEQ,Br890,1,1
BrainSEQ,Br918,1,1
BrainSEQ,Br926,1,1
BrainSEQ,Br942,1,1
BrainSEQ,Br946,1,1
BrainSEQ,Br963,1,1
BrainSEQ,Br983,1,1
GTEx,GTEX-117XS,13,13
GTEx,GTEX-11GSO,13,13
GTEx,GTEX-13NYB,13,13
GTEx,GTEX-13RTJ,13,13
GTEx,GTEX-15DYW,13,13
GTEx,GTEX-1B8L1,13,13
GTEx,GTEX-1GN73,13,13
GTEx,GTEX-1H1ZS,13,13
GTEx,GTEX-1H3O1,13,13
GTEx,GTEX-1IY9M,13,13
GTEx,GTEX-1J1OQ,13,13
GTEx,GTEX-1MJK2,13,13
GTEx,GTEX-1NV8Z,13,13
GTEx,GTEX-1PWST,13,13
GTEx,GTEX-ZZPT,13,13
GTEx,GTEX-1192X,12,12
GTEx,GTEX-11GSP,12,12
GTEx,GTEX-11NV4,12,12
GTEx,GTEX-1313W,12,12
GTEx,GTEX-13N2G,12,12
GTEx,GTEX-13O3O,12,12
GTEx,GTEX-13O3Q,12,12
GTEx,GTEX-13OVJ,12,12
GTEx,GTEX-13OVL,12,12
GTEx,GTEX-13OW7,12,12
GTEx,GTEX-13OW8,12,12
GTEx,GTEX-13PVQ,12,12
GTEx,GTEX-13VXU,12,12
GTEx,GTEX-145LS,12,12
GTEx,GTEX-14BMV,12,12
GTEx,GTEX-14C5O,12,12
GTEx,GTEX-14PN4,12,12
GTEx,GTEX-15CHQ,12,12
GTEx,GTEX-15DCD,12,12
GTEx,GTEX-15EO6,12,12
GTEx,GTEX-15ER7,12,12
GTEx,GTEX-15SHU,12,12
GTEx,GTEX-16GPK,12,12
GTEx,GTEX-17EVP,12,12
GTEx,GTEX-1A3MX,12,12
GTEx,GTEX-1B933,12,12
GTEx,GTEX-1E1VI,12,12
GTEx,GTEX-1EMGI,12,12
GTEx,GTEX-1F48J,12,12
GTEx,GTEX-1F6I4,12,12
GTEx,GTEX-1GF9W,12,12
GTEx,GTEX-1GTWX,12,12
GTEx,GTEX-1GZ2Q,12,12
GTEx,GTEX-1H1DG,12,12
GTEx,GTEX-1ICLZ,12,12
GTEx,GTEX-1IDJH,12,12
GTEx,GTEX-1JMOU,12,12
GTEx,GTEX-1JMQJ,12,12
GTEx,GTEX-1KWVE,12,12
GTEx,GTEX-1LG7Y,12,12
GTEx,GTEX-1LH75,12,12
GTEx,GTEX-1LSNL,12,12
GTEx,GTEX-1LSVX,12,12
GTEx,GTEX-1LVAO,12,12
GTEx,GTEX-1O9I2,12,12
GTEx,GTEX-1P4AB,12,12
GTEx,GTEX-1PIIG,12,12
GTEx,GTEX-1PPGY,12,12
GTEx,GTEX-1QMI2,12,12
GTEx,GTEX-1QP6S,12,12
GTEx,GTEX-1RDX4,12,12
GTEx,GTEX-WHSE,12,12
GTEx,GTEX-WL46,12,12
GTEx,GTEX-WVLH,12,12
GTEx,GTEX-X4XX,12,12
GTEx,GTEX-YFC4,12,12
GTEx,GTEX-YJ89,12,12
GTEx,GTEX-ZAJG,12,12
GTEx,GTEX-ZAK1,12,12
GTEx,GTEX-ZVZQ,12,12
GTEx,GTEX-ZYY3,12,12
GTEx,GTEX-111FC,11,11
GTEx,GTEX-11DXW,11,11
GTEx,GTEX-11DXY,11,11
GTEx,GTEX-11GS4,11,11
GTEx,GTEX-11ONC,11,11
GTEx,GTEX-11PRG,11,11
GTEx,GTEX-11TTK,11,11
GTEx,GTEX-12126,11,11
GTEx,GTEX-12WSD,11,11
GTEx,GTEX-12ZZX,11,11
GTEx,GTEX-13112,11,11
GTEx,GTEX-13FLV,11,11
GTEx,GTEX-13FXS,11,11
GTEx,GTEX-13G51,11,11
GTEx,GTEX-13JVG,11,11
GTEx,GTEX-13NYS,11,11
GTEx,GTEX-13OW5,11,11
GTEx,GTEX-13OW6,11,11
GTEx,GTEX-13QIC,11,11
GTEx,GTEX-13QJC,11,11
GTEx,GTEX-13SLW,11,11
GTEx,GTEX-13SLX,11,11
GTEx,GTEX-13X6I,11,11
GTEx,GTEX-13X6K,11,11
GTEx,GTEX-14ASI,11,11
GTEx,GTEX-14JIY,11,11
GTEx,GTEX-15G19,11,11
GTEx,GTEX-15RJE,11,11
GTEx,GTEX-16YQH,11,11
GTEx,GTEX-16Z82,11,11
GTEx,GTEX-17EVQ,11,11
GTEx,GTEX-17F97,11,11
GTEx,GTEX-17HG3,11,11
GTEx,GTEX-1CB4G,11,11
GTEx,GTEX-1GMR8,11,11
GTEx,GTEX-1GZ4I,11,11
GTEx,GTEX-1H23P,11,11
GTEx,GTEX-1HB9E,11,11
GTEx,GTEX-1HBPH,11,11
GTEx,GTEX-1HFI6,11,11
GTEx,GTEX-1HGF4,11,11
GTEx,GTEX-1I1GV,11,11
GTEx,GTEX-1J8Q2,11,11
GTEx,GTEX-1JJ6O,11,11
GTEx,GTEX-1JMLX,11,11
GTEx,GTEX-1JMPZ,11,11
GTEx,GTEX-1JMQK,11,11
GTEx,GTEX-1KD4Q,11,11
GTEx,GTEX-1LVA9,11,11
GTEx,GTEX-1OJC4,11,11
GTEx,GTEX-1POEN,11,11
GTEx,GTEX-1R9PO,11,11
GTEx,GTEX-1RQEC,11,11
GTEx,GTEX-NPJ7,11,11
GTEx,GTEX-QDT8,11,11
GTEx,GTEX-T6MN,11,11
GTEx,GTEX-WZTO,11,11
GTEx,GTEX-ZAB4,11,11
GTEx,GTEX-ZDXO,11,11
GTEx,GTEX-11DYG,10,10
GTEx,GTEX-11DZ1,10,10
GTEx,GTEX-11EMC,10,10
GTEx,GTEX-11NUK,10,10
GTEx,GTEX-11OF3,10,10
GTEx,GTEX-11ZTS,10,10
GTEx,GTEX-11ZUS,10,10
GTEx,GTEX-12WSC,10,10
GTEx,GTEX-12WSF,10,10
GTEx,GTEX-12ZZZ,10,10
GTEx,GTEX-131YS,10,10
GTEx,GTEX-132Q8,10,10
GTEx,GTEX-13FHO,10,10
GTEx,GTEX-13N1W,10,10
GTEx,GTEX-13S7M,10,10
GTEx,GTEX-13X6J,10,10
GTEx,GTEX-144GL,10,10
GTEx,GTEX-145MH,10,10
GTEx,GTEX-14BIM,10,10
GTEx,GTEX-14BIN,10,10
GTEx,GTEX-14E7W,10,10
GTEx,GTEX-14PJM,10,10
GTEx,GTEX-14PJO,10,10
GTEx,GTEX-16XZZ,10,10
GTEx,GTEX-1F75A,10,10
GTEx,GTEX-1GN2E,10,10
GTEx,GTEX-1H3NZ,10,10
GTEx,GTEX-1HBPI,10,10
GTEx,GTEX-1MCQQ,10,10
GTEx,GTEX-1N2EE,10,10
GTEx,GTEX-1R46S,10,10
GTEx,GTEX-1RQED,10,10
GTEx,GTEX-X585,10,10
GTEx,GTEX-XMD1,10,10
GTEx,GTEX-Y8DK,10,10
GTEx,GTEX-Z93S,10,10
GTEx,GTEX-ZF28,10,10
GTEx,GTEX-1117F,9,9
GTEx,GTEX-11EI6,9,9
GTEx,GTEX-11O72,9,9
GTEx,GTEX-11WQC,9,9
GTEx,GTEX-12WSA,9,9
GTEx,GTEX-12WSH,9,9
GTEx,GTEX-12WSM,9,9
GTEx,GTEX-12ZZY,9,9
GTEx,GTEX-131XH,9,9
GTEx,GTEX-1399T,9,9
GTEx,GTEX-13JUV,9,9
GTEx,GTEX-13OVH,9,9
GTEx,GTEX-1445S,9,9
GTEx,GTEX-145LU,9,9
GTEx,GTEX-14DAQ,9,9
GTEx,GTEX-14JG1,9,9
GTEx,GTEX-17HII,9,9
GTEx,GTEX-1A8G6,9,9
GTEx,GTEX-1AX9I,9,9
GTEx,GTEX-1B8SF,9,9
GTEx,GTEX-1B996,9,9
GTEx,GTEX-1CB4H,9,9
GTEx,GTEX-1EKGG,9,9
GTEx,GTEX-1EX96,9,9
GTEx,GTEX-1F52S,9,9
GTEx,GTEX-1F6IF,9,9
GTEx,GTEX-1F75W,9,9
GTEx,GTEX-1GN1U,9,9
GTEx,GTEX-1H1CY,9,9
GTEx,GTEX-1I1GS,9,9
GTEx,GTEX-1I1HK,9,9
GTEx,GTEX-1IKK5,9,9
GTEx,GTEX-1MA7X,9,9
GTEx,GTEX-1N2DW,9,9
GTEx,GTEX-1N2EF,9,9
GTEx,GTEX-1N5O9,9,9
GTEx,GTEX-1R9K4,9,9
GTEx,GTEX-PVOW,9,9
GTEx,GTEX-T5JC,9,9
GTEx,GTEX-WWYW,9,9
GTEx,GTEX-XLM4,9,9
GTEx,GTEX-ZUA1,9,9
GTEx,GTEX-ZVT3,9,9
GTEx,GTEX-ZYFD,9,9
GTEx,GTEX-11H98,8,8
GTEx,GTEX-11UD1,8,8
GTEx,GTEX-13CF2,8,8
GTEx,GTEX-13PLJ,8,8
GTEx,GTEX-147GR,8,8
GTEx,GTEX-14ABY,8,8
GTEx,GTEX-14LZ3,8,8
GTEx,GTEX-1BAJH,8,8
GTEx,GTEX-1C6VR,8,8
GTEx,GTEX-1C6WA,8,8
GTEx,GTEX-1EH9U,8,8
GTEx,GTEX-1GF9V,8,8
GTEx,GTEX-1H3VE,8,8
GTEx,GTEX-1HCU6,8,8
GTEx,GTEX-1HT8W,8,8
GTEx,GTEX-1I19N,8,8
GTEx,GTEX-1I1CD,8,8
GTEx,GTEX-1I1GQ,8,8
GTEx,GTEX-1JN1M,8,8
GTEx,GTEX-1JN6P,8,8
GTEx,GTEX-1LKK1,8,8
GTEx,GTEX-1RLM8,8,8
GTEx,GTEX-N7MS,8,8
GTEx,GTEX-OHPN,8,8
GTEx,GTEX-Q2AG,8,8
GTEx,GTEX-QMR6,8,8
GTEx,GTEX-QVJO,8,8
GTEx,GTEX-RNOR,8,8
GTEx,GTEX-UTHO,8,8
GTEx,GTEX-ZE9C,8,8
GTEx,GTEX-11ZU8,7,7
GTEx,GTEX-11ZVC,7,7
GTEx,GTEX-12WSE,7,7
GTEx,GTEX-12ZZW,7,7
GTEx,GTEX-139TS,7,7
GTEx,GTEX-139TT,7,7
GTEx,GTEX-13CZV,7,7
GTEx,GTEX-13FHP,7,7
GTEx,GTEX-13FLW,7,7
GTEx,GTEX-14C39,7,7
GTEx,GTEX-14JFF,7,7
GTEx,GTEX-14PQA,7,7
GTEx,GTEX-17HHY,7,7
GTEx,GTEX-183WM,7,7
GTEx,GTEX-18465,7,7
GTEx,GTEX-18A6Q,7,7
GTEx,GTEX-1C64N,7,7
GTEx,GTEX-1CAV2,7,7
GTEx,GTEX-1CB4J,7,7
GTEx,GTEX-1E2YA,7,7
GTEx,GTEX-1F7RK,7,7
GTEx,GTEX-1GZHY,7,7
GTEx,GTEX-1HSKV,7,7
GTEx,GTEX-1I1GR,7,7
GTEx,GTEX-1IGQW,7,7
GTEx,GTEX-1IL2U,7,7
GTEx,GTEX-1JJEA,7,7
GTEx,GTEX-1JMQL,7,7
GTEx,GTEX-1LB8K,7,7
GTEx,GTEX-N7MT,7,7
GTEx,GTEX-NL4W,7,7
GTEx,GTEX-T2IS,7,7
GTEx,GTEX-TSE9,7,7
GTEx,GTEX-X261,7,7
GTEx,GTEX-131XW,6,6
GTEx,GTEX-139T8,6,6
GTEx,GTEX-13NZA,6,6
GTEx,GTEX-145MG,6,6
GTEx,GTEX-14753,6,6
GTEx,GTEX-147F4,6,6
GTEx,GTEX-14E6D,6,6
GTEx,GTEX-17JCI,6,6
GTEx,GTEX-1A8G7,6,6
GTEx,GTEX-1F75B,6,6
GTEx,GTEX-1GMRU,6,6
GTEx,GTEX-1H4P4,6,6
GTEx,GTEX-1HCVE,6,6
GTEx,GTEX-1HR98,6,6
GTEx,GTEX-1HSMO,6,6
GTEx,GTEX-1IKJJ,6,6
GTEx,GTEX-1IKOH,6,6
GTEx,GTEX-1J8EW,6,6
GTEx,GTEX-1KANB,6,6
GTEx,GTEX-1NV5F,6,6
GTEx,GTEX-NL3H,6,6
GTEx,GTEX-PWO3,6,6
GTEx,GTEX-QVUS,6,6
GTEx,GTEX-R55E,6,6
GTEx,GTEX-S7SE,6,6
GTEx,GTEX-X4EP,6,6
GTEx,GTEX-ZE7O,6,6
GTEx,GTEX-1192W,5,5
GTEx,GTEX-11WQK,5,5
GTEx,GTEX-12696,5,5
GTEx,GTEX-13CIG,5,5
GTEx,GTEX-1477Z,5,5
GTEx,GTEX-14BIL,5,5
GTEx,GTEX-15UF6,5,5
GTEx,GTEX-16NPV,5,5
GTEx,GTEX-17MF6,5,5
GTEx,GTEX-1B8SG,5,5
GTEx,GTEX-1EN7A,5,5
GTEx,GTEX-1EU9M,5,5
GTEx,GTEX-1H2FU,5,5
GTEx,GTEX-1HUB1,5,5
GTEx,GTEX-1IOXB,5,5
GTEx,GTEX-1KD5A,5,5
GTEx,GTEX-NPJ8,5,5
GTEx,GTEX-P44H,5,5
GTEx,GTEX-ZV68,5,5
GTEx,GTEX-ZXG5,5,5
GTEx,GTEX-11TUW,4,4
GTEx,GTEX-12WSI,4,4
GTEx,GTEX-13PL6,4,4
GTEx,GTEX-144GO,4,4
GTEx,GTEX-148VJ,4,4
GTEx,GTEX-14E6C,4,4
GTEx,GTEX-15DDE,4,4
GTEx,GTEX-1C6VQ,4,4
GTEx,GTEX-1EWIQ,4,4
GTEx,GTEX-1HBPM,4,4
GTEx,GTEX-1IL2V,4,4
GTEx,GTEX-1QEPI,4,4
GTEx,GTEX-1RAZS,4,4
GTEx,GTEX-RU72,4,4
GTEx,GTEX-12584,3,3
GTEx,GTEX-13FTY,3,3
GTEx,GTEX-13PDP,3,3
GTEx,GTEX-14LLW,3,3
GTEx,GTEX-1C6VS,3,3
GTEx,GTEX-1F88E,3,3
GTEx,GTEX-1GN1V,3,3
GTEx,GTEX-1HR9M,3,3
GTEx,GTEX-1M4P7,3,3
GTEx,GTEX-1RNSC,3,3
GTEx,GTEX-S7PM,3,3
GTEx,GTEX-X4XY,3,3
GTEx,GTEX-1128S,2,2
GTEx,GTEX-117YW,2,2
GTEx,GTEX-11OC5,2,2
GTEx,GTEX-1212Z,2,2
GTEx,GTEX-1269C,2,2
GTEx,GTEX-139UW,2,2
GTEx,GTEX-13IVO,2,2
GTEx,GTEX-13RTL,2,2
GTEx,GTEX-145MF,2,2
GTEx,GTEX-145MI,2,2
GTEx,GTEX-14A5I,2,2
GTEx,GTEX-1A32A,2,2
GTEx,GTEX-1CAMQ,2,2
GTEx,GTEX-1J8JJ,2,2
GTEx,GTEX-1JJE9,2,2
GTEx,GTEX-1LC47,2,2
GTEx,GTEX-OXRN,2,2
GTEx,GTEX-R55F,2,2
GTEx,GTEX-RVPV,2,2
GTEx,GTEX-Y111,2,2
GTEx,GTEX-111VG,1,1
GTEx,GTEX-113JC,1,1
GTEx,GTEX-11UD2,1,1
GTEx,GTEX-139T4,1,1
GTEx,GTEX-139TU,1,1
GTEx,GTEX-13FTZ,1,1
GTEx,GTEX-13NYC,1,1
GTEx,GTEX-13NZ8,1,1
GTEx,GTEX-13O1R,1,1
GTEx,GTEX-144FL,1,1
GTEx,GTEX-14PHW,1,1
GTEx,GTEX-1F6RS,1,1
GTEx,GTEX-1F88F,1,1
GTEx,GTEX-1GPI6,1,1
GTEx,GTEX-1H1DF,1,1
GTEx,GTEX-1IDFM,1,1
GTEx,GTEX-1O97I,1,1
GTEx,GTEX-1PBJI,1,1
GTEx,GTEX-OXRO,1,1
GTEx,GTEX-RN5K,1,1
