cohort,region,analysis,library,n_samples,n_donors,n_control,n_schizophrenia,n_female,pct_female,age_median_range,ancestry,rin_median_iqr,pmi_h_median_iqr,ischemic_time_min_median_iqr,death_classification,genes_before_filter,genes_after_filter,transcripts_before_filter,transcripts_after_filter,expression_filter,music_reference
BrainSEQ,caudate,Aging,RiboZeroGold 238,238,238,238,0,71,29.8,49.0 [18.1-89.9],Black 121; White 117,7.8 [7.3-8.3],28.0 [21.6-38.5],,Manner Natural 187; Accident 31; Homicide 18; Undetermined 2,78932,20365,384354,232176,gene CPM>=1 in >=24 samples,Caudate (direct)
BrainSEQ,dlpfc,Aging,RiboZeroGold 222,222,222,222,0,66,29.7,47.6 [18.0-84.2],Black 120; White 88; Hispanic 8; Asian 5; Multiracial 1,7.8 [7.2-8.3],28.5 [21.5-41.4],,Manner Natural 167; Homicide 28; Accident 26; Undetermined 1,78932,20571,384354,233799,gene CPM>=1 in >=23 samples,DLPFC (direct)
BrainSEQ,hippocampus,Aging,RiboZeroHMR 195; RiboZeroGold 43,238,238,238,0,72,30.3,46.5 [18.0-84.2],Black 130; White 108,8.0 [7.1-8.4],28.0 [21.5-39.9],,Manner Natural 189; Homicide 24; Accident 23; Undetermined 2,78932,19920,384354,231349,gene CPM>=1 in >=24 samples,Hippocampus (direct)
BrainSEQ,caudate,Schizophrenia,RiboZeroGold 390,390,390,238,152,121,31.0,50.4 [18.1-96.9],Black 204; White 186,7.8 [7.3-8.4],28.5 [22.0-41.0],,Manner Natural 287; Accident 48; Suicide 26; Homicide 18; Undetermined 11,78932,20559,384354,233110,gene CPM>=1 in >=39 samples,Caudate (direct)
GTEx,amygdala,Aging,poly(A) (GTEx v11),181,181,181,0,52,28.7,61.0 [20.0-70.0],White 167; Black 14,6.5 [6.1-7.0],,796 [618-1007],Hardy fast natural 98; slow 48; violent/fast 13; intermediate 13; ventilator 9,74628,18171,385659,217822,gene CPM>=1 in >=19 samples,Amygdala (direct)
GTEx,anterior_cingulate_cortex_ba24,Aging,poly(A) (GTEx v11),233,233,233,0,56,24.0,61.0 [20.0-70.0],White 212; Black 21,6.6 [6.0-7.1],,790 [610-1010],Hardy fast natural 125; slow 57; intermediate 21; violent/fast 20; ventilator 10,74628,18100,385659,217783,gene CPM>=1 in >=24 samples,sACC (direct)
GTEx,caudate_basal_ganglia,Aging,poly(A) (GTEx v11),300,300,300,0,76,25.3,61.0 [20.0-70.0],White 267; Black 32; American Indian 1,7.4 [6.7-8.1],,794 [614-1015],Hardy fast natural 161; slow 79; intermediate 30; violent/fast 18; ventilator 12,74628,18504,385659,220069,gene CPM>=1 in >=30 samples,NAc (striatal proxy)
GTEx,cerebellar_hemisphere,Aging,poly(A) (GTEx v11),277,277,277,0,75,27.1,60.0 [20.0-70.0],White 247; Black 29; Asian 1,7.5 [6.7-8.2],,767 [608-1007],Hardy fast natural 160; slow 63; intermediate 22; violent/fast 20; ventilator 12,74628,18641,385659,213240,gene CPM>=1 in >=28 samples,none (no matched reference)
GTEx,cerebellum,Aging,poly(A) (GTEx v11),266,266,266,0,72,27.1,60.5 [20.0-70.0],White 242; Black 24,6.7 [6.3-7.1],,1026 [848-1231],Hardy fast natural 153; slow 62; violent/fast 21; intermediate 20; ventilator 10,74628,18939,385659,215814,gene CPM>=1 in >=27 samples,none (no matched reference)
GTEx,cortex,Aging,poly(A) (GTEx v11),270,270,270,0,75,27.8,61.0 [20.0-70.0],White 244; Black 25; Asian 1,6.5 [6.1-6.8],,1004 [800-1208],Hardy fast natural 146; slow 67; intermediate 22; violent/fast 20; ventilator 15,74628,18477,385659,220207,gene CPM>=1 in >=27 samples,DLPFC (cortical proxy)
GTEx,frontal_cortex_ba9,Aging,poly(A) (GTEx v11),269,269,269,0,68,25.3,61.0 [20.0-70.0],White 238; Black 30; American Indian 1,7.1 [6.5-7.7],,766 [610-994],Hardy fast natural 147; slow 64; intermediate 27; ventilator 16; violent/fast 15,74628,18291,385659,219379,gene CPM>=1 in >=27 samples,DLPFC (cortical proxy)
GTEx,hippocampus,Aging,poly(A) (GTEx v11),255,255,255,0,65,25.5,61.0 [20.0-70.0],White 228; Black 26; Asian 1,6.7 [6.2-7.2],,762 [592-1000],Hardy fast natural 140; slow 63; intermediate 22; violent/fast 17; ventilator 13,74628,18424,385659,220302,gene CPM>=1 in >=26 samples,Hippocampus (direct)
GTEx,hypothalamus,Aging,poly(A) (GTEx v11),257,257,257,0,64,24.9,61.0 [20.0-70.0],White 234; Black 23,6.9 [6.2-7.4],,805 [608-1007],Hardy fast natural 139; slow 66; intermediate 24; violent/fast 18; ventilator 10,74628,18968,385659,223843,gene CPM>=1 in >=26 samples,none (no matched reference)
GTEx,nucleus_accumbens_basal_ganglia,Aging,poly(A) (GTEx v11),285,285,285,0,73,25.6,61.0 [20.0-70.0],White 259; Black 25; American Indian 1,7.1 [6.5-7.8],,782 [613-1010],Hardy fast natural 154; slow 69; intermediate 27; violent/fast 19; ventilator 16,74628,18539,385659,220466,gene CPM>=1 in >=29 samples,NAc (direct)
GTEx,putamen_basal_ganglia,Aging,poly(A) (GTEx v11),254,254,254,0,61,24.0,61.0 [20.0-70.0],White 231; Black 23,7.1 [6.4-7.8],,764 [604-1011],Hardy fast natural 148; slow 61; intermediate 18; violent/fast 16; ventilator 11,74628,17987,385659,215879,gene CPM>=1 in >=26 samples,NAc (striatal proxy)
GTEx,spinal_cord_cervical_c_1,Aging,poly(A) (GTEx v11),204,204,204,0,68,33.3,61.0 [23.0-70.0],White 186; Black 18,7.1 [6.5-7.6],,793 [596-1010],Hardy fast natural 113; slow 50; intermediate 20; ventilator 11; violent/fast 10,74628,18299,385659,218640,gene CPM>=1 in >=21 samples,none (no matched reference)
GTEx,substantia_nigra,Aging,poly(A) (GTEx v11),183,183,183,0,50,27.3,61.0 [20.0-70.0],White 165; Black 17; Asian 1,6.6 [6.0-7.0],,782 [616-1006],Hardy fast natural 93; slow 54; intermediate 18; violent/fast 11; ventilator 7,74628,18229,385659,218208,gene CPM>=1 in >=19 samples,none (no matched reference)
