trait,source,module_id,testable,n_module_genes_in_pool,n_coloc_genes,n_coloc_loci,n_go_invisible,hyperg_p,hyperg_fdr,loo_worst_p,magma_p,coloc_genes
AD,gtex_caudate_bg,M000,True,34,3,3,3,0.1818,0.2608,0.4026,0.0292,"ENSG00000023171, ENSG00000186815, ENSG00000258366"
AD,gtex_caudate_bg,M010,True,13,2,2,1,0.1086,0.2608,0.4194,0.0201,"ENSG00000095585, ENSG00000203710"
AD,gtex_caudate_bg,M005,True,3,1,1,1,0.1303,0.2608,1.0,0.8142,ENSG00000185619
AD,gtex_caudate_bg,M007,True,5,1,1,1,0.2086,0.2608,1.0,0.3047,ENSG00000091536
AD,gtex_caudate_bg,M006,True,7,1,1,0,0.2807,0.2807,1.0,0.7188,ENSG00000149927
AD,brainseq_caudate,M001,True,18,2,2,2,0.133,0.2659,0.4312,0.0411,"ENSG00000023171, ENSG00000185619"
AD,brainseq_caudate,M003,True,18,1,1,1,0.5306,0.5306,1.0,0.1877,ENSG00000048544
AD,brainseq_caudate,M021,False,2,1,1,1,0.0744,,1.0,0.078,ENSG00000103811
PD,gtex_caudate_bg,M000,True,27,3,3,3,0.2742,0.4113,0.5195,0.6644,"ENSG00000121749, ENSG00000157540, ENSG00000198648"
PD,gtex_caudate_bg,M004,True,12,2,2,2,0.1928,0.4113,0.5466,0.3057,"ENSG00000011295, ENSG00000079459"
PD,gtex_caudate_bg,M005,True,4,1,1,1,0.2503,0.4113,1.0,0.201,ENSG00000185619
PD,gtex_caudate_bg,M029,True,4,1,1,1,0.2503,0.4113,1.0,0.0,ENSG00000145335
PD,gtex_caudate_bg,M008,True,7,1,1,0,0.3998,0.4798,1.0,0.172,ENSG00000107295
PD,gtex_caudate_bg,M002,True,15,1,1,1,0.6775,0.6775,1.0,0.0019,ENSG00000008710
PD,brainseq_caudate,M001,True,14,2,2,1,0.2537,0.3656,0.5935,0.0966,"ENSG00000107295, ENSG00000185619"
PD,brainseq_caudate,M012,True,3,1,1,1,0.1994,0.3656,1.0,0.359,ENSG00000145335
PD,brainseq_caudate,M000,True,6,1,1,1,0.3656,0.3656,1.0,0.4411,ENSG00000121749
PD,brainseq_caudate,M016,False,1,1,1,1,0.0704,,1.0,0.5216,ENSG00000157540
LBD,gtex_caudate_bg,M029,False,1,1,1,1,0.0444,,1.0,0.2558,ENSG00000145335
LBD,gtex_caudate_bg,M007,False,2,1,1,1,0.0879,,1.0,0.2992,ENSG00000105397
LBD,brainseq_caudate,M012,False,1,1,1,1,0.0333,,0.0,0.1435,ENSG00000145335
ALS,gtex_caudate_bg,M004,True,16,2,2,2,0.4122,0.5927,0.7505,0.1446,"ENSG00000081189, ENSG00000196535"
ALS,gtex_caudate_bg,M000,True,29,2,2,2,0.7625,0.7843,0.9313,0.5401,"ENSG00000092108, ENSG00000166340"
ALS,gtex_caudate_bg,M005,True,3,1,1,1,0.238,0.5927,1.0,0.9368,ENSG00000278311
ALS,gtex_caudate_bg,M001,True,5,1,1,1,0.3667,0.5927,1.0,0.0814,ENSG00000113621
ALS,gtex_caudate_bg,M007,True,5,1,1,0,0.3667,0.5927,1.0,0.4123,ENSG00000054356
ALS,gtex_caudate_bg,M006,True,6,1,1,0,0.4233,0.5927,1.0,0.0131,ENSG00000198944
ALS,gtex_caudate_bg,M002,True,16,1,1,1,0.7843,0.7843,1.0,0.0543,ENSG00000100239
ALS,gtex_caudate_bg,M017,False,2,1,1,1,0.1651,,1.0,0.7961,ENSG00000092140
ALS,gtex_caudate_bg,M019,False,2,1,1,1,0.1651,,1.0,0.1726,ENSG00000007516
ALS,brainseq_caudate,M003,True,10,1,1,1,0.3703,0.3703,1.0,0.0228,ENSG00000081189
ALS,brainseq_caudate,M017,False,2,1,1,1,0.0833,,1.0,0.0579,ENSG00000092140
ALS,brainseq_caudate,M031,False,2,1,1,1,0.0833,,1.0,0.5445,ENSG00000113621
SCZ,gtex_caudate_bg,M002,True,58,6,6,5,0.0915,0.6718,0.1914,0.0109,"ENSG00000072518, ENSG00000089486, ENSG00000099889, ENSG00000100239, ENSG00000131323, ENSG00000160716"
SCZ,gtex_caudate_bg,M000,True,105,5,5,5,0.7383,0.8533,0.8565,0.1337,"ENSG00000137845, ENSG00000143442, ENSG00000150625, ENSG00000188732, ENSG00000258366"
SCZ,gtex_caudate_bg,M008,True,47,3,3,1,0.5019,0.8181,0.7438,0.0007,"ENSG00000006740, ENSG00000136928, ENSG00000137843"
SCZ,gtex_caudate_bg,M009,True,20,2,2,1,0.3101,0.6718,0.6777,0.4368,"ENSG00000075711, ENSG00000204052"
SCZ,gtex_caudate_bg,M004,True,57,2,2,2,0.8533,0.8533,0.9655,0.0478,"ENSG00000088808, ENSG00000104408"
SCZ,gtex_caudate_bg,M016,True,3,1,1,1,0.1591,0.6718,1.0,0.3001,ENSG00000132471
SCZ,gtex_caudate_bg,M029,True,4,1,1,1,0.2065,0.6718,1.0,0.1128,ENSG00000157851
SCZ,gtex_caudate_bg,M005,True,6,1,1,1,0.2937,0.6718,1.0,0.185,ENSG00000278311
SCZ,gtex_caudate_bg,M018,True,6,1,1,1,0.2937,0.6718,1.0,0.3458,ENSG00000148841
SCZ,gtex_caudate_bg,M012,True,12,1,1,1,0.5034,0.8181,1.0,0.7684,ENSG00000154217
SCZ,gtex_caudate_bg,M006,True,17,1,1,0,0.6311,0.8533,1.0,0.035,ENSG00000149927
SCZ,gtex_caudate_bg,M007,True,21,1,1,1,0.7098,0.8533,1.0,0.659,ENSG00000197912
SCZ,gtex_caudate_bg,M001,True,32,1,1,1,0.8517,0.8533,1.0,0.1745,ENSG00000143641
SCZ,gtex_caudate_bg,M026,False,2,1,1,1,0.109,,1.0,0.1459,ENSG00000076685
SCZ,brainseq_caudate,M003,True,42,6,6,6,0.0255,0.2294,0.0694,0.4466,"ENSG00000072518, ENSG00000075711, ENSG00000116406, ENSG00000132471, ENSG00000157851, ENSG00000158604"
SCZ,brainseq_caudate,M004,True,25,2,2,2,0.4485,0.6728,0.7782,0.0449,"ENSG00000104408, ENSG00000188732"
SCZ,brainseq_caudate,M001,True,54,2,2,0,0.8648,0.9044,0.9679,0.0168,"ENSG00000160716, ENSG00000204052"
SCZ,brainseq_caudate,M022,True,3,1,1,1,0.1684,0.6728,1.0,0.7043,ENSG00000153989
SCZ,brainseq_caudate,M011,True,7,1,1,1,0.3515,0.6728,1.0,0.0933,ENSG00000288701
SCZ,brainseq_caudate,M014,True,7,1,1,1,0.3515,0.6728,1.0,0.687,ENSG00000197912
SCZ,brainseq_caudate,M012,True,8,1,1,1,0.391,0.6728,1.0,0.0125,ENSG00000154217
SCZ,brainseq_caudate,M009,True,14,1,1,0,0.584,0.7508,1.0,0.0001,ENSG00000137843
SCZ,brainseq_caudate,M000,True,36,1,1,1,0.9044,0.9044,1.0,0.3375,ENSG00000143442
SCZ,brainseq_caudate,M016,False,2,1,1,1,0.1155,,1.0,0.9578,ENSG00000099889
SCZ,brainseq_caudate,M028,False,2,1,1,1,0.1155,,1.0,0.1862,ENSG00000089486
