trait,case,annotation,model,annot,prop_snps,prop_h2,enrichment,enrichment_p,coef,coef_se,coef_z,coef_p
ad,aging,aging,cis_only,cis_switch,0.0661,0.1214,1.8361,0.00123,-1.1e-09,1.53e-09,-0.7208,0.764
ad,aging,aging,sqtl_only,sqtl_switch,0.0247,0.056,2.2639,0.00977,8.38e-12,2.68e-09,0.0031,0.499
ad,aging,aging,eqtl_only,eqtl_switch,0.0561,0.0984,1.7547,0.00208,-1.44e-09,1.37e-09,-1.0514,0.853
ad,aging,aging,joint,eqtl_switch,0.0561,0.0972,1.7327,0.00184,-1.8e-09,1.24e-09,-1.4449,0.926
ad,aging,aging,joint,sqtl_switch,0.0247,0.0575,2.3246,0.00714,1.11e-09,2.73e-09,0.4071,0.342
als,aging,aging,cis_only,cis_switch,0.0661,0.1311,1.9821,0.0114,-7.32e-10,2.84e-09,-0.2579,0.602
als,aging,aging,sqtl_only,sqtl_switch,0.0247,0.0681,2.7548,0.00354,2.86e-09,3.91e-09,0.7317,0.232
als,aging,aging,eqtl_only,eqtl_switch,0.0561,0.1128,2.0113,0.0186,-2.67e-10,3.07e-09,-0.0868,0.535
als,aging,aging,joint,eqtl_switch,0.0561,0.1095,1.9531,0.0264,-1.5e-09,3.32e-09,-0.4518,0.674
als,aging,aging,joint,sqtl_switch,0.0247,0.069,2.7919,0.00298,3.8e-09,4.25e-09,0.8939,0.186
lbd,aging,aging,cis_only,cis_switch,0.0661,0.222,3.3569,0.0966,3.72e-08,4.35e-08,0.855,0.196
lbd,aging,aging,sqtl_only,sqtl_switch,0.0247,0.1029,4.1632,0.164,5.39e-08,6.82e-08,0.7911,0.214
lbd,aging,aging,eqtl_only,eqtl_switch,0.0561,0.2156,3.8438,0.0589,5.26e-08,4.66e-08,1.1291,0.129
lbd,aging,aging,joint,eqtl_switch,0.0561,0.2083,3.7141,0.0691,4.37e-08,5.09e-08,0.8575,0.196
lbd,aging,aging,joint,sqtl_switch,0.0247,0.0962,3.8934,0.215,2.5e-08,7.5e-08,0.3338,0.369
pd,aging,aging,cis_only,cis_switch,0.0661,0.1751,2.6479,0.00101,2.95e-09,1.39e-09,2.1189,0.0171
pd,aging,aging,sqtl_only,sqtl_switch,0.0247,0.103,4.1652,0.00132,7.11e-09,2.76e-09,2.5792,0.00495
pd,aging,aging,eqtl_only,eqtl_switch,0.0561,0.1642,2.9285,0.000628,3.84e-09,1.53e-09,2.5055,0.00611
pd,aging,aging,joint,eqtl_switch,0.0561,0.1519,2.7085,0.000633,1.88e-09,1.26e-09,1.4972,0.0672
pd,aging,aging,joint,sqtl_switch,0.0247,0.0998,4.0387,0.00138,5.89e-09,2.64e-09,2.2305,0.0129
scz,aging,aging,cis_only,cis_switch,0.0661,0.1147,1.7334,6.08e-08,2.84e-08,9.37e-09,3.032,0.00121
scz,aging,aging,sqtl_only,sqtl_switch,0.0247,0.0423,1.7104,0.000188,2.2e-08,1.22e-08,1.8082,0.0353
scz,aging,aging,eqtl_only,eqtl_switch,0.0561,0.0999,1.7812,1.67e-07,3.07e-08,1.02e-08,3.0144,0.00129
scz,aging,aging,joint,eqtl_switch,0.0561,0.0998,1.7794,3.64e-07,2.97e-08,1.18e-08,2.5164,0.00593
scz,aging,aging,joint,sqtl_switch,0.0247,0.0408,1.6493,0.000784,4.23e-09,1.44e-08,0.2948,0.384
scz,disease,brainseq-sczd,cis_only,cis_switch,0.0127,0.0187,1.4688,0.0716,2.85e-09,1.67e-08,0.1709,0.432
scz,disease,brainseq-sczd,sqtl_only,sqtl_switch,0.0047,0.0063,1.3416,0.388,-1.01e-08,2.5e-08,-0.4052,0.657
scz,disease,brainseq-sczd,eqtl_only,eqtl_switch,0.0105,0.0161,1.5267,0.0722,7.58e-09,1.87e-08,0.4054,0.343
scz,disease,brainseq-sczd,joint,eqtl_switch,0.0105,0.0163,1.5487,0.0602,1.34e-08,1.94e-08,0.6898,0.245
scz,disease,brainseq-sczd,joint,sqtl_switch,0.0047,0.0062,1.3081,0.427,-1.9e-08,2.53e-08,-0.7515,0.774
