method_family,method,resolution,is_production,cohort,region,comparison,n_seeds,mean_ari,sd_ari,mean_nmi,sd_nmi,mean_n_common
isograph,isograph_res0p5,0.5,False,brainseq,caudate,within_cohort_split_half,5,0.3446,0.1007,0.3439,0.0553,6018.6
isograph,isograph_res0p5,0.5,False,brainseq,dlpfc,within_cohort_split_half,5,0.0962,0.0182,0.1272,0.0205,5021.0
isograph,isograph_res0p5,0.5,False,brainseq,hippocampus,within_cohort_split_half,5,0.3254,0.0322,0.3027,0.0214,3699.2
isograph,isograph_res0p5,0.5,False,gtex,caudate_basal_ganglia,within_cohort_split_half,5,0.5249,0.1119,0.4212,0.0968,7245.4
isograph,isograph_res0p5,0.5,False,gtex,frontal_cortex_ba9,within_cohort_split_half,5,0.6661,0.019,0.5596,0.0157,8064.8
isograph,isograph_res0p5,0.5,False,gtex,hippocampus,within_cohort_split_half,5,0.5514,0.0266,0.4222,0.023,6890.0
isograph,isograph_res1,1.0,False,brainseq,caudate,within_cohort_split_half,5,0.4677,0.0162,0.4273,0.0093,6024.2
isograph,isograph_res1,1.0,False,brainseq,dlpfc,within_cohort_split_half,5,0.1277,0.052,0.157,0.0476,4980.8
isograph,isograph_res1,1.0,False,brainseq,hippocampus,within_cohort_split_half,5,0.3727,0.027,0.3282,0.0236,3663.2
isograph,isograph_res1,1.0,False,gtex,caudate_basal_ganglia,within_cohort_split_half,5,0.3827,0.0345,0.394,0.0195,7255.8
isograph,isograph_res1,1.0,False,gtex,frontal_cortex_ba9,within_cohort_split_half,5,0.5346,0.0767,0.4608,0.0257,8056.6
isograph,isograph_res1,1.0,False,gtex,hippocampus,within_cohort_split_half,5,0.3475,0.0379,0.3598,0.038,6887.6
isograph,isograph,2.0,True,brainseq,caudate,within_cohort_split_half,5,0.4458,0.0197,0.3889,0.0101,5911.4
isograph,isograph,2.0,True,brainseq,dlpfc,within_cohort_split_half,5,0.1886,0.0279,0.2139,0.0253,4945.0
isograph,isograph,2.0,True,brainseq,hippocampus,within_cohort_split_half,5,0.3019,0.0346,0.3072,0.0132,3646.2
isograph,isograph,2.0,True,gtex,caudate_basal_ganglia,within_cohort_split_half,5,0.5733,0.0223,0.4677,0.0142,5569.4
isograph,isograph,2.0,True,gtex,frontal_cortex_ba9,within_cohort_split_half,5,0.5327,0.0581,0.4236,0.0304,7187.0
isograph,isograph,2.0,True,gtex,hippocampus,within_cohort_split_half,5,0.4827,0.0291,0.3868,0.0185,5701.0
isograph,isograph_res3,3.0,False,brainseq,caudate,within_cohort_split_half,5,0.5224,0.0257,0.4196,0.0126,5421.6
isograph,isograph_res3,3.0,False,brainseq,dlpfc,within_cohort_split_half,5,0.2355,0.0279,0.2631,0.0124,4766.2
isograph,isograph_res3,3.0,False,brainseq,hippocampus,within_cohort_split_half,5,0.2987,0.034,0.3168,0.0134,3574.6
isograph,isograph_res3,3.0,False,gtex,caudate_basal_ganglia,within_cohort_split_half,5,0.6458,0.015,0.5318,0.0121,4336.8
isograph,isograph_res3,3.0,False,gtex,frontal_cortex_ba9,within_cohort_split_half,5,0.6165,0.0343,0.4897,0.0143,6020.4
isograph,isograph_res3,3.0,False,gtex,hippocampus,within_cohort_split_half,5,0.521,0.0404,0.4364,0.023,4485.0
isograph,isograph_res5,5.0,False,brainseq,caudate,within_cohort_split_half,5,0.4294,0.0447,0.4381,0.0143,4667.8
isograph,isograph_res5,5.0,False,brainseq,dlpfc,within_cohort_split_half,5,0.221,0.0244,0.3073,0.017,4388.2
isograph,isograph_res5,5.0,False,brainseq,hippocampus,within_cohort_split_half,5,0.2796,0.0307,0.3673,0.0135,3154.4
isograph,isograph_res5,5.0,False,gtex,caudate_basal_ganglia,within_cohort_split_half,5,0.704,0.0197,0.5813,0.0155,3449.2
isograph,isograph_res5,5.0,False,gtex,frontal_cortex_ba9,within_cohort_split_half,5,0.6023,0.0519,0.5208,0.0105,4975.8
isograph,isograph_res5,5.0,False,gtex,hippocampus,within_cohort_split_half,5,0.51,0.0136,0.4728,0.0068,3460.6
isograph,isograph_res8,8.0,False,brainseq,caudate,within_cohort_split_half,5,0.3955,0.0616,0.4484,0.0188,4091.0
isograph,isograph_res8,8.0,False,brainseq,dlpfc,within_cohort_split_half,5,0.2285,0.0224,0.3543,0.0157,3760.2
isograph,isograph_res8,8.0,False,brainseq,hippocampus,within_cohort_split_half,5,0.2798,0.0352,0.4134,0.0045,2568.2
isograph,isograph_res8,8.0,False,gtex,caudate_basal_ganglia,within_cohort_split_half,5,0.7277,0.0244,0.6064,0.0218,2925.0
isograph,isograph_res8,8.0,False,gtex,frontal_cortex_ba9,within_cohort_split_half,5,0.5654,0.0352,0.5372,0.0134,4347.4
isograph,isograph_res8,8.0,False,gtex,hippocampus,within_cohort_split_half,5,0.4864,0.0175,0.4911,0.011,2846.2
isograph,isograph_res12,12.0,False,brainseq,caudate,within_cohort_split_half,5,0.3806,0.0207,0.4691,0.0115,3248.8
isograph,isograph_res12,12.0,False,brainseq,dlpfc,within_cohort_split_half,5,0.2134,0.0226,0.3953,0.0206,3014.4
isograph,isograph_res12,12.0,False,brainseq,hippocampus,within_cohort_split_half,5,0.3031,0.0866,0.4553,0.0071,2056.4
isograph,isograph_res12,12.0,False,gtex,caudate_basal_ganglia,within_cohort_split_half,5,0.7469,0.0172,0.6153,0.0112,2627.6
isograph,isograph_res12,12.0,False,gtex,frontal_cortex_ba9,within_cohort_split_half,5,0.6016,0.0262,0.5394,0.0181,3839.4
isograph,isograph_res12,12.0,False,gtex,hippocampus,within_cohort_split_half,5,0.4867,0.0996,0.497,0.0328,2495.6
isograph,isograph_res20,20.0,False,brainseq,caudate,within_cohort_split_half,5,0.3846,0.0411,0.5131,0.0122,2131.4
isograph,isograph_res20,20.0,False,brainseq,dlpfc,within_cohort_split_half,5,0.2504,0.0674,0.4606,0.0222,1935.4
isograph,isograph_res20,20.0,False,brainseq,hippocampus,within_cohort_split_half,5,0.3134,0.1295,0.5089,0.0087,1319.8
isograph,isograph_res20,20.0,False,gtex,caudate_basal_ganglia,within_cohort_split_half,5,0.7602,0.0086,0.6115,0.016,2317.4
isograph,isograph_res20,20.0,False,gtex,frontal_cortex_ba9,within_cohort_split_half,5,0.5365,0.061,0.5368,0.0125,3234.2
isograph,isograph_res20,20.0,False,gtex,hippocampus,within_cohort_split_half,5,0.4533,0.0836,0.4832,0.045,2114.8
wgcna,wgcna,,True,brainseq,caudate,within_cohort_split_half,5,0.4026,0.0656,0.5316,0.0171,18338.8
wgcna,wgcna,,True,brainseq,dlpfc,within_cohort_split_half,5,0.3068,0.0496,0.4731,0.0249,18228.2
wgcna,wgcna,,True,brainseq,hippocampus,within_cohort_split_half,5,0.2909,0.0884,0.3428,0.0411,19589.6
wgcna,wgcna,,True,gtex,caudate_basal_ganglia,within_cohort_split_half,5,0.7106,0.0539,0.5549,0.0391,18188.6
wgcna,wgcna,,True,gtex,frontal_cortex_ba9,within_cohort_split_half,5,0.6847,0.0859,0.5356,0.0495,17870.0
wgcna,wgcna,,True,gtex,hippocampus,within_cohort_split_half,5,0.4257,0.0947,0.4398,0.0562,18068.8
