pair,method,direction,module_id,status,n_features,n_switch_features,signed_kme,kme_null_mean,kme_perm_p,kme_perm_q,preservation_r_native_pc1,age_r_source,age_r_target,age_z_source,age_z_target,sign_match,both_sig,raw_sign_match,raw_both_sig
caudate,isograph,brainseq_to_gtex,M000,projected,1081,221,0.1908,0.1766,0.045,0.045,0.7051,0.2361,0.1203,0.4192,15.5962,True,False,True,True
caudate,isograph,brainseq_to_gtex,M001,projected,1332,194,0.6341,0.439,0.001,0.0015,0.9962,-0.0834,-0.1331,-17.7581,-18.9476,True,True,True,False
caudate,isograph,brainseq_to_gtex,M002,projected,1133,230,0.2504,0.1993,0.001,0.0015,0.0946,0.1085,0.1464,-2.0442,14.3873,False,True,True,False
caudate,isograph,brainseq_to_gtex,M003,projected,1196,300,0.3031,0.2344,0.001,0.0015,0.9492,-0.1431,-0.1477,-11.1736,-11.8627,True,True,True,True
caudate,isograph,brainseq_to_gtex,M004,projected,981,269,0.1943,-0.0103,0.001,0.0015,0.7993,-0.1607,-0.1882,-2.0161,-2.3393,True,True,True,True
caudate,isograph,brainseq_to_gtex,M005,projected,469,66,0.526,0.3965,0.001,0.0015,0.9899,-0.1681,-0.1428,-12.501,-11.9303,True,True,True,True
caudate,isograph,brainseq_to_gtex,M006,projected,532,139,0.1402,0.1039,0.001,0.0015,0.1435,-0.2242,-0.1892,-3.3223,-3.6201,True,True,True,True
caudate,isograph,brainseq_to_gtex,M007,projected,336,86,0.3127,0.115,0.001,0.0015,0.9426,0.2436,0.0593,0.9029,3.1596,True,False,True,False
caudate,isograph,brainseq_to_gtex,M008,projected,327,84,0.1472,0.0657,0.001,0.0015,0.3554,-0.2164,-0.1693,-2.788,-2.5983,True,True,True,True
caudate,isograph,brainseq_to_gtex,M009,projected,257,68,0.1385,0.099,0.013,0.0173,0.647,-0.2453,-0.1161,-3.2753,-1.7021,True,False,True,True
caudate,isograph,brainseq_to_gtex,M010,projected,162,40,0.3164,0.271,0.016,0.0192,0.9207,-0.1469,-0.1497,-4.7486,-4.7158,True,True,True,True
caudate,isograph,brainseq_to_gtex,M012,projected,47,13,0.4484,0.3748,0.022,0.024,0.9747,0.0233,-0.0524,-1.5743,-0.2314,True,False,False,False
caudate,isograph,gtex_to_brainseq,M000,projected,2161,382,0.4738,0.1994,0.001,0.0015,0.9801,-0.1165,-0.0156,-21.7884,-24.1421,True,True,True,False
caudate,isograph,gtex_to_brainseq,M001,projected,1874,494,0.2125,0.1658,0.001,0.0015,0.1707,-0.0644,0.1527,-3.0594,-7.1578,True,True,False,False
caudate,isograph,gtex_to_brainseq,M002,projected,1250,313,0.2243,0.101,0.001,0.0015,0.0117,-0.055,0.1714,-0.4523,-3.5037,True,False,False,False
caudate,isograph,gtex_to_brainseq,M003,projected,1006,279,0.2381,0.1074,0.001,0.0015,0.6282,-0.0333,0.276,2.8737,1.0467,True,False,False,False
caudate,isograph,gtex_to_brainseq,M004,projected,926,235,0.3031,0.0858,0.001,0.0015,0.864,-0.1009,0.0699,-5.9422,-5.6644,True,True,False,False
caudate,isograph,gtex_to_brainseq,M005,projected,727,213,0.245,0.1506,0.001,0.0015,0.6048,-0.0361,0.2776,2.531,1.0399,True,False,False,False
caudate,isograph,gtex_to_brainseq,M007,projected,323,87,0.1821,0.1515,0.007,0.0096,0.636,-0.0854,0.039,-3.3276,-5.4158,True,True,False,False
caudate,isograph,gtex_to_brainseq,M008,projected,224,39,0.5877,0.1816,0.001,0.0015,0.9971,-0.0106,0.1428,3.7129,-2.6561,False,True,False,False
caudate,isograph,gtex_to_brainseq,M009,projected,200,59,0.1838,0.1086,0.001,0.0015,0.2828,-0.0589,0.2216,-0.4833,-0.0518,True,False,False,False
caudate,isograph,gtex_to_brainseq,M010,projected,166,44,0.1323,0.1762,0.999,0.999,0.6235,-0.0866,-0.0444,-2.6685,-5.9456,True,True,True,False
caudate,isograph,gtex_to_brainseq,M011,projected,118,28,0.1973,0.1466,0.011,0.0142,0.0501,-0.0603,0.2154,-0.5756,-0.0999,True,False,False,False
caudate,isograph,gtex_to_brainseq,M012,projected,114,29,0.152,0.1149,0.024,0.0264,0.1111,-0.0819,0.1226,-1.3777,-0.9446,True,False,False,False
caudate,isograph,gtex_to_brainseq,M013,projected,120,37,0.2804,0.1066,0.001,0.0015,0.863,-0.0704,0.0702,-0.8101,-1.3277,True,False,False,False
caudate,isograph,gtex_to_brainseq,M014,projected,99,21,0.2237,0.1399,0.001,0.0015,0.8636,-0.0879,-0.0363,-1.8395,-3.6526,True,False,True,False
caudate,isograph,gtex_to_brainseq,M015,projected,93,21,0.2469,0.1377,0.001,0.0015,0.1753,-0.068,0.1685,-0.7521,-0.4183,True,False,False,False
caudate,isograph,gtex_to_brainseq,M016,projected,89,23,0.2107,0.1127,0.001,0.0015,0.3546,-0.0511,0.2438,0.0281,0.7833,True,False,False,False
caudate,isograph,gtex_to_brainseq,M017,projected,57,16,0.1703,0.139,0.1069,0.112,0.2892,-0.0771,0.2075,-0.9022,0.3644,False,False,False,False
caudate,isograph,gtex_to_brainseq,M018,projected,50,13,0.3316,0.1549,0.001,0.0015,0.9394,0.0545,0.2384,2.7322,0.8795,True,False,True,False
caudate,isograph,gtex_to_brainseq,M020,projected,36,6,0.4483,0.1606,0.001,0.0015,0.977,0.105,0.0671,1.0664,1.0223,True,False,True,False
caudate,isograph,gtex_to_brainseq,M021,projected,39,10,0.2524,0.1773,0.014,0.0162,0.7327,-0.0409,0.19,0.2132,0.2377,True,False,False,False
caudate,isograph,gtex_to_brainseq,M023,projected,26,4,0.7547,0.2501,0.001,0.0015,0.9986,-0.1451,-0.1673,-3.1136,-3.8879,True,True,True,True
caudate,isograph,gtex_to_brainseq,M026,projected,20,3,0.3538,0.244,0.014,0.0162,0.768,0.0089,0.1723,1.3057,0.3576,True,False,True,False
caudate,wgcna,brainseq_to_gtex,M000,projected,2979,0,0.6601,0.6186,0.001,0.0013,0.9969,0.2781,0.0215,4.2127,30.5778,True,True,True,False
caudate,wgcna,brainseq_to_gtex,M001,projected,2308,0,0.8784,0.6469,0.001,0.0013,0.9999,-0.11,-0.1184,-33.9508,-28.4826,True,True,True,False
caudate,wgcna,brainseq_to_gtex,M002,projected,2004,0,0.8854,0.6481,0.001,0.0013,1.0,-0.0653,-0.1288,-28.1742,-31.4101,True,True,True,False
caudate,wgcna,brainseq_to_gtex,M003,projected,1818,0,0.5811,0.6457,1.0,1.0,0.9966,0.1889,0.0645,-4.2484,39.3478,False,True,True,False
caudate,wgcna,brainseq_to_gtex,M004,projected,1494,0,0.8223,0.6477,0.001,0.0013,0.9998,0.1627,-0.0799,-5.8799,-10.3657,True,True,False,False
caudate,wgcna,brainseq_to_gtex,M005,projected,1015,0,0.7265,0.649,0.001,0.0013,0.9982,0.0428,-0.0074,-13.0986,10.1933,False,True,False,False
caudate,wgcna,brainseq_to_gtex,M006,projected,546,0,0.8418,0.6419,0.001,0.0013,0.9998,0.2447,-0.0191,0.3658,5.2206,True,False,False,False
caudate,wgcna,brainseq_to_gtex,M007,projected,388,0,0.7814,0.6494,0.001,0.0013,0.9996,0.0552,-0.0082,-7.3,6.4785,False,True,False,False
caudate,wgcna,brainseq_to_gtex,M008,projected,352,0,0.6841,0.6494,0.004,0.0044,0.9997,0.0841,0.0317,-5.4901,11.841,False,True,True,False
caudate,wgcna,brainseq_to_gtex,M009,projected,348,0,0.8671,0.6498,0.001,0.0013,1.0,-0.0749,-0.0827,-11.1254,-5.4131,True,True,True,False
caudate,wgcna,brainseq_to_gtex,M010,projected,325,0,0.7358,0.6505,0.001,0.0013,0.9998,0.1411,0.1291,-3.3918,25.0899,False,True,True,True
caudate,wgcna,brainseq_to_gtex,M011,projected,302,0,0.9152,0.6497,0.001,0.0013,1.0,0.1282,-0.0703,-3.6947,-3.3512,True,True,False,False
caudate,wgcna,brainseq_to_gtex,M012,projected,277,0,0.8106,0.6501,0.001,0.0013,0.9999,0.0504,0.1419,-6.1146,24.5738,False,True,True,False
caudate,wgcna,brainseq_to_gtex,M013,projected,211,0,0.6517,0.6499,0.4585,0.4794,0.9991,0.0219,0.043,-6.2399,10.2833,False,True,True,False
caudate,wgcna,brainseq_to_gtex,M014,projected,135,0,0.8004,0.6417,0.001,0.0013,0.9988,0.0574,-0.0821,-3.8511,-3.3094,True,True,False,False
caudate,wgcna,brainseq_to_gtex,M015,projected,119,0,0.8868,0.6521,0.001,0.0013,1.0,-0.0866,-0.0675,-6.7542,-1.8871,True,False,True,False
caudate,wgcna,brainseq_to_gtex,M016,projected,104,0,0.8739,0.6536,0.001,0.0013,0.9999,0.2406,-0.0223,0.3181,1.9291,True,False,False,False
caudate,wgcna,brainseq_to_gtex,M017,projected,106,0,0.8906,0.6517,0.001,0.0013,1.0,0.0259,-0.0659,-4.0815,-1.5589,True,False,False,False
caudate,wgcna,brainseq_to_gtex,M018,projected,87,0,0.7298,0.6533,0.003,0.0034,0.9986,0.1231,0.0375,-1.8477,6.3116,False,False,True,False
caudate,wgcna,brainseq_to_gtex,M019,projected,47,0,0.7667,0.6286,0.001,0.0013,0.9981,0.0151,-0.058,-2.6911,-0.6908,True,False,False,False
caudate,wgcna,brainseq_to_gtex,M020,projected,70,0,0.8928,0.6537,0.001,0.0013,0.9999,-0.0767,-0.0669,-5.07,-1.3127,True,False,True,False
caudate,wgcna,brainseq_to_gtex,M021,projected,44,0,0.7558,0.6568,0.002,0.0024,0.9999,0.0444,0.0834,-2.4425,7.0835,False,True,True,False
caudate,wgcna,brainseq_to_gtex,M022,projected,38,0,0.8847,0.6605,0.001,0.0013,0.9999,0.009,-0.1133,-2.63,-3.2911,True,True,False,False
caudate,wgcna,gtex_to_brainseq,M000,projected,14381,0,0.2699,0.25,0.001,0.001,0.3064,-0.0751,0.1618,-53.0243,-45.8732,True,True,False,False
caudate,wgcna,gtex_to_brainseq,M001,projected,1029,0,0.5409,0.2527,0.001,0.001,0.9837,0.1446,0.1758,52.4013,-5.9571,False,True,True,True
caudate,wgcna,gtex_to_brainseq,M002,projected,616,0,0.6091,0.2541,0.001,0.001,0.9972,0.0624,0.1481,22.8339,-6.203,False,True,True,False
caudate,wgcna,gtex_to_brainseq,M003,projected,508,0,0.6831,0.2537,0.001,0.001,0.9992,0.0163,0.1624,12.4754,-4.6357,False,True,True,False
caudate,wgcna,gtex_to_brainseq,M004,projected,251,0,0.6839,0.2591,0.001,0.001,0.9996,0.0618,0.0408,15.0517,-7.7313,False,True,True,False
caudate,wgcna,gtex_to_brainseq,M005,projected,56,0,0.8388,0.2815,0.001,0.001,0.9999,-0.0354,0.0344,0.8372,-3.308,False,False,False,False
dlpfc_ba9,isograph,brainseq_to_gtex,M000,projected,1056,164,0.6272,0.3115,0.001,0.001,0.9965,-0.0985,-0.2061,-4.9749,-9.1862,True,True,True,False
dlpfc_ba9,isograph,brainseq_to_gtex,M001,projected,1013,210,0.3663,0.1287,0.001,0.001,0.646,0.0513,0.1618,-0.5065,13.0561,False,False,True,False
dlpfc_ba9,isograph,brainseq_to_gtex,M002,projected,1039,265,0.2593,0.1049,0.001,0.001,0.9507,-0.1566,-0.2065,-3.2579,-4.4132,True,True,True,True
dlpfc_ba9,isograph,brainseq_to_gtex,M003,projected,840,227,0.1462,0.0479,0.001,0.001,0.6956,-0.2328,-0.2128,-2.2829,-2.2368,True,True,True,True
dlpfc_ba9,isograph,brainseq_to_gtex,M004,projected,761,180,0.1614,0.0879,0.001,0.001,0.6227,-0.2714,-0.2017,-3.2085,-2.6197,True,True,True,True
dlpfc_ba9,isograph,brainseq_to_gtex,M005,projected,757,216,0.1714,0.0399,0.001,0.001,0.7437,0.1502,0.209,0.9092,2.2326,True,False,True,True
dlpfc_ba9,isograph,brainseq_to_gtex,M006,projected,694,197,0.2119,0.0408,0.001,0.001,0.7734,-0.1977,-0.2125,-1.7639,-1.8113,True,False,True,True
dlpfc_ba9,isograph,brainseq_to_gtex,M007,projected,452,120,0.2063,0.1397,0.001,0.001,0.9035,-0.1731,-0.1696,-2.4918,-1.7401,True,False,True,True
dlpfc_ba9,isograph,brainseq_to_gtex,M008,projected,246,55,0.2451,0.0514,0.001,0.001,0.8949,-0.1942,-0.1783,-1.32,-1.0814,True,False,True,True
dlpfc_ba9,isograph,brainseq_to_gtex,M009,projected,175,57,0.2783,0.1666,0.001,0.001,0.9379,-0.1558,-0.218,-1.8356,-2.6009,True,False,True,True
dlpfc_ba9,isograph,gtex_to_brainseq,M000,projected,4508,881,0.3166,0.114,0.001,0.001,0.935,-0.2041,-0.06,-21.4563,-14.4255,True,True,True,False
dlpfc_ba9,isograph,gtex_to_brainseq,M001,projected,1483,390,0.1477,0.0399,0.001,0.001,0.7097,-0.1896,0.0282,-5.0055,-2.7363,True,True,False,False
dlpfc_ba9,isograph,gtex_to_brainseq,M002,projected,1191,199,0.3414,0.0457,0.001,0.001,0.9806,0.2102,0.1221,12.9662,-0.4925,False,False,True,False
dlpfc_ba9,isograph,gtex_to_brainseq,M003,projected,1122,289,0.1417,0.0523,0.001,0.001,0.7275,-0.1701,-0.0065,-3.2789,-2.9483,True,True,True,False
dlpfc_ba9,isograph,gtex_to_brainseq,M004,projected,979,247,0.1421,0.0657,0.001,0.001,0.4742,-0.1517,-0.0709,-2.3095,-4.4276,True,True,True,False
dlpfc_ba9,isograph,gtex_to_brainseq,M005,projected,696,181,0.2666,0.0561,0.001,0.001,0.9271,-0.2049,-0.0419,-4.1707,-2.7091,True,True,True,False
dlpfc_ba9,isograph,gtex_to_brainseq,M007,projected,235,65,0.1853,0.0624,0.001,0.001,0.8429,-0.1663,0.0109,-1.4163,-1.0918,True,False,False,False
dlpfc_ba9,isograph,gtex_to_brainseq,M009,projected,173,50,0.1913,0.068,0.001,0.001,0.5386,-0.1508,-0.1139,-0.7419,-1.5324,True,False,True,False
dlpfc_ba9,isograph,gtex_to_brainseq,M011,projected,113,34,0.1559,0.089,0.001,0.001,0.0191,-0.1644,0.0253,-1.125,-0.5837,True,False,False,False
dlpfc_ba9,isograph,gtex_to_brainseq,M012,projected,103,29,0.1979,0.0991,0.001,0.001,0.7183,-0.1732,-0.1287,-1.3693,-1.803,True,False,True,False
dlpfc_ba9,isograph,gtex_to_brainseq,M015,projected,56,13,0.2809,0.1205,0.001,0.001,0.8392,-0.1373,-0.1807,-0.5482,-1.9241,True,False,True,True
dlpfc_ba9,isograph,gtex_to_brainseq,M016,projected,64,21,0.2513,0.1083,0.001,0.001,0.9584,-0.1479,-0.175,-0.7322,-1.6611,True,False,True,True
dlpfc_ba9,wgcna,brainseq_to_gtex,M000,projected,2179,0,0.7563,0.4703,0.001,0.0011,0.9994,0.0278,-0.1807,-4.3679,-13.4304,True,True,False,False
dlpfc_ba9,wgcna,brainseq_to_gtex,M001,projected,1234,0,0.574,0.4588,0.001,0.0011,0.9945,0.4132,-0.0982,9.192,3.2209,True,True,False,False
dlpfc_ba9,wgcna,brainseq_to_gtex,M002,projected,1686,0,0.6228,0.4716,0.001,0.0011,0.9997,0.0308,0.0543,-3.9708,34.3566,False,True,True,False
dlpfc_ba9,wgcna,brainseq_to_gtex,M003,projected,1857,0,0.8063,0.4713,0.001,0.0011,0.9998,-0.1132,-0.1903,-9.8715,-14.6035,True,True,True,False
dlpfc_ba9,wgcna,brainseq_to_gtex,M004,projected,1360,0,0.8031,0.4704,0.001,0.0011,0.9998,-0.0714,-0.2137,-7.169,-16.2872,True,True,True,False
dlpfc_ba9,wgcna,brainseq_to_gtex,M005,projected,1222,0,0.5611,0.4678,0.001,0.0011,0.9829,0.0708,-0.051,-1.9994,10.7192,False,False,False,False
dlpfc_ba9,wgcna,brainseq_to_gtex,M006,projected,805,0,0.6119,0.4592,0.001,0.0011,0.994,0.3566,-0.0442,5.5526,9.4425,True,True,False,False
dlpfc_ba9,wgcna,brainseq_to_gtex,M007,projected,795,0,0.5797,0.4671,0.001,0.0011,0.9921,0.238,0.0246,2.7953,19.3993,True,True,True,False
dlpfc_ba9,wgcna,brainseq_to_gtex,M008,projected,746,0,0.7765,0.4724,0.001,0.0011,0.9996,-0.2674,-0.1512,-9.9233,-4.109,True,True,True,True
dlpfc_ba9,wgcna,brainseq_to_gtex,M009,projected,598,0,0.7618,0.472,0.001,0.0011,0.9995,-0.0854,-0.1408,-4.8161,-2.697,True,True,True,False
dlpfc_ba9,wgcna,brainseq_to_gtex,M010,projected,530,0,0.7034,0.4727,0.001,0.0011,0.9995,0.2131,0.1499,1.7796,28.6841,True,False,True,True
dlpfc_ba9,wgcna,brainseq_to_gtex,M011,projected,389,0,0.6944,0.4729,0.001,0.0011,0.9994,-0.2143,0.0208,-6.0781,12.2736,False,True,False,False
dlpfc_ba9,wgcna,brainseq_to_gtex,M012,projected,388,0,0.7028,0.474,0.001,0.0011,0.9993,0.1855,0.1418,1.1019,24.9701,True,False,True,True
dlpfc_ba9,wgcna,brainseq_to_gtex,M013,projected,347,0,0.6348,0.4738,0.001,0.0011,0.9908,-0.2324,0.0031,-6.2633,10.324,False,True,False,False
dlpfc_ba9,wgcna,brainseq_to_gtex,M014,projected,297,0,0.715,0.4748,0.001,0.0011,0.9999,0.0624,0.1226,-1.0086,19.4083,False,False,True,False
dlpfc_ba9,wgcna,brainseq_to_gtex,M015,projected,286,0,0.6491,0.4739,0.001,0.0011,0.9822,-0.1971,-0.0889,-5.2537,2.2189,False,True,True,False
dlpfc_ba9,wgcna,brainseq_to_gtex,M016,projected,205,0,0.6752,0.4748,0.001,0.0011,0.9997,0.0063,0.1339,-1.6504,16.3521,False,False,True,False
dlpfc_ba9,wgcna,brainseq_to_gtex,M017,projected,189,0,0.7389,0.4756,0.001,0.0011,0.999,-0.2491,-0.1066,-4.9423,0.6675,False,False,True,False
dlpfc_ba9,wgcna,brainseq_to_gtex,M018,projected,183,0,0.7129,0.4755,0.001,0.0011,0.9993,0.0174,0.009,-1.4064,7.9707,False,False,True,False
dlpfc_ba9,wgcna,brainseq_to_gtex,M019,projected,126,0,0.6762,0.4758,0.001,0.0011,0.9979,0.4023,-0.0248,3.0976,4.7415,True,True,False,False
dlpfc_ba9,wgcna,brainseq_to_gtex,M020,projected,91,0,0.7607,0.48,0.001,0.0011,0.9996,0.0189,-0.0913,-0.9536,1.0673,False,False,False,False
dlpfc_ba9,wgcna,brainseq_to_gtex,M021,projected,78,0,0.5766,0.4785,0.002,0.0021,0.9954,0.0569,-0.0019,-0.5591,4.7169,False,False,False,False
dlpfc_ba9,wgcna,brainseq_to_gtex,M022,projected,13,0,0.237,0.2195,0.3437,0.3437,0.0642,0.1497,0.0577,0.6693,1.4308,True,False,True,False
dlpfc_ba9,wgcna,brainseq_to_gtex,M023,projected,41,0,0.7057,0.4869,0.001,0.0011,0.9982,-0.0688,0.0283,-1.3457,4.1655,False,False,False,False
dlpfc_ba9,wgcna,gtex_to_brainseq,M000,projected,11581,0,0.2682,0.1627,0.001,0.001,0.5942,-0.1765,-0.0109,-47.2853,-33.2262,True,True,True,False
dlpfc_ba9,wgcna,gtex_to_brainseq,M003,projected,435,0,0.6627,0.1702,0.001,0.001,0.9996,0.1706,0.1843,29.5414,-0.4606,False,False,True,True
dlpfc_ba9,wgcna,gtex_to_brainseq,M004,projected,296,0,0.6817,0.172,0.001,0.001,0.9993,0.0173,-0.2005,12.0903,-7.0651,False,True,False,False
hippocampus,isograph,brainseq_to_gtex,M000,projected,818,154,0.5869,0.4637,0.001,0.0011,0.9984,0.3071,-0.2478,-24.6253,-14.0293,True,True,False,True
hippocampus,isograph,brainseq_to_gtex,M001,projected,824,207,0.5424,0.3463,0.001,0.0011,0.9981,0.4338,-0.1438,-3.2644,-1.9059,True,False,False,True
hippocampus,isograph,brainseq_to_gtex,M002,projected,702,121,0.484,0.4853,0.5624,0.5624,0.9866,0.3582,-0.031,-16.0235,10.566,False,True,False,False
hippocampus,isograph,brainseq_to_gtex,M003,projected,677,177,0.5179,0.4265,0.001,0.0011,0.9966,0.4378,-0.1593,-2.3791,-3.3637,True,True,False,True
hippocampus,isograph,brainseq_to_gtex,M004,projected,634,155,0.5585,0.2975,0.001,0.0011,0.9988,0.4539,-0.1446,-0.1447,-1.6477,True,False,False,True
hippocampus,isograph,brainseq_to_gtex,M005,projected,440,109,0.53,0.2677,0.001,0.0011,0.9969,0.4206,-0.162,-3.2585,-2.5899,True,True,False,True
hippocampus,isograph,brainseq_to_gtex,M006,projected,485,145,0.4628,0.2324,0.001,0.0011,0.9966,0.4326,-0.1434,-1.954,-1.0952,True,False,False,True
hippocampus,isograph,brainseq_to_gtex,M007,projected,382,92,0.5815,0.3349,0.001,0.0011,0.9987,0.3983,-0.1562,-5.6576,-2.171,True,True,False,True
hippocampus,isograph,brainseq_to_gtex,M008,projected,369,92,0.5073,0.3025,0.001,0.0011,0.9967,0.4335,-0.1351,-2.0318,-0.6985,True,False,False,True
hippocampus,isograph,brainseq_to_gtex,M009,projected,223,45,0.5846,0.4513,0.001,0.0011,0.9985,0.3624,-0.1541,-7.8428,-1.7118,True,False,False,True
hippocampus,isograph,brainseq_to_gtex,M010,projected,74,10,0.7947,0.4466,0.001,0.0011,0.9997,0.2324,0.0024,-11.4215,4.8224,False,True,True,False
hippocampus,isograph,brainseq_to_gtex,M011,projected,83,18,0.5851,0.3529,0.001,0.0011,0.9976,0.3357,-0.039,-5.242,2.8044,False,True,False,False
hippocampus,isograph,brainseq_to_gtex,M012,projected,48,9,0.6585,0.5031,0.001,0.0011,0.9978,0.3691,-0.1676,-3.0799,-1.4125,True,False,False,True
hippocampus,isograph,brainseq_to_gtex,M013,projected,53,16,0.4846,0.3886,0.004,0.0043,0.9934,0.3993,-0.2142,-1.6244,-2.4333,True,False,False,True
hippocampus,isograph,brainseq_to_gtex,M014,projected,50,12,0.5691,0.4481,0.001,0.0011,0.9968,0.434,-0.1966,-0.3791,-2.1384,True,False,False,True
hippocampus,isograph,brainseq_to_gtex,M015,projected,28,6,0.6383,0.2971,0.001,0.0011,0.9945,0.3893,-0.1543,-0.8349,-0.7515,True,False,False,True
hippocampus,isograph,gtex_to_brainseq,M000,projected,2402,660,0.53,0.4336,0.001,0.001,0.9993,-0.14,0.4517,-1.7349,-3.1865,True,False,False,True
hippocampus,isograph,gtex_to_brainseq,M001,projected,1588,248,0.6206,0.531,0.001,0.001,0.9995,-0.2597,0.3173,-25.6182,-37.9001,True,True,False,True
hippocampus,isograph,gtex_to_brainseq,M002,projected,1402,369,0.5361,0.2539,0.001,0.001,0.9995,-0.1292,0.4378,0.182,-3.8023,False,False,False,True
hippocampus,isograph,gtex_to_brainseq,M003,projected,989,250,0.4792,0.2334,0.001,0.001,0.9967,-0.2186,0.4159,-8.3027,-5.5228,True,True,False,True
hippocampus,isograph,gtex_to_brainseq,M004,projected,758,202,0.5311,0.3309,0.001,0.001,0.9991,-0.1382,0.4466,-0.7844,-2.0096,True,False,False,True
hippocampus,isograph,gtex_to_brainseq,M005,projected,392,97,0.5196,0.2542,0.001,0.001,0.9976,-0.2212,0.4129,-5.285,-3.4431,True,True,False,True
hippocampus,isograph,gtex_to_brainseq,M006,projected,266,66,0.513,0.3522,0.001,0.001,0.9986,-0.1419,0.4274,-0.6662,-2.6238,True,False,False,True
hippocampus,isograph,gtex_to_brainseq,M007,projected,198,29,0.7267,0.4825,0.001,0.001,0.9998,-0.018,0.3277,6.9963,-11.1095,False,True,False,False
hippocampus,isograph,gtex_to_brainseq,M009,projected,161,24,0.7104,0.4894,0.001,0.001,0.9993,-0.0039,0.3099,6.8626,-11.1445,False,True,False,False
hippocampus,isograph,gtex_to_brainseq,M010,projected,192,54,0.4746,0.2731,0.001,0.001,0.9967,-0.1132,0.4575,0.7347,-0.0252,False,False,False,False
hippocampus,isograph,gtex_to_brainseq,M011,projected,170,37,0.5271,0.2521,0.001,0.001,0.9965,-0.1351,0.408,-0.2535,-2.7687,True,False,False,True
hippocampus,isograph,gtex_to_brainseq,M012,projected,187,56,0.517,0.1907,0.001,0.001,0.9989,-0.0863,0.4171,1.5663,-1.6203,False,False,False,False
hippocampus,isograph,gtex_to_brainseq,M013,projected,115,26,0.5221,0.3489,0.001,0.001,0.9938,-0.1592,0.3805,-1.2948,-3.7583,True,False,False,True
hippocampus,isograph,gtex_to_brainseq,M014,projected,115,30,0.4888,0.24,0.001,0.001,0.991,-0.1823,0.4258,-1.773,-1.0057,True,False,False,True
hippocampus,isograph,gtex_to_brainseq,M015,projected,92,24,0.5118,0.4282,0.001,0.001,0.9925,-0.1551,0.4322,-1.0112,-1.1999,True,False,False,True
hippocampus,isograph,gtex_to_brainseq,M017,projected,69,14,0.5833,0.3932,0.001,0.001,0.999,-0.1363,0.442,-0.3604,-0.5172,True,False,False,True
hippocampus,isograph,gtex_to_brainseq,M018,projected,77,20,0.4918,0.1508,0.001,0.001,0.9852,-0.2102,0.4131,-1.4306,0.8897,False,False,False,True
hippocampus,isograph,gtex_to_brainseq,M021,projected,80,27,0.5064,0.3708,0.001,0.001,0.9986,-0.104,0.3918,0.8454,-2.3301,False,False,False,False
hippocampus,isograph,gtex_to_brainseq,M024,projected,53,15,0.5358,0.2647,0.001,0.001,0.9936,-0.0813,0.4698,0.8028,1.015,True,False,False,False
hippocampus,isograph,gtex_to_brainseq,M025,projected,39,8,0.5812,0.3032,0.001,0.001,0.9973,-0.1364,0.4503,-0.3117,0.3149,False,False,False,True
hippocampus,isograph,gtex_to_brainseq,M027,projected,34,9,0.5192,0.2763,0.001,0.001,0.9898,0.0176,0.4285,2.2256,0.2551,True,False,True,False
hippocampus,wgcna,brainseq_to_gtex,M000,projected,11521,0,0.6764,0.5977,0.001,0.001,0.9989,0.4587,-0.1265,1.7939,-3.9736,False,False,False,True
hippocampus,wgcna,brainseq_to_gtex,M002,projected,757,0,0.7775,0.5985,0.001,0.001,0.9998,0.3082,-0.2603,-32.4682,-20.4412,True,True,False,True
hippocampus,wgcna,brainseq_to_gtex,M003,projected,708,0,0.8389,0.5986,0.001,0.001,0.9999,0.1795,-0.2675,-59.0644,-20.5426,True,True,False,True
hippocampus,wgcna,brainseq_to_gtex,M005,projected,383,0,0.7103,0.5989,0.001,0.001,0.9983,0.3027,0.218,-23.1664,35.903,False,True,True,True
hippocampus,wgcna,brainseq_to_gtex,M006,projected,200,0,0.714,0.6006,0.001,0.001,0.9994,0.1833,-0.0974,-31.4669,1.8901,False,False,False,False
hippocampus,wgcna,gtex_to_brainseq,M000,projected,14689,0,0.6809,0.6409,0.001,0.001,0.999,-0.1599,0.4413,-48.0277,-39.1731,True,True,False,True
