trait,source,n_pool,n_coloc_genes,n_modules_with_coloc,concentration_obs,concentration_null_mean,concentration_p,n_anchored_modules,frac_coloc_anchored,frac_pool_anchored,anchored_hyperg_p,frac_allgenes_anchored,anchored_hyperg_p_allgenes_denom
AD,gtex_caudate_bg,500,13,5.0,35.0,33.6936,0.4118,4.0,0.1538,0.218,0.8146,0.2066,0.7837
AD,brainseq_caudate,391,7,4.0,13.0,12.1359,0.4305,2.0,0.5714,0.3223,0.1547,0.2984,0.1239
PD,gtex_caudate_bg,302,10,5.0,28.0,22.8049,0.2024,3.0,0.4,0.2417,0.202,0.2399,0.2008
PD,brainseq_caudate,224,7,4.0,15.0,12.0618,0.235,1.0,0.0,0.1339,1.0,0.1307,1.0
LBD,gtex_caudate_bg,147,3,2.0,5.0,3.8211,0.3581,3.0,0.0,0.0136,1.0,0.0324,1.0
LBD,brainseq_caudate,109,0,,,,,,,,,,
ALS,gtex_caudate_bg,389,24,8.0,96.0,101.5607,0.5785,6.0,0.4583,0.3985,0.3398,0.3721,0.2504
ALS,brainseq_caudate,297,20,9.0,64.0,69.7473,0.6595,1.0,0.3,0.2121,0.2311,0.1677,0.104
SCZ,gtex_caudate_bg,807,43,9.0,337.0,313.8002,0.3054,5.0,0.6977,0.7125,0.6599,0.6402,0.2683
SCZ,brainseq_caudate,641,37,10.0,173.0,200.501,0.8585,4.0,0.4595,0.4883,0.7017,0.5198,0.8163
