context_id	dataset_id	accession	rbp	species	context	condition	analysis_scope	evidence_tier	qc_type	required_strands	min_ip_replicates	min_input_replicates	consensus_sha256	consensus_handling	context_specific_peak_source	resolution	configured_samples	verified_sample_files	missing_sample_files	complete_strand_samples	ip_replicates	input_replicates	consensus_sha256_observed	consensus_hash_matches	qc_pass	qc_status	primary_eligible	min_replicates	min_significant_windows_per_replicate	data_rows_total	significant_rows_total	replicates_passing	min_biological_replicates_pooled	pooled_files_passing	biological_replicates_pooled	replicate_resolution	evidence_class	min_events	event_rows	unique_event_ids	coordinate_rows	coordinate_event_ids	event_coordinate_ids_match	consensus_duplicate_contexts
ptbp2_ba4	GSE206650_replicate_signal	GSE206650	PTBP2	Homo sapiens	Postmortem human motor cortex, Brodmann area 4	baseline	primary	1.0	paired_strand_bigwig	['pos', 'neg']	3.0	3.0	3cb99b962d10872bfb38eed7547fbc01597201faf0df5e494c1ef24cb6fe015a	shared_sensitivity_only	replicate_strand_specific_ip_and_input_bigwig	Reconstruct an input-aware BA4 peak or signal map separately; never count the duplicated GEO consensus bigBed as an independent BA4 map.	6	12	0	6.0	3.0	3.0	3cb99b962d10872bfb38eed7547fbc01597201faf0df5e494c1ef24cb6fe015a	True	True	ready_for_context_specific_reconstruction	False																	2
ptbp2_ipscn	GSE206650_replicate_signal	GSE206650	PTBP2	Homo sapiens	Mature human iPSC-derived neurons	baseline	primary	1.0	paired_strand_bigwig	['pos', 'neg']	3.0	3.0	3cb99b962d10872bfb38eed7547fbc01597201faf0df5e494c1ef24cb6fe015a	shared_sensitivity_only	replicate_strand_specific_ip_and_input_bigwig	Reconstruct an input-aware iPSC-neuron peak or signal map separately; never count the duplicated GEO consensus bigBed as an independent iPSC-neuron map.	6	12	0	6.0	3.0	3.0	3cb99b962d10872bfb38eed7547fbc01597201faf0df5e494c1ef24cb6fe015a	True	True	ready_for_context_specific_reconstruction	False																	2
tdp43_ngn2_baseline	GSE276985_processed	GSE276985	TARDBP	Homo sapiens	NGN2-induced neurons	baseline	primary	1.0	enriched_windows								2	2	0						True	pass_primary	True	2.0	10.0	74408.0	34330.0	2.0												
tdp43_ngn2_stress	GSE276985_processed	GSE276985	TARDBP	Homo sapiens	NGN2-induced neurons	stressed	sensitivity	1.0	enriched_windows								2	2	0						True	pass_sensitivity	False	2.0	10.0	58105.0	24498.0	2.0												
tdp43_nk_baseline	GSE276985_processed	GSE276985	TARDBP	Homo sapiens	Directly converted age-retaining neurons (NK)	baseline	primary	1.0	enriched_windows								2	2	0						False	not_estimable_low_yield	False	2.0	10.0	1.0	0.0	0.0												
tdp43_mouse_young	GSE276985_processed	GSE276985	TARDBP	Mus musculus	Whole brain, young	aging	secondary	3.0	enriched_windows								4	4	0						True	pass_secondary	False	2.0	10.0	68172.0	16365.0	4.0												
tdp43_mouse_mid	GSE276985_processed	GSE276985	TARDBP	Mus musculus	Whole brain, middle age	aging	secondary	3.0	enriched_windows								2	2	0						True	pass_secondary	False	2.0	10.0	435560.0	264192.0	2.0												
tdp43_mouse_old	GSE276985_processed	GSE276985	TARDBP	Mus musculus	Whole brain, old	aging	secondary	3.0	enriched_windows								2	2	0						True	pass_secondary	False	2.0	10.0	457357.0	264372.0	2.0												
nova2_emx1_cortex	GSE103315_NOVA2_CTAG	GSE103315	NOVA2	Mus musculus	Emx1-positive cortical excitatory neurons	baseline	orthogonal_primary	2.0	ctag_pooled_bedgraph								1	1	0						True	pass_orthogonal_primary_pooled_only	False						3.0	1.0	3.0	pooled_only								
nova2_gad2_cortex	GSE103315_NOVA2_CTAG	GSE103315	NOVA2	Mus musculus	Gad2-positive cortical inhibitory neurons	baseline	orthogonal_primary	2.0	ctag_pooled_bedgraph								1	1	0						True	pass_orthogonal_primary_pooled_only	False						3.0	1.0	3.0	pooled_only								
nova2_pcp2_purkinje	GSE103315_NOVA2_CTAG	GSE103315	NOVA2	Mus musculus	Pcp2-positive cerebellar Purkinje cells	baseline	orthogonal_secondary	2.0	ctag_pooled_bedgraph								1	1	0						True	pass_orthogonal_secondary_pooled_only	False						3.0	1.0	3.0	pooled_only								
nova2_emx1_cko	GSE103314_NOVA2_CKO	GSE103314	NOVA2	Mus musculus	Emx1-positive cortical excitatory neurons	Nova2 conditional knockout versus control	orthogonal_primary		perturbation_tables								1	2	0						True	pass_orthogonal_primary_significant_event_catalog	True										perturbation	1.0	2682.0	2677.0	2979.0	2677.0	True	
nova2_gad2_cko	GSE103314_NOVA2_CKO	GSE103314	NOVA2	Mus musculus	Gad2-positive cortical inhibitory neurons	Nova2 conditional knockout versus control	orthogonal_primary		perturbation_tables								1	2	0						True	pass_orthogonal_primary_significant_event_catalog	True										perturbation	1.0	1970.0	1964.0	2212.0	1964.0	True	
nova2_pcp2_cko	GSE103314_NOVA2_CKO	GSE103314	NOVA2	Mus musculus	Pcp2-positive cerebellar Purkinje cells	Nova2 conditional knockout versus control	orthogonal_secondary		perturbation_tables								1	2	0						True	pass_orthogonal_secondary_significant_event_catalog	False										perturbation	1.0	603.0	603.0	685.0	603.0	True	
tdp43_motor_neuron_ega	EGAD00001008426_TDP43	EGAD00001008426	TARDBP	Homo sapiens	iPSC-derived motor neurons from two control lines	baseline	optional	1.0	controlled_access								0	0	0						False	optional_controlled_access	False																	
nova_rbfox2_motor_neuron_ega	EGAD00001008428_NOVA_RBFOX2	EGAD00001008428	NOVA1; NOVA2; RBFOX2	Homo sapiens	iPSC-derived motor neurons from two control lines	baseline	optional	1.0	controlled_access								0	0	0						False	optional_controlled_access	False																	
