probe_index	scenario	dataset_id	seed	replicate	run_id_gpu	run_id_cpu
1	feature_space_interactions	59b85fecd0d0017f	30	17	479ef0e1807b78fa	55272f367ef3a3ff
2	feature_space_interactions	3cd413003ab2af09	16	3	5ad3d944a182cb4b	6f70f71f5c55141e
3	feature_space_interactions	b11c2d1dea14248c	23	10	216470b7934ecba9	14137500e575ece9
4	idealized_switching	050851351bae7001	16	3	ac8d7cb9cd42ef4c	a35c2e98493ce066
5	idealized_switching	259f14cdbcc5b027	42	29	684e2e08e55e1582	8f0331f3546c545d
6	idealized_switching	0922b3957d8ad8ab	13	0	e48016eb8f988da4	b81173e157fcb27c
7	negative_control_noise	1f5994066b63ad9c	17	4	e10c7fe54e4cfd8a	0cb32e912edc0aff
8	negative_control_noise	b58cf01c6a0cb716	19	6	78d11247de7d73f2	84f95cdeec54a64e
9	negative_control_noise	9e025e24bc9c9a1d	29	16	36bfa6f8222ea4f7	238678607d345029
10	noise_stress	b2a27d6f935619b0	19	6	87485d24d31cd06e	c2e6080c12283736
11	noise_stress	f70559173eee1cff	13	0	b901d5c8498dad10	c4bc7aa8e7a39965
12	noise_stress	5726374a51097ca3	16	3	73aa62b5b8c8fe42	ea192721e9b7036b
13	non_switching_background	9980c711273528d8	31	18	fdff10cdde5a9606	7913ade517d2fadf
14	non_switching_background	f3a7359b40b71e9d	24	11	cba414cc87d58522	957363ab80fc0b0a
15	non_switching_background	f6ca07e83add7764	26	13	59d72b8db1f53649	036e328317a5cf99
16	scale	db7893274510f0f7	14	1	0154b6eb093282c1	7b3693fd447e6291
17	scale	95d6124e1490c7ce	20	7	0038d39bfb75b194	8b27a9cc63468092
18	scale	a63b5f0f68bd1d85	16	3	25f5313237f69d82	cd7f655909011ea3
19	scale_realistic	e0e3cdb6a2dd4fd9	15	2	4a3b63ea0a3db58c	b416a08998bafe29
20	scale_realistic	d7f22a4e9f2e411f	26	13	7019d65fb4c894c9	73075193235299bc
21	scale_realistic	6ad38870f00f2195	17	4	12c4ad828a8357a0	d034ad2b1abe10e3
22	unequal_isoform_abundance	81be6f5c3d72f1e8	25	12	4ae073caad4da2bd	295b0d5360ea93e7
23	unequal_isoform_abundance	e2f876d14d023fb4	32	19	e9790a9e7949e883	83d3b6d5d9109ae1
24	unequal_isoform_abundance	57fdbc908f3015dd	29	16	f022b547e8924c8e	db584285a7505902
