cohort	region	method	n_modules	n_genes_assigned	largest	median	mean	largest_frac	n_modules_ge_900	partition_sha256
brainseq	caudate	isograph_vae	28	5742	797	53.5	205.1	0.1388	0	4623240220ad65bf8cc2aeee331179009a5b43f9e12257c47f89fe23ad962903
brainseq	caudate	wgcna_gene	21	18449	5727	274.0	878.5	0.3104	5	016e77f8152c055eac389cb7e8616f1fc60c00f505595c544bce3aae02610c15
brainseq	caudate	wgcna_switch_only	9	4062	1263	209.0	451.3	0.3109	2	9eeedf1fc4249ed28604c0de7685a700da1fe8c4aa8bc5464a214b798da6bbb8
brainseq	caudate	wgcna_multiplex	30	22111	3156	371.5	737.0	0.1427	6	6d2de39530dfdad1fa80c2a5905a6d5df88d5ae0233f49f0bcd51129cdf2495a
brainseq	caudate_sczd	isograph_vae	33	6169	795	63.0	186.9	0.1289	0	86682c7a70ca521d40e30a73a489fa0bb2365fe401ab88974a1e0a85f3e40f18
brainseq	caudate_sczd	wgcna_gene	23	19368	4633	269.0	842.1	0.2392	6	f0a58c54cdfa8c22ca5ce325a3ddbc1ecd42581b625e5b3bb72806a0f9e7f522
brainseq	caudate_sczd	wgcna_switch_only	11	4649	1212	341.0	422.6	0.2607	1	e9c5b65002213f87df88fd664860d2acf6bd782bc645e9ac113901fc6e2b5583
brainseq	caudate_sczd	wgcna_multiplex	30	21830	3868	434.5	727.7	0.1772	6	8d28dfc477ba1df4211d4f7e7ab4be5300e1ded67a152d5eb2efd15079b97601
brainseq	dlpfc	isograph_vae	38	5349	658	84.5	140.8	0.123	0	92f714207dc9175770488cccdecc4c57de4f8f7c32e0a1f302f3af114e8bd950
brainseq	dlpfc	wgcna_gene	25	18991	2996	500.0	759.6	0.1578	7	d8458c82af8b7fd7e1dfe4d0ebae0cde837e89cdcf2724dd25b2c6361d7ed14a
brainseq	dlpfc	wgcna_switch_only	18	4730	841	162.5	262.8	0.1778	0	ac8bc3585ff9a1e313e727230ccffdaceef46ba11dff42b4959a5cf576e98f47
brainseq	dlpfc	wgcna_multiplex	25	21039	2843	649.0	841.6	0.1351	10	ec0fdedfce93d0108fba379fabffa1071b7c898fd9226b83ee4f7891fd4123f1
brainseq	hippocampus	isograph_vae	32	4112	544	81.0	128.5	0.1323	0	ef2df8b3c7be948d33b80f24b65f07a44b6a1c811e8ccc8f4349ac7397ee2726
brainseq	hippocampus	wgcna_gene	9	19665	14574	616.0	2185.0	0.7411	3	7945cb713ed7bf65e8cb532a8544a4f570ba7c1489e5bd6b7466da3ff08fb1ed
brainseq	hippocampus	wgcna_switch_only	11	3638	1068	180.0	330.7	0.2936	2	c3f77b50c5d53c5f2960b0972d497d41796f068b9c84136056eff98c1fab0dc3
brainseq	hippocampus	wgcna_multiplex	32	14266	2409	162.5	445.8	0.1689	6	25f4bd4eef3a726e43e4a2d995446751f4564211605197397948c1f5391551db
gtex	amygdala	isograph_vae	24	4825	1241	59.5	201.0	0.2572	2	d246022db5f4a0fbfe5d4cc955a01c71b93972739bfd6b8615ceb996402660fb
gtex	amygdala	wgcna_gene	7	17937	16129	338.0	2562.4	0.8992	1	10ca6643f052c55b111e20ae47141213a44e98bf0211f2d13c401394480a8e1f
gtex	amygdala	wgcna_switch_only	12	5816	1276	352.5	484.7	0.2194	3	f07fef5c729c19d2355c6dfeffebfd506e1924a97c3a035e6e7c3ee4ab87a5e5
gtex	amygdala	wgcna_multiplex	25	21844	8796	447.0	873.8	0.4027	5	ea582f59d776dfbfdf84b39dac96c8de979f7f73d0c1e9c78635af1350aaf731
gtex	anterior_cingulate_cortex_ba24	isograph_vae	21	5827	2517	71.0	277.5	0.432	2	b2edc4a526b697440d934b5404e09b547012fff839bab55a64cb49add2f7ef67
gtex	anterior_cingulate_cortex_ba24	wgcna_gene	7	17814	15128	387.0	2544.9	0.8492	2	31fe73e51d42c012a1edb97384773383f8c8f3cf9e102215f5838cfc9d168ff9
gtex	anterior_cingulate_cortex_ba24	wgcna_switch_only	17	6577	1757	159.0	386.9	0.2671	3	6584939ca0666d4ee2d1237c2cd70e0f9f2d827640fa511872a0aab242c0e4c3
gtex	anterior_cingulate_cortex_ba24	wgcna_multiplex	16	22849	10814	738.5	1428.1	0.4733	6	ef34011cf128c7b6756bd5f7aee9cf26a7f8f3e75454cdf49d0d9c9e7ea103d6
gtex	caudate_basal_ganglia	isograph_vae	21	5349	1808	74.0	254.7	0.338	2	469e0039bb13e88c9f5b6536d31d8c6e943bfb43f48239c11d889d75275362fd
gtex	caudate_basal_ganglia	wgcna_gene	6	18202	14371	806.0	3033.7	0.7895	2	adba072df0046c301f40ed0718f304e1a9abc29c5a11046d1c448af687b7b11a
gtex	caudate_basal_ganglia	wgcna_switch_only	16	5969	1161	194.5	373.1	0.1945	2	e8b19638c241d95f45663a92525d96d52baf90004533477dae5afc59417edb18
gtex	caudate_basal_ganglia	wgcna_multiplex	19	18819	9370	283.0	990.5	0.4979	4	b59f5fa636ad90dc146c42d344d5e58d7fbde6043f842e7f9bb406a383a61678
gtex	cerebellar_hemisphere	isograph_vae	22	5896	1776	99.5	268.0	0.3012	1	c8053997e2d3e06aa5dfbb192c4db0fbf9bc41c5f1484060b66469875e1ebc5f
gtex	cerebellar_hemisphere	wgcna_gene	12	18280	14307	290.0	1523.3	0.7827	2	e4a4827041aae6cfa2ac468baeb2344f601f9598eb74e18bbae2f6072962dd9d
gtex	cerebellar_hemisphere	wgcna_switch_only	19	7128	2080	199.0	375.2	0.2918	2	4458a131c2fa7db18617856f0518f5346c0cfbde642fc3591a4f94b5c55b2732
gtex	cerebellar_hemisphere	wgcna_multiplex	35	23783	6125	202.0	679.5	0.2575	8	b930b78dd5091fcc77eec1b4e87f4ccbf085a5a8de5db01230ffa9c3e286036e
gtex	cerebellum	isograph_vae	19	4060	1303	146.0	213.7	0.3209	1	916be1346bb43db40378bc81ffc2f6fad449599610981f327ba206cdfad5c9e0
gtex	cerebellum	wgcna_gene	16	18330	13739	214.5	1145.6	0.7495	2	ec88b33d5815134cf6416c8bc3cfe7d403d94ec3fd937f3eda41eac4b2d4f89f
gtex	cerebellum	wgcna_switch_only	20	5050	1371	147.0	252.5	0.2715	2	c7a3e33804c062f9f00683fcfc3dd4fb51f780e29594e099c909c09b67a30f51
gtex	cerebellum	wgcna_multiplex	29	13555	3083	211.0	467.4	0.2274	5	9cae1cbfcc6d90e419b6f574afcf673d90fac3da1d849a343ae4e27121efa367
gtex	cortex	isograph_vae	25	4511	1724	88.0	180.4	0.3822	1	3def1c0e15fcfca5debd146fed8e431fa007377e40c02b6335ad107a2d9e075a
gtex	cortex	wgcna_gene	11	18147	13817	322.0	1649.7	0.7614	3	db6b7bb7c87977c4b4e0e570f2ed453602ab0ee659c59dfae310f10aed4ba632
gtex	cortex	wgcna_switch_only	17	5204	1716	120.0	306.1	0.3297	2	efac3008537ec81a7e7781751547ac6773ce0465404e502069941e8a9378eef7
gtex	cortex	wgcna_multiplex	31	21315	6917	146.0	687.6	0.3245	6	5b24db54e9f9aebb27dafdb1e91f5a0518ca2631aa94baa89c7d700fb4422748
gtex	frontal_cortex_ba9	isograph_vae	25	6849	2467	86.0	274.0	0.3602	2	7fe73d7d73d8f1f361940ce0b1888f28a3f1b2a090b7681f7965a22703603ceb
gtex	frontal_cortex_ba9	wgcna_gene	7	17980	13847	718.0	2568.6	0.7701	2	3fd187b048735baf56bf1977d802611945c03ac0823bc031069fafb01a8b0891
gtex	frontal_cortex_ba9	wgcna_switch_only	19	6629	2384	87.0	348.9	0.3596	2	3d36489eb57d3b288a3284b1d1af5500536597ca3f9940e1a02208500f8bad75
gtex	frontal_cortex_ba9	wgcna_multiplex	19	22640	8221	473.0	1191.6	0.3631	8	34c316e186fce690c358c0df190bb72c8ddb24d40914dc49c12135266ec0e128
gtex	hippocampus	isograph_vae	28	5372	1369	59.0	191.9	0.2548	2	0acfbf21ac3180af492df663b33447ea6e2d3b86b5a45c8875fa0d4de7b731b1
gtex	hippocampus	wgcna_gene	5	18181	15931	702.0	3636.2	0.8762	2	c27ea8c67f7b928d66e7230fa73924da4d8e9fd12da58124d15c546d5462a84d
gtex	hippocampus	wgcna_switch_only	19	6289	1639	197.0	331.0	0.2606	2	e2699367b027be24436bec2554304bbfa62dc855cab499045a50ac8df264af17
gtex	hippocampus	wgcna_multiplex	24	18390	7900	177.5	766.2	0.4296	4	65b9fb9d7c753a9da3e7a6728da20e486dbf331197101afeeacdfa5a22485097
gtex	hypothalamus	isograph_vae	29	5060	1611	64.0	174.5	0.3184	2	43d732f3ba905c7feb4dbe7c0cb57e739150a5f00112c0a7d9fbb3a7d26b3a59
gtex	hypothalamus	wgcna_gene	6	18702	14688	565.0	3117.0	0.7854	2	bf0f90ac026aef8cf18732dc81daf91b7a3447d8989f6f426666113530345c91
gtex	hypothalamus	wgcna_switch_only	22	6572	2005	90.0	298.7	0.3051	2	c5747ea04285d7bae535a0e827bd0c35d99bd0908c80df403c032e9f92ee7715
gtex	hypothalamus	wgcna_multiplex	17	18497	12531	242.0	1088.1	0.6775	2	64a84a42736cea4d13e2bd4343d70b900355d26b2b4d57ac51c30012a5e19675
gtex	nucleus_accumbens_basal_ganglia	isograph_vae	21	5083	1914	70.0	242.0	0.3765	2	0753a44f758c30bf3f36ae352cdf8593719684f3152f73fa57ed1e93d44ab40e
gtex	nucleus_accumbens_basal_ganglia	wgcna_gene	8	18315	15957	349.0	2289.4	0.8713	1	a34ba9be49e21834e1b969f5ff0fb3573a5312bed52eb2f67d5c090089be5863
gtex	nucleus_accumbens_basal_ganglia	wgcna_switch_only	18	7099	2045	136.5	394.4	0.2881	3	8fec67fe02202b2aeff57db3d2c6cc8535be8c7ea5f8521b853c212b8df73025
gtex	nucleus_accumbens_basal_ganglia	wgcna_multiplex	20	20392	11182	283.0	1019.6	0.5484	3	ed063a1ae7782adafe414ea7a8e43d93155093e33dde69b65ca5a6e7ed828dc8
gtex	putamen_basal_ganglia	isograph_vae	22	5143	1644	96.0	233.8	0.3197	2	95811f166d04ed9d086b0169e9be0bea6bfd45f4d4bfc267e2a301767afda703
gtex	putamen_basal_ganglia	wgcna_gene	7	17796	15002	330.0	2542.3	0.843	2	6641ea80e4cb3e00634ff5a2a72c9c97311a7922723b1322af9e2405108321ba
gtex	putamen_basal_ganglia	wgcna_switch_only	20	4921	954	81.5	246.1	0.1939	1	fc89e3504d40f8b1cef832be18de2c7b8b9f1552f777e644ff50b49f728823c1
gtex	putamen_basal_ganglia	wgcna_multiplex	23	17629	11698	99.0	766.5	0.6636	3	27a64cc45d69ca4bf3074a959dc8cf7e80d14f057921e7c22302bbcf8d2cc2dd
gtex	spinal_cord_cervical_c_1	isograph_vae	27	4076	1489	56.0	151.0	0.3653	1	cfb3331f87d1ae1cf734e2dedd9756a0880e6ffdaf54dcdcd50bc2da644ec92c
gtex	spinal_cord_cervical_c_1	wgcna_gene	7	18140	14229	706.0	2591.4	0.7844	3	d9a0d4f9dec36ddc2e40d84b8126a73fe863eae01989e20f5b0f0ec7d8e83274
gtex	spinal_cord_cervical_c_1	wgcna_switch_only	18	5464	1715	133.0	303.6	0.3139	2	174c073dccbc81d7b28b34a125baffb29c8f2e6f0900d1ba22385f63d4769606
gtex	spinal_cord_cervical_c_1	wgcna_multiplex	19	18278	11291	175.0	962.0	0.6177	3	71754921c05b5e7c14231c1c0706877515742720590683c06a82807233e3cf3f
gtex	substantia_nigra	isograph_vae	29	4895	1360	62.0	168.8	0.2778	1	1623d918a496b042554e190b54f4d132aa16feffac73b5080d82dc1e1b560443
gtex	substantia_nigra	wgcna_gene	8	17915	11171	890.5	2239.4	0.6236	4	35ba81c7d27e8d01081b980e377dff91d9124a14480455b9e8f62ad288388186
gtex	substantia_nigra	wgcna_switch_only	20	5389	1549	97.5	269.4	0.2874	2	119cbc20565059c5454f11d8d8502c11d25387d7897aab430ef92beefb077ba4
gtex	substantia_nigra	wgcna_multiplex	29	22123	6316	223.0	762.9	0.2855	6	01f9a59a24cd545c9e62bd12db99966223f7b6623881e0d2b754256ce1e80fb0
