method,model,measure,n_pairs,n_concordant,median_gene_jaccard,n_finite,mean_matched,null_mean,null_sd,p_emp,mean_concordant,mean_discordant,n_permutations,seed
isograph,linear,celltype_r,38,1,0.03763948364398799,38,0.20810964604059332,0.03957921542839869,0.06814390749078005,0.005994005994005994,0.27099265397127636,0.20641010528571002,1000,13
isograph,linear,go_jaccard,38,1,0.03763948364398799,24,0.09711878846436645,0.029597674419731327,0.018891779433280815,0.000999000999000999,0.42727272727272725,0.08276426938574208,1000,13
isograph,linear,structure_r,38,1,0.03763948364398799,0,,,,,,,1000,13
wgcna,linear,celltype_r,52,2,0.07084028562014674,0,,,,,,,1000,13
wgcna,linear,go_jaccard,52,2,0.07084028562014674,52,0.13559211977660543,0.13928535773792403,2.77694638204588e-17,1.0,0.08565737051792828,0.1375895097469525,1000,13
wgcna,linear,structure_r,52,2,0.07084028562014674,0,,,,,,,1000,13
isograph,spline,celltype_r,38,0,0.03763948364398799,38,0.20810964604059332,0.03957921542839869,0.06814390749078005,0.005994005994005994,,0.20810964604059332,1000,13
isograph,spline,go_jaccard,38,0,0.03763948364398799,24,0.09711878846436645,0.029597674419731327,0.018891779433280815,0.000999000999000999,,0.09711878846436645,1000,13
isograph,spline,structure_r,38,0,0.03763948364398799,0,,,,,,,1000,13
wgcna,spline,celltype_r,52,1,0.07084028562014674,0,,,,,,,1000,13
wgcna,spline,go_jaccard,52,1,0.07084028562014674,52,0.13559211977660543,0.13928535773792403,2.77694638204588e-17,1.0,0.0,0.13825078879183297,1000,13
wgcna,spline,structure_r,52,1,0.07084028562014674,0,,,,,,,1000,13
