cohort,region,method,n_modules,n_trusted,frac_trusted,median_coassign_density,median_null_density,median_best_match_jaccard,n_split_half_pairs,n_both_age_sig,n_sign_concordant,median_driver_rho,frac_positive_rho,median_frac_dtu_without_dge,median_frac_in_wgcna_age
brainseq,caudate,isograph,13,12,0.9230769230769231,0.41121598003465093,0.12426755791244828,0.31698652511229075,67,6,5,0.7500000000000002,1.0,0.00411950097057733,0.42853860294117646
brainseq,caudate,wgcna,23,23,1.0,0.5064174985992833,0.13914752089692015,0.34693580651027456,118,6,6,0.8164677732234761,1.0,,
brainseq,dlpfc,isograph,10,10,1.0,0.44653933233298626,0.11014941311091184,0.29807991056518524,77,0,0,0.7172448030400841,1.0,0.0014748447935524123,0.36406727828746177
brainseq,dlpfc,wgcna,24,24,1.0,0.4277337507112705,0.087666344935345,0.2801589219736845,128,2,2,0.8251653162738342,1.0,,
brainseq,hippocampus,isograph,16,16,1.0,0.3469204036780841,0.09525812635380435,0.16544249638616332,85,0,0,0.7450292311335158,0.9743589743589743,0.0,0.9962301587301587
brainseq,hippocampus,wgcna,9,5,0.5555555555555556,0.6385472478082708,0.5533989812081156,0.38827838827838823,44,0,0,0.7954576543705222,1.0,,
gtex,caudate_basal_ganglia,isograph,28,22,0.7857142857142857,0.3088744121787421,0.12404514182793565,0.1835668089165126,156,0,0,0.8078471128359711,1.0,0.0,0.0
gtex,caudate_basal_ganglia,wgcna,6,6,1.0,0.8112815859701924,0.6346727110499446,0.6095145331849333,37,0,0,0.8116715077853602,1.0,,
gtex,frontal_cortex_ba9,isograph,21,12,0.5714285714285714,0.23826627385211596,0.15462965847024235,0.13745627186406797,109,8,8,0.8215874966097989,0.9736842105263158,0.0,0.6550037780203174
gtex,frontal_cortex_ba9,wgcna,7,3,0.42857142857142855,0.5690251225954794,0.576072433804784,0.5050960983845887,40,0,0,0.7929750158353263,1.0,,
gtex,hippocampus,isograph,30,21,0.7,0.2337314628060806,0.1280428364457027,0.11916150545182803,147,9,9,0.7941974366797427,0.945054945054945,0.0,0.9043062200956937
gtex,hippocampus,wgcna,3,1,0.3333333333333333,0.62944540862753,0.6892636766521609,0.6143346439269061,25,6,6,0.7762789811229172,1.0,,
