batch_id	resource_class	run_ids	n_runs	estimated_minutes
B00001	vae	09e87d8465c8f6ff,7be0c2e5229177a8,22b6561b93bbf451,647e1c46b0e2d10c	4	75.0
B00002	vae	d8a2cd110f514e1d,3d13d4521372e28c,7daa7f9ac95446ef,6c96713297d4832f	4	75.0
B00003	vae	8c9615c249f378f8,33e999b6c6ea9ecb,1566ad14ea0d1027,ebb55ac3558fc1cb	4	75.0
B00004	vae	971adb51980f1935,5f0a7b8e792c6657,11b64e0fdf54d756,3144300657425245	4	75.0
B00005	vae	d6984142781f7e3c,b8bb790d65b434c5,7163d658a3220698,8dff64af6188e436	4	75.0
B00006	vae	891c107c3a04eb11,64e5ab5bebc76d43,342622a307a45208,a1e37d7ceef729ac	4	75.0
B00007	vae	9574532bb830325f,f9db494ef635beef,8457df28a0fb51ed,ecc57a0c8075866c	4	75.0
B00008	vae	e23e276be2cf4f2e,4f3266232140da57,bf61cf3c00f6a50b,4f62e93bfd6fc0e8	4	75.0
B00009	vae	d075e0db35e55629,ac8270a918d3fad8,737d1c8240ad4191,900fac9412845cd7	4	75.0
B00010	vae	8c09a0cb7ab04783,48535100358343f8,1dc2e483085c56cc,207027ee715614fa	4	75.0
B00011	vae	0c7a54a9b6ff0461,5d058dd1a70dde3b,cc55abadcf4a9521,c3d99ab6b9e42120	4	75.0
B00012	vae	aba07d21574e75b7,552886b9dcface0e,a9e830289cc2a4a3,6cf4a03d8e64492d	4	75.0
B00013	vae	9cc4a36048554d8e,e65c65e2ad370422,b2a81a3494172ca1,cd86c3a36040b2ad	4	75.0
B00014	vae	24882bd23880fc50,e9bf864a077ceafc,871e02e8b2b0596d,d009e77c64bb4cc8	4	75.0
B00015	vae	81d08953f4094a79,0f7be4e349afa999,88ccc43810ea8620,713dc8604f222af9	4	75.0
B00016	vae	4afcab6116384cce,808dd1754053006a,5778b8a58ce3d162,100a4e9a497889ea	4	75.0
B00017	vae	6339003006d4e037,e3ff723fcb73ed31,33f2e4b577f5d08d,b3fab63e884444b0	4	75.0
B00018	vae	8088ce0b30a8c7cd,21393495fe8e86fc,87be653a83523531,c0a4e10f0aeb4299	4	75.0
B00019	vae	c80d3baee7c3194b,380ebc7c84983097,f6ee33bc2df6b517,975967d94daf9736	4	75.0
B00020	vae	73fe77f0037b9541,33d5da067e9af27f,4bb9b007afb32050,3ab24e295d5b8584	4	75.0
B00021	vae	409ebcf03239a3a6,01772a35aa3e6b97,d21edd103e7329a8,3c5f7d8b7be7e6c2	4	75.0
B00022	vae	93ce6726e2164b71,21c3223a3a625f7c,6e0d2f47cb1349b7,adb441f5d44f5577	4	75.0
B00023	vae	f14d4f7db056a441,04862954625870f4,64a71976af070df4,cbeef3da19e4eef2	4	75.0
B00024	vae	4ce19ad9e92cdc3f,db95e85eaa2d51ea,44bf6c4756583536,afc65d0181fdc693	4	75.0
B00025	vae	3416bf52ec9955c1,81b8c5e8702deaa5,b30293554aaaea89,286d608ae7c04287	4	75.0
B00026	vae	1fc8de52318a0fae,82a097b5232f84a4,7c4e15778b4f89ae,b265b42d587309ad,d93601def71e3518,565cf611d82a821f,a1087f2643d18774,b685b70ad0170d0f	8	75.0
B00027	vae	d306215c49978acf,49ca5edaf6a46c46,24b9c3b707fd8b2f,c5d380e34374edef,2b31cdc9af78a4bf,145cece55ca18bb4,3cfcf8c71370ca74,83eb4fb912711729	8	75.0
B00028	vae	c262bd6f3d112655,f9b80b8df1e5abd8,d05082aba4cccf55,dde944b0f9ec6a95,d8b640ceeb04c456,e37586d2c23afcde,67629a6b178d6ffd,c8e1d08e53d4d4a5	8	75.0
B00029	vae	a1add9ebe465aef7,edd3a2a9022579a2,98a482053f965c33,5e1c613120d7b6c7,2499857159c0278e,7a8812da64d9e5cd,ecddd65a149d2f8b,852e3632a64e9ece	8	75.0
B00030	vae	b603fd6ec51e7a92,e39f7fe605ad4fc8,2ac37435de6cab60,33fe1a504a3397a7,2638d4257fbc306e,c3ea3d1ef36f72b0,897813f658598976,ecdbec719f685d6a	8	75.0
B00031	vae	d1257943c22eb72a,1a7aee5496159933,526c6fae8cd0d2fd,0ff323e0df0dacc3,3cc1fc5b8ec97d2c,8de76fd20976ac61,906e21a3f2f485cd,7d1d5b7922b7d80a	8	75.0
B00032	vae	5e6f308767853cfa,899c46c75219f9f0,2a987b4505dbc747,fc84ad0e246f92e0,55e0f4fd5afcb5a7,965a2540f9fbfd1d,07ae3a95d7f69ff8,9305dfcadd39575c	8	75.0
B00033	vae	3134b082da632403,ad5126fc6eb9584c,f3074c7fcf7dae9c,85cd9b239f87d03f,58dff3f9ba60974b,9ee34b3993c71bbd,706f697e43aea0b4,7ae0bb7910529fec	8	75.0
B00034	vae	73e50b7cd03978b6,4440b3665d160a82,fcc11cced20d925e,a9bb4118e383baa6,c97bce8725ac582b,febdd62f4d328cd8,5ae530d86e408d59,21ae1a25f847f720	8	75.0
B00035	vae	c1d0e7b6e0a62b8a,1a2a574409413ffc,d66e818c59fe606f,55b46029ae5cfef0,a50daf355539502d,3c4c4762ebda86e5,2644c504f9c7721f,824bee38a6bd9cfe	8	75.0
B00036	vae	69d510b164137f9b,5524e46bdc02fdbd,ef49f254a2f8702b,080f34b9e66d5238,10f4a6fc20ad3ea7,645e98a4526fdf3e,51f69c4c145c0078,4c7e2f688485f086	8	75.0
B00037	vae	2b0ed9e42e1c0b7a,3a3a95224193208e,bc9890c0307d1780,2e42650e45a4579d,1f6b78198f851726,2a64ea3f7d933b03,10cb132f1ee346c5,be1b2247bfd5c98c	8	75.0
B00038	vae	0646df09b478fcc9,2da5ea325cf5230a,2e362a2ac33dc0a6,7d6d915f1c52d7c3,fdd373ab53663db7,1365283f98cb2d17,7fd8aff6998f8a0f,da010ef469f5fd80,e70f12a854977a15	9	75.0
B00039	vae	103404a9e7a54deb,b485790b48a2f58e,9b81e55a3dabe069,4629f4b9c1b0323c,a4eda8146d58e688,63675143b84721aa,850e92c004c1311c,c5d2dc2441dec63e,cea08b8de55366d5,e91da9c87fbad530	10	75.0
B00040	vae	8b4acc51b264b17c,122f5438b9446553,f152cd9490e542fe,5f32c2bebe1777e0,e54ca1d18f0514ca,19f150ac3d9565f8,bb39528ecf19beb1,251d1617b44035e5,60e9c68d77fecb8c,781672679547eb01	10	75.0
B00041	vae	56ff6a81fa9fb2e8,d54ca879bfb5587d,4d1a6fe556841d9d,aa19f731e78285e2,0a43a95a28287163,82004f17705a71eb,f35bd6d47ba797ad,8bc27b3088ef0655,1b13361f683d3a8a,41c799d4cd25a045	10	75.0
B00042	vae	575e02ebcee67354,28640b19bdd54949,e2cde48851ff9e7a,cf035b414cf20ce3,149e5915685e2b9b,9478733508b15ee7,9f36b50790dcc723,9659c28964c0558c,57db2c7ae002db75,1496c8245dda05bc	10	75.0
B00043	vae	2a61e3ad9b891d88,71112a6cf882cdf7,6d05cea93b62e14f,20fb160d1b01c906,777914fd838391b8,462d23f5a3327f23,707882e3b85b09f0,b4dcbb8714786e27,446000a1e92dabad,7160821251a566e1	10	75.0
B00044	vae	b646a030cdc0998e,3e26a200a1f193f5,1d478b9460ecfcdf,7643e3b9abb175b9,8dcddf0a05129ea6,8ab5fed4454dbdc1,dfe8f97f07d6c8be,a8beb9ae3b4e3818,db7909b3ab42899a,80a64243a5781152	10	75.0
B00045	vae	203e1dee47101cb5,23ee97e849c3add9,af57c8bbb6f6314d,dc2d9198db87a9f6,a69e82fe389b9128,1bc5d885afb21a05,5d254c3430fa0ef4,e087e3b8919e770f,4a68ae9fa9bdb80a,61441c1c051938a9	10	75.0
B00046	vae	553acb1b5db47df9,51068c64a23eb27f,57ad3cbbbf74c0b3,edf8437d79fcd1c3,7738be964d7e6dfc,7f68c4a36863fc81,63ebac8573d3988a,e83676dfdea6ae08,1efd2a03bafb1fb0,c74bef07f37470bf	10	75.0
B00047	vae	4519e4131e658e04,ee6fa281e15b0307,6edad92a10c9c5f4,4de1b0c4099dc0d2,b3e5027fd9d0fbd4,85b3d1a8ab6e3be7,a2a3258a51b4b42a,6e3f445070517ceb,0334fbe6a199114a,b4fa9193f307f0ae	10	75.0
B00048	vae	72bd1bdd6ea50075,d12eb954e21d6b32,9418ff72aafeada8,718cfb9104548637,ccbd7889f41231e4,b9bb345eddb54aee,3fc7fe7ac38346dc,dd1e58e25affe825,784086a63324966e,e9df351ad3d54c70,f95500b78c542099,2745dfdf24a2de6c,06008aea95c88a23,b391bbd51380123e,3257a7015ca257e5	15	75.0
B00049	vae	d7ceacbdad544640,892a77e88c24f6b3,72bed0607596ae76,cbc7819a3e844777,ef71177010497b55,01e7a3e69e713ac0,25bc54d5e5bae9cf,d6a6cb8fb421f28e,78b87d8225de84c3,5e6b2319e9cea2dd,83ff60eade8381c2,5295b6d9d4418e01,75c1b9ba25541439,d0eb8ad65a0b271b,edc508b9b8cda5cb,760aba7a2c14b4bf,61cc0a3057bbd58f,5eb40c219e7171eb,4d2934721675baba,3fca5abff663c22e	20	75.0
B00050	vae	0e8af6ccd3e33fca,eb892fc4bd69ea25,68e98c24e574d585,8abc7c807ed19365,cde6180c9fae4498,5db1e03876657f3a,b5518ed050164d6a,f1d674a2d3518b2c,19319df8a765cd4a,39f31917ea1b5f49,0b4f9ddbebae55fd,6df78f4a74c45de8,590514d38ee8acee,28fd21c0d3151829,6f9777c25afca116,91ee2603b43f093b,2b75b907ca40633a,c316ea029a00c994,66fd284726ce2dc5,521788198d1313de	20	75.0
B00051	vae	f2dcf3fff4ca71eb,f1b6a36e19d82c5f,b7d08eccc23a1d0b,2fdb74a51ef8be00,13c56cd551573376,f61300e9cab2f03f,3d9395a423a47f60,65fa581112f1535b,a3b7aa6a886cde75,60111cd7d859aa8b,eed0c01e72cabc1d,0bffb1defbd2bd59,641a8464f4d2958f,afc0b73ad79d7468,fb757fcf3440e178,90a4d5b7cb39ea11,cb5bf4f16dc50074,8ff9f667ea53922a,20f581c65bc1c78e,1cd3b24c198241c1	20	75.0
B00052	vae	06f957ca035dae50,c77c19c241adf9f4,362d964870575ba7,0e7d291ebd70376b,0b79354643a5137a,d0bbecdaf568f03a,b293ea276d4caea0,b04a3a03fe5ef7de,4e950a1eea9be2ec,9c157d772191e818,9af1c8b8e600c9d9,217bb95971324c8b,9d7f5439426d7d9b,e296311db9f29450,f938fef8a68753c9,6116417f5d8a2a75,5c2148f3107d3746,dd87801cae531e0d,0e3835154b4a2dea,b9059e51c73cd06d	20	75.0
B00053	vae	0cd0747e6b7f4dc4,3c86b9bda22e4c75,0cc1e75c2406bbfa,8a1ebab65483706f,bf9f062742ab5306,fb46725267fc1c30,050bc057d51040b6,3bfc11427396b077,9e2420d3c0072b43,917cd02a0bec942e,cbf4d89c78224465,56b4a1e7311597a0,bc2cf48f8bcaba86	13	73.5
B00054	vae	b52ac8f27b19a31f,4cdc02d14ff4fe4f,0d1d0063af4bed61,dfa77f660c3e5af2,86e66e827ea6efd5,e2f16826ed28323e	6	72.0
B00055	vae	71261b5035e5c2e6,f4a62c5faa9b1d72,fcf12b2879b609de,8e924c7fe605830f,73ea646f2f58d19d,9c6550e190626532	6	72.0
B00056	vae	2f96dcbd1e70b662,60e701bdd78bafd7,3d8ab37464dab77b,660f5110094095cd,50e979b1fb2e0faa,fb57d67c385ae2c6	6	72.0
B00057	vae	edd4288703b28aa6,be66db9ed815147f,a4813fb1d0e3c532,6a0626161fcc587f,588d830524aecfe4,d1853f445fc12e35	6	72.0
B00058	vae	c5b337effb611a38,a8dcacfc5f64d9ac,a5f6f11c33320c88,8a37c6974c0e1cb3,31b463c247b22f09,f786ae5342488dcc	6	72.0
B00059	vae	b4d5ef85136be3d4,a3f91b56f627836a,ce8294b3d32eb8ec,2f4d632e1a65967f,0a9b6b6d4bb5a597,7e28f2da5bfac89c	6	72.0
B00060	vae	f9d36988ddacf4ce,192af2c6f33a3c10,31fe3fa276e90430,47cb3627f6d368ce,7669c315308c9610,ac69ad104da4f876	6	72.0
B00061	vae	849472044ea0b972,1908e9de4b56e272,d03ea03015432362,87a69090665bf5ca,ae6c58c2569c3b72,76a18cc254e5c703	6	72.0
B00062	vae	357e475b760a17c5,e2f16ff1445b3fc3,f5dc21e96d98d2ce,be819f0a1298de15,60eabe078e3eed27,99ae541f18768b47	6	72.0
B00063	vae	e7d3c1a984151283,e3eb2a6e2212d313,52a59fd4d40b31f1,d0126cb4a4763756,5949c3762c36d6cd,edab40eed18de71a	6	72.0
B00064	vae	ed041ac2a4544645,4ccf9da7913758c5,d19c0c392bd6a4a9,d6f232111d459623,0cb3a4417eca0fb7,cb505a0d6ac6706f	6	72.0
B00065	vae	7faf84961f1266bc,7aedcd5fd595e049,a8f127a48bad194b,e26af103a162bad8,b8543b73644ba8d8,79b9d1048f3c4d62	6	72.0
B00066	vae	44b24bc3ca51331f,1df8dcc982b6fab6,d34f02eea55eac06,9d52cc6cc6160ad8,92d2533a4d010d92,181db618a555f13c	6	72.0
B00067	vae	36bbbd6e2776327a,d8e5c8b8c708b5d6,c6d393d746859f2a,5e8666d3c56485e7,fbc24adf56be85ab,e156efa1da5678be	6	72.0
B00068	vae	30d2fc97b75c062c,b4570832b0f6a2ec,5833fa912c8a9de8,d5aedbf6ee3f38d8,545d45dd639aeeea,c6bd0872f028c423	6	72.0
B00069	vae	47e2718177ed3ccc,6c1c89084bb8e71f,2b4585baea5be1d8,29c3ae5f4c419027,922e4997708708e3,f713d2036caa490c	6	72.0
B00070	vae	8e9a8c277254a9e0,8a1244a5b7d70d9b,772740f0981c84ee,8bcd324062c4ab83,17b0fbfb555c374e,338bb86a1764c4c6	6	72.0
B00071	vae	1c058e84ab542f0a,799297323e663a1e,7175d631d3d562ba,5dc3822b219055f1,924916d30f1fc843,9150922de16d45d7	6	72.0
B00072	vae	853e393bf3295bd1,67143a29e3a6b222,2da842b28c864f70,53743f5e4ed9a8c9,2f57d6e7ee63d373,69ca3c62cedefd4f	6	72.0
B00073	vae	8e9e25650342b1b6,e0702759b348c5f2,0ae8b175c4abb950,41e334327e37e455,6fb1e68c12ed4baa,b92f49fa454030da	6	72.0
B00074	vae	13c75c7579579aad,8f8a22a9b9885497,44145b2ed5b1f960,25297e2f9cfe26cd,c85f6e7897fad2ba,1543aff860f3ec82	6	72.0
B00075	vae	05afaafa242c8f01,dbd2dd38cb25dc6e,f5f01f8690d6a1cf,2ff2798bf32411d1,acb4d3f184263cdf,f49fb7c51fd7ad19	6	72.0
B00076	vae	12ed0de4a7092f93,741e27fcead93edb,68195e9359d07a4f,dbc0fc2088936467,ea81327d7c390ec3,af825f8d1a27390e	6	72.0
B00077	vae	4cd52420e86fbb0a,b714bc108bcafefd,c2e49bc7411f4ead,3825a9c9eaad7849,440888ed7b8a7018,cad284c62b5d4869	6	72.0
B00078	vae	dfdf468525013b94,53288ed9ee0340ae,322d00bda840a094,00a7e0c5be1dea68,79e22cd1247f7c32,ee85fb3e5142b189	6	72.0
B00079	vae	92cc6bcfc39f7726,c889ca15b62ba8db,9cdb62dd9cc2a21c,0c4c0031135b8853,865f066e8025fc57,3725b830877f16d4	6	72.0
B00080	vae	931888f50f943b96,2103b5309febeb6e,dcf11fd0882ba6e7,44b4f0673d16c8dd,64668c9f419f6a41,24d3a1528d67afd1	6	72.0
B00081	vae	0de4a3d8043aee4d,68a0ce7bc3f6f213,18c77eeba6385874,a5a0cfc3b9c4cc65,686fa107ea122201,167bd835d8fc01d1	6	72.0
B00082	vae	347777d3e8f1eb22,29b5f76de4a630a7,e25148547365aaaf,1a3e4ba16cda653b,47d45b55d255c6ba,e1c9ccc072060a63	6	72.0
B00083	vae	19daf555089af535,9936d736ebae4d4d,9f875a311b3430e5,9d33cc4819fce154,e8b5c7533c241aff,293ed8ca879e8d41	6	72.0
B00084	vae	bcf72735e0aab0a5,2f36d3182ded006a,f64e92e6b34136a3,53dc34cf6cae4597,5501ca7832ffef04,259996a8a59bb1ba	6	72.0
B00085	vae	a9e04dc72108e295,f162df13e1be673a,06e9b5f8730b4617,f820cda818c73337,09efecb9e9d431c6,83a2a07b5b529333	6	72.0
B00086	vae	a7c88b259e13bd05,2f49e0ae70ae702b,b5c255b2aa5d0d5b,825e316b52ce8e1f,ee89aac0aba4263d,ef60315e8d76a4b5	6	72.0
B00087	vae	fbad56dd9d997d29,d40345200c31ff0d,bec76068d0669dbe,aecd12e0b036dc05,73df066df264f697,8c44d19442c8229a	6	72.0
B00088	vae	85902f1eb029c601,a05ecd1e97940d56,954885e3f32f5580,4a43d516c66eca00,9434b196d46b2713,ea3fbc3206a015b9	6	72.0
B00089	vae	0e321a76ca4eef3b,d84cb193872bbccf,54c5412f259d0658,27e2ecf52ed0cf25,373301077a9ccf64,f52dd87e584da803	6	72.0
B00090	vae	6129797e22008e6b,de917c42df1b1cf2,e9f3704c84788bf4,213a918bc172be18,a547a136755eef13,f7315e1875f9a28d	6	72.0
B00091	vae	af4d98db88260e99,69578c96b5715deb,beb2a795c8b60d82,1037d23b2362250d,4b45d739e82ca2c3,de1248cfaa6d2abf	6	72.0
B00092	vae	ef33703596c1fe13,1075d3ac91248634,030fd4e0ec25605b,4f1acb35f88a9f63,c3213deb4f0c5e51,142c0e25db6670ad	6	72.0
B00093	vae	61bc4a81d2b6ee90,d7290e5a14f9c112,78222db8f28507db,baf9fddfd5f3e8ec,5e871e927e23f3a3,5580d44e136babe4	6	72.0
B00094	vae	cb116cc8f9cf9c3f,7da4a9e9e8807800,86bbe3725e426f25,5a599cd986d6db79,01f411152e693600,2244c45ff9814382	6	72.0
B00095	vae	d3f0e353679cb952,c66e12017eb18230,589d7a9a3993fc28,bae822c6ae10d1c7,68afc281aa9dbfd1,52a4b223b34381a6	6	72.0
B00096	vae	9e54fd093f61633b,af5c29656a58d648,1b6c138e795047eb,03644cd1e7acaacd,d0e46b48ea8161eb,605e78bc8fefb5ac	6	72.0
B00097	vae	632320008cdbf245,c002dd9cda66ae87,170f807e379cf1d4,c31c485a2bb0af8c,dcfe0f72a9625e55,8d1ecce173d23b0d	6	72.0
B00098	vae	1a44705d3cfe8436,7ab1520c835dc8a2,df184e23a8ccc5ed,0fb42a6ecd5d0106,b7d6e0e257d56676,f45c97268a701488	6	72.0
B00099	vae	d6ad07fb93348cd0,b9c3a88785efa9ab,ed7f9a97563f90a0,5c7393b616d371de,121ddc28ea72463a,b6d2b6cdf11630cf	6	72.0
B00100	vae	1028d664c978412c,134066c9ad7dd650,74012256d0434d6b,c580180a43c2fa3b,9d2c4adeb7b78df2,1308d3380fe970c3	6	72.0
B00101	vae	bf200be13f769f2d,b8ebc8af69b6f9aa,ecf4d852166e1662,198ced003454bd3a,0dd98c35c15462b4,0f32085a00d8599b	6	72.0
B00102	vae	8fdb39c84e35c8f3,c0eb3eb7bf792664,63cc184bb4a4ede6,a2d9375cc4699768,6f3026147b63a1bd,6b58f3faf169fdae	6	72.0
B00103	vae	2fb7ce7a4a8e72c2,1b0911c1a3a9fd2e,c5e382f91af1c5cd,525ed6964e847266,4c366851cfb532a9,abaf85a94d3f8ab8	6	72.0
B00104	vae	2a5ae224659b3e30,64223780ab6f6346,5b443caf0ccecad5,2cdefb67d5da90f1,92ca9e0bda2d7a3f,99682a431848f56e	6	72.0
B00105	vae	d2b0e2cc7fdf2637,b5c4eb574b5d7c18,77829f6a4de8b03d,ff8828e9c57a8ee0,3dbcfd419915c4c5,1a8e1bc05a1304d6	6	72.0
B00106	vae	641e81fc1170f40d,1ed222a76ba5dab4,7899bc7cca042ccc,bfcb149d86edc2c2,78fbfc132cda8f0a,3d8e71b29c59bcc3	6	72.0
B00107	vae	77e56204d8974933,1c5b58fd28041d11,e1637f53b7243080,ac26a63484cbeded,5d260b4dc328f717,255147312d5f9064	6	72.0
B00108	vae	21cfe3401c519bc6,b6d0a7bf82ed61b5,6469cb678261528d,57ced3eda7a8342a,fa758ca2cb366ec5,7f92b7f442148d94	6	72.0
B00109	vae	b88ba11e5bae15e9,8aece6433170c423,5efeb41d92122b95,4f6aceadbd432e65,fb5e11ec65f0fd0f,1c8c2684d8130960	6	72.0
B00110	vae	47e7789cb3fb1328,9b450326b8821204,7bf2ad339f067d0d,39884e35112346ef,8dc8fb3c773b2d40,35db87b60183b496	6	72.0
B00111	vae	cb48c5ab14124c33,43ba5379fafd44e6,5ccd67af2b0378ab,d815ea669faf58d1,4e18322b89be79ad,8ccb2d8807a2d9bd	6	72.0
B00112	vae	5af6436c9d68c6a7,8b6917e6787ff24c,9c5026467f446b0c,3bbef0a2b3a98959,6b9772579d7b78f1,8af456543ba1a3cd	6	72.0
B00113	vae	4c81841a0a970b13,a2613f059212ef02,da8d3d3f1181254c,41e6c41f08f90e02,a6881add53fedf7b,76339af8eb4fd186	6	72.0
B00114	vae	cce92433a90347fc,25b6efb25f9c50bb,c69024d53628266f,4b40851ac4fbbea7,720ac2616ebaa818,b7e77bcb18077b6c	6	72.0
B00115	vae	c23c598448dda5a0,985b6e21321c68bd,c8b88fd0cdb13bd5,3ca92cb05ae7c107,9b7ab12b402306a8,5cbc00308a3d1c5d	6	72.0
B00116	vae	d68472aac0e83cad,af2633c8f980efba,e3c0b5dd727e59d5,6dad89424ca3c58d,b34248dc95825521,57cb9757b838cc4c	6	72.0
B00117	vae	52f34a8cba311753,b34a90625063a551,c64df7296d18bda6,4d7a839a16ab21d7,e24e4c9d361f506b,e4b6c2688424be96	6	72.0
B00118	vae	45a554f37c23b4d6,c0afccb105e8b061,ce6813d3388037c9,d13650b383befb12,2d747b21446be97c,98f6a90447652d4d	6	72.0
B00119	vae	30f114acbecadc17,cb4f8acd0975e9bc,7a522d86a1d62578,e4df491bafc96f1e,844cd0707c48fd17,1478a57f0293a697	6	72.0
B00120	vae	7bbf6f777580cdf3,945a01ac28752b79,5624f53fa99e8184,57ae2e1fe5b2c31e,f2522edea8f49fe6,b6cd05079cb71ad6	6	72.0
B00121	vae	510bf9ed82932f76,7124a5951539ebb3,c31f30e612d8b550,5d6f8e5801fd445d,550e4fe86a06aaca,970cb72b27c874c8	6	72.0
B00122	vae	cb735879cb2ef84a,7153855397cbab02,ddaf94dab4aad2d5,3e320f7ff6f54191,5691320b9ee5254a,1b12debe712a4d0c	6	72.0
B00123	vae	076ece2202a4cf9e,5c4e686686ed6d6d,66f935352323ab16,647ec04a38125e64,e8604cfebcadc18f,0415cbeb8751556f	6	72.0
B00124	vae	2c53b882cda0dd49,a013abe50d1f3741,41aa620577fab948,45c7fd820d73ab82,656ebdd15c6a6e86,c09633512acd5252	6	72.0
B00125	vae	f18400d80f5d8cb9,fe3aa9c241850c9a,6a7c31776a864012,9e8ef3b0119bd9d2,2e837d11c4590156,9045ee10d186bef7	6	72.0
B00126	vae	f44b60918b4bf342,ee00b4a3fc51dcca,d8f8a070e3153a5c,8f4eef4e361a1bf4,30e2e2175ae383ea,c6e8cb71affd203a	6	72.0
B00127	vae	a42227f470d22c9e,11026fb31f63d095,b212540520accd1e,fec66d50d5c44c06,f1e7f0d9494ae66c,a67bd96143dc7af3	6	72.0
B00128	vae	09960cff3a997bc0,9099f052f3a41d8d,0e8d5691be23d782,66d353ae25bd02c7,56a05ce711acc703,a840bb0dfc921ed2	6	72.0
B00129	vae	305e264c79537c3b,da7cd8cceaf2ddaf,4508f0af2ecbf3c6,c045277f84aab6e8,f1cab9956df807e9,006ff2be8ad80d4e	6	72.0
B00130	vae	2f104b52a2a766a0,36c7c96676419d3d,e96ed5a0cf6738c9,496f4544b5da63a4,46a481e651935ba1,f63705450f2db92e	6	72.0
B00131	vae	c25a64074da08565,88720d24e85e0a54,d4cacf46d537701a,8026baea7218387d,463ed1ffe0af53ed,1986d3c02824b954	6	72.0
B00132	vae	428fa13aa9f77764,52336d77e5f614bc,351fdc46ab01dbe5,90ec9f24879ce1d4,e66a8a17db38e962,56d6ea28b8a55ee9	6	72.0
B00133	vae	b3d2b6efebd34bf5,d56f743ced907cae,5550c6e595f3a62a,c911cf3e91035d50,31704c5abe55ef0b,763564fa7b13849b	6	72.0
B00134	vae	be2ec15f0c4a1161,5fd8f810b8019a98,48304e81d8e7ba05,c479fc998c2c4930,8b6dc6122672d34b,ff71e90b78dc7227	6	72.0
B00135	vae	2d7288410ae38846,ba08f4dc408dc7c2,caafdc4ce7343b61,fd1874598d36f691,1526fc265be3bd0c,8e3150f177c15298	6	72.0
B00136	vae	c1e24a5407eacbc3,0246a08cb42b6ec0,86b7590ab00ba8c3,fb03fb253dd495f2,601a1e103cdea9f3,73af7533e0ea7fd4	6	72.0
B00137	vae	56c8c3d7f3f7cfe5,6d44604b821a806b,48c2a775d5c22565,3516e33dfcca9364,dc401381a08e72cf,28ef78a43f2738a5	6	72.0
B00138	vae	48fa0cbd61fe3516,4a8b4fa39af0724b,79d59716afe672f9,6429ff59879972a4,9f34c411855f1040,3644362897c0fd4d	6	72.0
B00139	vae	8e28769863f28f16,ed40aca8a8525721,69df320b484824c4,9f9c127bd17995e6,6652493902d2375b,f3b3b08a95559065	6	72.0
B00140	vae	0ae437c0c1e23d3a,8a5ff363ac5e779b,b96ac48a8d490927,f8693f2b405ac0c6,1c29e2345d92cf9e,36190c02fb40d1c5	6	72.0
B00141	vae	4dbc9f4064a64a9b,375e7e3a463340a2,5f06d549197f6dc7,f588c17be2421ddc,55dbd0d94606c910,5fc64e4d1d18fb15	6	72.0
B00142	vae	e2570178fe781d15,ad0b58f74e61f847,eb69315bf7887648,54d3a12c27937297,a4bfcdceec3a29fc,d40b03fe5118bf94	6	72.0
B00143	vae	353b0adeb1fb5046,dfd98d256efc9fdd,56c8613fcc2b6363,4163a5c489845a79,d126102d388b8ebc,ececafdc1428e610	6	72.0
B00144	vae	4789890c137e3942,7893d6e3a8bd094e,c9aec057fd281a16,a8d138aa12bda9b3,8bd8d5887839ff27,f02f462bf36f91f6	6	72.0
B00145	vae	e212f195abd7cb9e,cf161cff14f640be,b61b2f84d56da98a,024c346fd6818c5c,b39b5e7f0b2141d1,eaba68c21c5540aa	6	72.0
B00146	vae	edd0fcf6d13859e1,898c74f149eb00b1,f7d797a68bd761cc,e228488c3c90eb95,cc42fc652654bac3,03ac75e8df3959f7	6	72.0
B00147	vae	d8e1d2e3660c7318,be7e76b724f8756f,b0651f2d06a8a87d,1a899cca6bd99b3e,af718edebf09e36f,86ef3bc8022cb06e	6	72.0
B00148	vae	3cfe017276bb6fc4,4867b35124de7c4e,665ca54477d452a4,dfba88b694ce4479,06e24070b1a6b95e,1f27130b32cd32aa	6	72.0
B00149	vae	e6d33659a3134ae1,a886e7b02e2c6807,dfe887489429ef48,88b4ad124abefe20,5361f0a487cf17fa,55b9701edc161de9	6	72.0
B00150	vae	e56534ec33d31315,892cb87d59513dce,d7fea9a6f91e9bcf,3d1c86fb07ff6c9f,85643b52d3e9e9c8,a664dd58accd98db	6	72.0
B00151	vae	e4f9fa6b8d73ae58,2d1b79f4c9afd6bf,2109dc9bb2d45fbe,e08a4a43b89c1a89,e0e5f5626db01fa9,dddb86f425f6bf1a	6	72.0
B00152	vae	941ca1f8d2cf5667,0b7a1c19dd01d88e,96f37190c38f7560,616e0f44b859ab97,4b34bbecc153b319,2870d24ab80598cc	6	72.0
B00153	vae	5daa47ea318123d1,199303999f42f265,c5ebb6aff7eef0e1,da5a9732496b0e8c,99877fe18b381d7d,2b4193b7e00df6a3	6	72.0
B00154	vae	253e919b7080d60a,07d4f98dfda2dc05,db8e193f29ddb4c5,c5697e63ac53e8c8,6b119167358e2fc7,d11721c694054412	6	72.0
B00155	vae	69abd789eb2a876b,a8f33f2d87f85c8b,75d8b520a521805e,7a75fd36ca4e4f16,70e84f5cef8682d6,68ce7849a9e8fb23	6	72.0
B00156	vae	b1c40db7cda05e14,1b4cd7429b50c8cc,f0a9a8d7e937f0d4,734fefdfc3a2cc1f,a1d6edd11b337015,0add2ab3f96febb1	6	72.0
B00157	vae	208358addbde7a6e,772b03a3f2f115e4,2a7b29a0f9f226f2,e284d30195971a7e,bea5db2cbb3faf23,32c89d832abe87ab	6	72.0
B00158	vae	d0150b1f77c5c3e1,5c87cf559259930f,e01fa4ebe583f903,469308ededf90e89,1f06384f224fb974,f462141137fb969e	6	72.0
B00159	vae	15b47df35cccf5f0,35d7023d5f06da38,e79566742b4090a8,ca48bff4edb70b0f,835deca86557b54e,13c2bfde67ca57ed	6	72.0
B00160	vae	8daea105ce3ecd12,1a032932595d64e6,0023424db551f6a5,f400dd83c8799341,679027bcc686c517,75099659fa04911f	6	72.0
B00161	vae	6e5031c1efd8262e,6ecbb0e22ae9702c,c375c2b24d7d5346,e102a7f8c66bd1c4,ef826bf276508a25,75ea64caaefe1a25	6	72.0
B00162	vae	6349d870689cac18,b1cf68777e2348ce,aaa767007cc6d7a5,7fa429164762aac9,334f9e7691a61de6,298f23700f413f6a	6	72.0
B00163	vae	9e8df269e374288c,b1df67e3a0d89ef3,64f2be49b7a5a6c3,eeb0710e5d7f5cc6,189cbf84ed00124c,b8b2e33db7221276	6	72.0
B00164	vae	43245b5c87b69370,50e3a1fe27d4ffe5,6e5d5a142f2cb797,85c565c3fb6d1fd3,73c481574c46e181,3e15f269b230bfdd	6	72.0
B00165	vae	c3564ac6a7d2db09,82f2ecfe7d543495,66fb758c62f718aa,b05fdb9c05f1ffdf,59a71c4fca0485fc,cb4e02a330631166	6	72.0
B00166	vae	746b95c0a20ed20e,50ae66ad06874a29,60f97dd3eb911ed6,710920ae4817ac69,3f913d658f913f5f,09d458a3f01d7bfe	6	72.0
B00167	vae	ccf737b198e06d64,dbf45e5e236c239f,4feaf87389c383dd,33ecd84d24b30463,9be7e49eec2c4de2,925f1188af73f374	6	72.0
B00168	vae	5398bf5e7ebedc04,636b2d6a706ab71e,00bd523d9b64674a,27ae0e23d8699192,4ef7db4cd88d3809,a04ef68f1417664f	6	72.0
B00169	vae	9e7f86ce9a38a6e2,f2d415f6b81f4d85,47b2c14355094b03,bb1f21f7ac27dafa,cd0fced203819971,78dabfa8954409a3	6	72.0
B00170	vae	ae3a86e049bafdc3,57b4709822d631bd,5024e14e5b6e8cdf,8d1abd335bc248d4,a07a1d0405d0700c,18a58af467989c36	6	72.0
B00171	vae	d2b463219bb82478,cb6d645e5766fd31,2ab33ea422e33e29,b588a8d09c9e2cff,484a22433de5d378,e378b70056aa9766	6	72.0
B00172	vae	93c73560030451db,95e651dc63261201,939792986321aaf4,f356afadf0315997,8113a367209f66bb,c7320a289c9541cd	6	72.0
B00173	vae	0dc33957852efc9e,6c6581f57010ecb8,581513b7e9b5a614,9b30c6538e401580,16cdcdc483f036c8,4f28fb1fc83da7ad	6	72.0
B00174	vae	ca1fa4bc25163959,f77e1fb2dc9168f2,e279616e39f84e4a,da0ce5a6636144b2,178e38a7b869c7b4,bed5d66d6b8de152	6	72.0
B00175	vae	4ac2d2774697ef93,69927b80e1120163,52aec913edadfe30,7c01d6e21a7f9590,1c39ebe0d8fd9de4,3e9572b35a88f80b	6	72.0
B00176	vae	138e968292288f0e,b978b4d65a4de8f4,c4ab5c54c1ee3662,47e11f083b11a5bd,752dfcad9dd062d9,a4660c9ca5965168	6	72.0
B00177	vae	c5a5f58245cc0b1c,2e953b1bf989fa4d,9e55ec92a72026e3,1d73f0aacef96a97,a2a38d201c9d9bf1,46721757e25ac996	6	72.0
B00178	vae	2ef85063a9979da5,542c9cbdb207f8be,12d2be31a10754a2,fedb257f79f81a6d,f6173eb53b043c62,b9b79207b95a7db4	6	72.0
B00179	vae	c9969a2a7a788b84,0080955eb163a2bd,d94c26f36ac5b8e9,75f085c9d6e0726f,a73b0975403e1ecf,770eeafd2eaba20f	6	72.0
B00180	vae	b48b0740f6d26f08,1baf97ad737b7de4,0fee4e3eb02b0940,67ec076f8cfd09f6,862433b40c6dd66e,715c23e3f482ae30	6	72.0
B00181	vae	a9495a052669c27e,76210f6f8de01531,ac28f50941950382,9d154de7eaad5c9d,ba87c4aeec147536,7c7a7a8d401b846f	6	72.0
B00182	vae	65e2cdab9e491f4b,c776b46357aaa9f1,678ebddd62a2ea59,90c9e186e4576fd2,5f733abad475d586,8dead1be126c45d3	6	72.0
B00183	vae	60219ba6f725c0eb,cbef97eb72f70128,9936c6db89f6ddf6,b8af259307e66bb0,22d8fc897502dadd,fa7c549f35e9759d	6	72.0
B00184	vae	3030e94dbe210fbf,db8d2b2a8e02ccd3,78332e6690406f51,9139220ec970d080,47314f97b3e49fe6,a8aaf7a7580ade22	6	72.0
B00185	vae	84b21fc6d3d63a19,65027505e9ea5ad4,17dadd5f6cfce858,6f99c8f8451e0460,263324b57b3cac97,895b5c8e4ba3a20a	6	72.0
B00186	vae	07b901dcfc8b8c9b,e927121b456c8a0f,8f9542380f7abe8e,ac6657d2ed279930,10731bf77735196f,3e05894bd172220b	6	72.0
B00187	vae	4809be07db59e712,66302cd64709fd36,ec5573eea453f5ab,c6e542c7144eff7e,944d1fe3428edc2c,6440d36983b3b706	6	72.0
B00188	vae	9a803564fc3ae04c,5b52f27d1b2959ef,b0df39f5d9b9e529,240eb71dd997a7b4,d41783972feba3a5,ef3e6c9fcf3290aa	6	72.0
B00189	vae	5375a9930028635a,a1fdaa04ab6a987f,1d1846eb3a76a58f,6e761184362ed92c,53c7a6e5034264fc,c890e3a5a9d83727	6	72.0
B00190	vae	305ae7e91ac49ac1,1632848a54721488,58977b78af04b884,5a73b811a8468d9b,aef490655ac66a06,630b85f4d752c129	6	72.0
B00191	vae	ae7dc6fe7cf6b754,b3ff1409af07a8e2,7579ec771dd88c6f,e759e39912c938f0,6a2f82687cd03215,6d2e10a4f11ee942	6	72.0
B00192	vae	97300d29a890e933,7d74ab2114d40ef7,d7edcc6b406a0dc0,e3139da8789deaf8,8d4d95a3a33a0ba5,a8384e96c7f976c5	6	72.0
B00193	vae	87350c4638352428,42855c449c7d9449,9f386dab602e1909,7a1c5030c5808a55,571fc372ee966970,87ee788b2b6011c1	6	72.0
B00194	vae	e894cfa4d1ab5960,fad9c1081d4a7f38,a14bb5cd56b2dee2,fe3e9024ca7eecf2,81d8da2d96f516a6,a54873520f24034b	6	72.0
B00195	vae	4dcee3881b7a4eca,4695c4877eb131fb,1a2e674410d36f89,d834d9bf12647f59,ee3beb9fee0ee96a,491c47c41b44a133	6	72.0
B00196	vae	3202e2b637b1f982,e9de30ed7a765d58,2ee7cda919d33ddc,f15d4c7f94343907,e70b3370a3f619a7,d56107b1910d43ce	6	72.0
B00197	vae	4b4a9686ebc0e85f,c0e4985b345719d7,e1095943a7049879,204209c2867cb42d,068891904fa2c38e,54a28a98978ca616	6	72.0
B00198	vae	28653eb3d8e36462,fa34b4aac0a4cfdb,e4e97c72046c6724,fcbd34464c7c32d8,fce8d5142875fb09,244d2508efe1e8a7	6	72.0
B00199	vae	ee7b4fc1f3775beb,a7a34ab730899659,258e590c7920cc8b,8c6fee275e71f133,372fa0f7dbdaaffc,f63a3fcd529e2609	6	72.0
B00200	vae	f373ff2364ebf9ea,d2bbce07a2e7e2f9,920534b4a3d96f86,05ae816174b6360b,a9026923612c3a0e,076c6fd194b6b5c9	6	72.0
B00201	vae	738ac7576b0f4a33,b0f522e745ecf896,2a0d31146ecb15aa,8103c703576bad79,291855893ff68665,befc46c463d54f61	6	72.0
B00202	vae	5d818732e6716278,c92e42b80685c5f9,fc70e1f674e427e8,15a4a86784a679bb,29264f187e9ddca1,f0e6ab4b3e415730	6	72.0
B00203	vae	88b1ee96a395fab3,9962a7953748a8cc,179595d2a00fcd6c,aa323c13f8102620,44e451e9d58280ee,239aab5ce060a617	6	72.0
B00204	vae	7738319458e5d368,ee354f41c42f20e7,df7f4c72fddfa9d2,73d9ae8ac311b5a7,2b2cb3d4be1ae4eb,4fe0a83581c3b758	6	72.0
B00205	vae	7efc5235ddc4cdf3,5885021a6f137a9e,60187319b810ab71,169040e09dee52e9,a1615d4b2d3c7cd9,7b77cab54b5def9e	6	72.0
B00206	vae	3f4bc6a38d37d3d9,10b8d41a9b8ececf,79e486b23a94fcf9,66aff75174e13878,c5bd99bc77015967,a10bd138133df673	6	72.0
B00207	vae	3630dd8f9e4f17c9,95de5a1b4063b16d,a36322cf72916c5d,0f5d0142dc2e0346,beb32f8f72dbd8df,0bcea06715199bbf	6	72.0
B00208	vae	638076585b5bc177,d8654aaddc97defa,dd743979653d7e39,b9ad9c489fb8ec49,d411ff188a302aa6,11e4fea572aeae9a	6	72.0
B00209	vae	9ea7d03017f5e211,0f4be7cf39a4a9bf,589a9aac04329f87,c0813f828505f9af,7172077f19d4b26a,e0282648af706b6d	6	72.0
B00210	vae	ada3bbb89138e82f,dc5f1dab71de551b,c36208650695bc67,3d37768f45f0ca5a,0ae33ca9d0ade95e,abd650ba24242abe	6	72.0
B00211	vae	2d58b4f2e61c7160,2e3ca1adab08233d,eae5f29f3259f180,aeca661706e58cca,0b96341978498b88,b3344980df899986	6	72.0
B00212	vae	0d9024e7624ad7e8,4f087bb5a3fd3f73,4d32011d1ad8ba8f,b152f1291ae8390f,6ae893ecd7dc2966,9430ec74540c2b7d	6	72.0
B00213	vae	56cba95f2482db0d,799e6e263aa15126,f5e83406667bb9b1,090c81289fdd482b,62554fb7d3799b54,249662e1011326bd	6	72.0
B00214	vae	9c8d85bdb1cce985,cc48a7ef490dd028,e248d4c7092a0d75,ed995db4a1b440b4,2191989fbaef745d,fc22db6c6ae7e284	6	72.0
B00215	vae	934cbd30bb9a91f8,f43446f53791bf38,55eefd74e6284e23,b2220bd07fd03c56,3d241b2fb4907b7e,896e360a53e6f34e	6	72.0
B00216	vae	85d6ac084b3017cf,28b195758f6e67ee,2d5f94030dec08ea,4b7a15c2655884e7,ab747b9474acbca0,1b350b36064cbf54	6	72.0
B00217	vae	5db18acee0ffc961,ed2fb86dd708385e,92908d847a5e0ba7,e50978f89494eddb,0456fc35b979496e,d2edc750013d74ef	6	72.0
B00218	vae	1d9c81c2f37a49ba,9ecab51d42b6c4cd,775bcdd332db9878,e88b69f1a2f245e5,3477cf9dce006836,80d98570895110ed	6	72.0
B00219	vae	82a36d343f117a6c,e8c4f597d78b41f1,53df7ceac0f91459,bf8ce945a8fa2b08,191ad5ffe88e896d,d66393436fc412fd	6	72.0
B00220	vae	24a9c29034f5d13a,79933962d38cfade,7c8b503c024be0f4,2bcb102c91dd27fa,9c9b4878be06219a,d08da243bd5f93ed	6	72.0
B00221	vae	d2559a4c2fe17be7,e1e4e292661beb55,eee28939a003d7e1,4df27feb2d529415,8bf5b5807a016ec5,51ecc88fca95b0e6	6	72.0
B00222	vae	62253256e5f3c822,c0d89f0e94600339,00bb1176f49edd5c,d1a3436f7d31e115,69358166218e0e94,9195f1f6438524a6	6	72.0
B00223	vae	729497edbfa4d343,6f85f472882d1c98,5e206e1994149800,4a2deda42067ba5b,2a740b7430c78e37,4ba13554386367ea	6	72.0
B00224	vae	3becdd3cb093ae07,d8bea259000c03c2,3419b5355e2c0426,e14a54c35d5a55d6,ceb749c130970edf,f75f415085724350	6	72.0
B00225	vae	40e1a0ee3c7f4a56,fee8b8dda432af54,da33e13d6e2c2cc9,86b671687ebe70d5,c789904f65ad1350,e28f67f5a4ea6fef	6	72.0
B00226	vae	dd5a4d0bb8009564,2894dff82341cd89,757617a6f4fa66d0,236da18f49b8b8a9,526305a3f7768eca,215a7f5a6b3fc7c4	6	72.0
B00227	vae	5160941bbbadc8b2,594435ece913e52f,5d61350379f7d2bb,6378766c604a624c,1e1b19a322cf367a,0bada61646030836	6	72.0
B00228	vae	78338f38b1757042,256a3aaf97df45bc,45cd281d051e2666,f82aa64af71964b3,c7f302da729451e9,c5ef2c2f5eaa7ebe	6	72.0
B00229	vae	da557348f5a8027c,8cfb4b6df8b757c7,d410b4604a5e88ea,962b7cdb44d2b178,15c424db179c7e80,c3de234d07b14fc2	6	72.0
B00230	vae	b22ccd44157d0e6c,49bf9344239ccead,583e80bf046b37ce,15b6da7c19ba28bb,713f7adf16b7bfb1,fa0acbc52ae55821	6	72.0
B00231	vae	952a6e822dd91b5f,3fd331a611de6195,cfdeb3b21c007746,6648c3c9a9db324f,84a49629c7fe811e,78a1e462e0455765	6	72.0
B00232	vae	b540a963ad17fb56,7adf0bdbdd4a4d19,93286f98a1c7cd13,ba3d1cca9f9e5ab0,df39d33ff428ba3c,7dd7ca8f8f79e44c	6	72.0
B00233	vae	703c87eed681b738,e29bda28e2dff171,e97507b030d4dbda,aefa4bc50995c7cd,c7f9a4ea1c39724e,d5b40887682ddabe	6	72.0
B00234	vae	012ea5c889a27927,1b110802ae49cf32,f5e6632025c6cdcf,b84020fc1be1c58e,dca601dafbdd0c4c,a28408bc4dea7359	6	72.0
B00235	vae	f0e7e48069cf9f6f,4ed9a6a7d72012b2,ada89b9d401d6047,8292549faabf8182,d1d60d28b8651097,e4a0f7fe3100e567	6	72.0
B00236	vae	dbfcac7e48d5faa7,3c8cc5d536222c5b,f2462fe5ac2b306f,5c0b6f87d74022cf,ebe142293e3ef896,4f27d86fb97f479b	6	72.0
B00237	vae	6128e8d5ff144162,bbc074a3247f1e76,b0d5ff72bd4161a2,55cc73f2418d672d,561dd3c26062128e,ad414937b1522777	6	72.0
B00238	vae	81e7ff267f4c1f57,4a1a80812ff19e52,74f2ad7cf082ff10,c449f67f17546d25,bd9e94b909b0abaa,6109813e3331417d	6	72.0
B00239	vae	f8864bd539f2cab4,23ecad65bbb12891,77517ee950bd62d4,9d661fc34731ad54,2c5628013add9589,f062c5c89d93158a	6	72.0
B00240	vae	ca266a529b9f5411,850e0f7fbe745b44,66ad6d1d80787e2e,d0445bac213284fe,77cfc3550d45f964,95f3517e43c0169b	6	72.0
B00241	vae	d400b1514990c8a6,e3ed7345e2af30b7,de0372d71dd0c170,ff925378d4d13ef5,9577999fedc383b5,f3586f6b0005656a	6	72.0
B00242	vae	e5edcd034a414fdc,d69d30a6b64d4a45,eaf3e142a602a16c,5fe25c12f2c4e1b1,651d3b62776331af,d81748b34bb40b6a	6	72.0
B00243	vae	9228e079b585db14,64c787900f00c241,cf8c1fe15d5214e5,67de10785fd56cb1,ab3c675fb41994ae,a1e7b2a56c2b3654	6	72.0
B00244	vae	dc2c2d58fa17d69c,425f7d876582554a,3e12e1b000de6cfa,e4d2f860ac3bc6b6,d16d8b4f9939c88f,8eb536c76b8f1658	6	72.0
B00245	vae	eae4669a6fa4f1c5,d3890a3733635a00,8bf6d8680da8c794,66185020aac6ed7a,b95b3fd7d8bcb623,393ca2aca4a69acd	6	72.0
B00246	vae	43fd64daafde9013,684967fe928ab452,5d7e0b6812a7a1d4,e146c61a44a5e9d8,74c6450a3e1072ae,bbed5628801e5271	6	72.0
B00247	vae	dce922cdd1d90d50,0ac1fb106a423c9d,0adf4ba3bf3865ef,e2c55d0f56f4e215,3e3441276a3f7e52,b21502a406a0a2a4	6	72.0
B00248	vae	1c59e6fa1b39dd6f,49477f28823537da,ab77268844dab889,0750b1b65593c5f7,cc21cfd843575d96,28a4e545d50dd743	6	72.0
B00249	vae	abee14952577cb5e,9ce6ccb58daf001c,b5b04bfbbeb8a08e,c7c3f8534b45c96b,072e622f517b699e,d29652fbc0e6f674	6	72.0
B00250	vae	c03bc366d68a5021	1	12.0
