"Number of genes","Method","Compute","N","Runtime, s median [IQR]","Peak host RAM, GB median [IQR]","Peak GPU VRAM reserved, GB median [IQR]"
1000,"IsoGraph VAE","CPU",16,"5.8 [5.5, 6.1]","1.0 [0.9, 1.0]","NA"
1000,"IsoGraph VAE GPU","GPU",16,"3.8 [3.7, 3.9]","1.2 [1.2, 1.2]","0.0 [0.0, 0.0]"
1000,"WGCNA","CPU",16,"4.9 [4.1, 5.8]","0.7 [0.7, 0.7]","NA"
3000,"IsoGraph VAE","CPU",16,"18.1 [17.2, 21.9]","1.1 [1.1, 1.2]","NA"
3000,"IsoGraph VAE GPU","GPU",16,"7.9 [7.7, 8.2]","1.3 [1.3, 1.3]","0.1 [0.1, 0.1]"
3000,"WGCNA","CPU",16,"11.4 [10.6, 14.5]","1.0 [0.9, 1.0]","NA"
6000,"IsoGraph VAE","CPU",16,"29.4 [27.4, 30.8]","1.6 [1.5, 1.6]","NA"
6000,"IsoGraph VAE GPU","GPU",16,"11.5 [11.3, 12.0]","1.6 [1.6, 1.7]","0.2 [0.2, 0.2]"
6000,"WGCNA","CPU",16,"28.1 [23.2, 30.3]","2.0 [1.8, 2.0]","NA"
12000,"IsoGraph VAE","CPU",16,"52.3 [47.7, 55.3]","2.8 [2.7, 2.9]","NA"
12000,"IsoGraph VAE GPU","GPU",16,"24.9 [24.4, 25.3]","2.7 [2.6, 2.8]","0.4 [0.4, 0.4]"
12000,"WGCNA","CPU",16,"82.9 [80.9, 103.8]","3.1 [3.0, 3.1]","NA"
