scope,min_total_fragments,min_fragments_per_form,n_genes_targeted,n_pair_regions_targeted,n_genes_measured,n_pair_regions_measured,gene_balanced_mean_fraction_both
primary,5,1,26,260,7,30,0.7636432697064546
primary,5,2,26,260,7,30,0.7017840891630913
primary,10,1,26,260,7,30,0.7636432697064546
primary,10,2,26,260,7,30,0.7017840891630913
primary,20,1,26,260,7,30,0.7637754904269105
primary,20,2,26,260,7,30,0.7018487304042031
strict_anatomy,5,1,17,137,5,19,0.6699301401833048
strict_anatomy,5,2,17,137,5,19,0.5849109978298361
strict_anatomy,10,1,17,137,5,19,0.6699301401833048
strict_anatomy,10,2,17,137,5,19,0.5849109978298361
strict_anatomy,20,1,17,137,5,19,0.6701152491919432
strict_anatomy,20,2,17,137,5,19,0.5850014955673928
adjacent_only,5,1,5,37,2,10,0.6653827061496458
adjacent_only,5,2,5,37,2,10,0.6322240678160261
adjacent_only,10,1,5,37,2,10,0.6653827061496458
adjacent_only,10,2,5,37,2,10,0.6322240678160261
adjacent_only,20,1,5,37,2,10,0.6653827061496458
adjacent_only,20,2,5,37,2,10,0.6322240678160261
secondary_only,5,1,21,187,6,48,0.9255318593742615
secondary_only,5,2,21,187,6,48,0.8897953969577034
secondary_only,10,1,21,187,6,48,0.9264506063277484
secondary_only,10,2,21,187,6,48,0.8913946179160238
secondary_only,20,1,21,187,6,48,0.927385449306002
secondary_only,20,2,21,187,6,48,0.8935027582821244
primary_anchor_specific,5,1,7,31,7,26,0.7867161794935436
primary_anchor_specific,5,2,7,31,7,26,0.7346817987175396
primary_anchor_specific,10,1,7,31,7,26,0.7867161794935436
primary_anchor_specific,10,2,7,31,7,26,0.7346817987175396
primary_anchor_specific,20,1,7,31,7,26,0.7868138759147694
primary_anchor_specific,20,2,7,31,7,26,0.7347390943630705
