region,module_id,module_age_trait,module_age_effect,genes_fitted,genes_cis_q05,cis_rate,age_rank_within_trait,modules_in_trait
caudate,M000,Age_linear,0.2623,84,29,0.3452,1.0,3.0
caudate,M002,Age_linear,0.1548,92,34,0.3696,0.5,3.0
caudate,M004,Age_linear,0.1546,75,30,0.4,0.0,3.0
caudate,M003,Age_spline,2.9412,100,30,0.3,1.0,4.0
caudate,M006,Age_spline,0.8375,80,40,0.5,0.0,4.0
caudate,M008,Age_spline,1.6717,38,17,0.4474,0.6667,4.0
caudate,M011,Age_spline,1.4222,12,5,0.4167,0.3333,4.0
dlpfc,M000,Age_spline,-2.0464,58,20,0.3448,,
dlpfc,M007,Age_spline,-1.5073,32,11,0.3438,,
dlpfc,M008,Age_linear,0.2285,25,6,0.24,,
hippocampus,M000,Age_linear,0.2664,28,12,0.4286,0.1538,14.0
hippocampus,M001,Age_linear,0.4398,44,16,0.3636,0.9231,14.0
hippocampus,M002,Age_linear,0.3454,28,6,0.2143,0.4615,14.0
hippocampus,M003,Age_linear,0.4071,13,2,0.1538,0.7692,14.0
hippocampus,M004,Age_linear,0.4236,77,22,0.2857,0.8462,14.0
hippocampus,M006,Age_linear,0.1738,7,1,0.1429,0.0,14.0
hippocampus,M007,Age_linear,0.3472,31,6,0.1935,0.5385,14.0
hippocampus,M008,Age_linear,0.3936,22,9,0.4091,0.6923,14.0
hippocampus,M009,Age_linear,0.3035,12,5,0.4167,0.3846,14.0
hippocampus,M010,Age_linear,0.2809,3,3,1.0,0.2308,14.0
hippocampus,M011,Age_linear,0.3874,8,6,0.75,0.6154,14.0
hippocampus,M012,Age_linear,0.2845,4,0,0.0,0.3077,14.0
hippocampus,M013,Age_linear,0.2474,1,0,0.0,0.0769,14.0
hippocampus,M015,Age_linear,0.4505,1,1,1.0,1.0,14.0
