source	module_id	n_genes	n_concordant	concordance_rate	scz_p	binom_p	fdr
gtex_caudate_bg	M000	1083	622	0.5743305632502308	4.7288e-05	5.567681446225415e-07	2.505456650801437e-06
gtex_caudate_bg	M001	1169	653	0.5585970915312233	0.0043454	3.418038035108611e-05	7.690585578994375e-05
gtex_caudate_bg	M002	863	459	0.5318655851680185	0.025718	0.032986724893194444	0.049480087339791666
gtex_caudate_bg	M004	657	325	0.4946727549467275	0.047611	0.6225078221068561	0.6225078221068561
gtex_caudate_bg	M007	221	116	0.5248868778280543	0.029597	0.25062245924372223	0.32222887617050006
brainseq_caudate	M000	608	474	0.7796052631578947	0.0032388	9.345493148529514e-46	8.410943833676562e-45
brainseq_caudate	M001	471	265	0.5626326963906582	0.0016472	0.0037317998071164813	0.006717239652809666
brainseq_caudate	M003	827	421	0.5090689238210399	1.8352e-05	0.31320351373011424	0.3523539529463785
brainseq_caudate	M010	122	87	0.7131147540983607	0.023701	1.3939419056435576e-06	4.181825716930673e-06
