sample_id	cell_type	proportion
GTEX-1117F-0011-R4b-SM-GI4VM	Inhib	0.00340615126103757
GTEX-1117F-0011-R4b-SM-GI4VM	Oligo	0.274993843581709
GTEX-1117F-0011-R4b-SM-GI4VM	Astro	0.259696860239554
GTEX-1117F-0011-R4b-SM-GI4VM	Excit	0.0326612193036682
GTEX-1117F-0011-R4b-SM-GI4VM	Micro	0.0735671915236297
GTEX-1117F-0011-R4b-SM-GI4VM	OPC	0.0922103642911258
GTEX-1117F-0011-R4b-SM-GI4VM	Mural	0.263464369799276
GTEX-1117F-0011-R4b-SM-GI4VM	Immune	0
GTEX-111FC-0011-R4a-SM-GIN8K	Inhib	0
GTEX-111FC-0011-R4a-SM-GIN8K	Oligo	0.659126292018931
GTEX-111FC-0011-R4a-SM-GIN8K	Astro	0.0663135016065
GTEX-111FC-0011-R4a-SM-GIN8K	Excit	0.122200672868917
GTEX-111FC-0011-R4a-SM-GIN8K	Micro	0.0441705008093932
GTEX-111FC-0011-R4a-SM-GIN8K	OPC	0.0684245660360266
GTEX-111FC-0011-R4a-SM-GIN8K	Mural	0.0397644666602327
GTEX-111FC-0011-R4a-SM-GIN8K	Immune	0
GTEX-117XS-0011-R4b-SM-GJ3PR	Inhib	0
GTEX-117XS-0011-R4b-SM-GJ3PR	Oligo	0.666881930286763
GTEX-117XS-0011-R4b-SM-GJ3PR	Astro	0.0788156082512202
GTEX-117XS-0011-R4b-SM-GJ3PR	Excit	0.100775801068196
GTEX-117XS-0011-R4b-SM-GJ3PR	Micro	0.00841268329319008
GTEX-117XS-0011-R4b-SM-GJ3PR	OPC	0.0627363391373347
GTEX-117XS-0011-R4b-SM-GJ3PR	Mural	0.0823776379632962
GTEX-117XS-0011-R4b-SM-GJ3PR	Immune	0
GTEX-11DXY-0011-R4b-SM-GI4VR	Inhib	0
GTEX-11DXY-0011-R4b-SM-GI4VR	Oligo	0.418995011265682
GTEX-11DXY-0011-R4b-SM-GI4VR	Astro	0.24813871996165
GTEX-11DXY-0011-R4b-SM-GI4VR	Excit	0.154628986827798
GTEX-11DXY-0011-R4b-SM-GI4VR	Micro	0.062587456221289
GTEX-11DXY-0011-R4b-SM-GI4VR	OPC	0.0470370135460183
GTEX-11DXY-0011-R4b-SM-GI4VR	Mural	0.0686128121775628
GTEX-11DXY-0011-R4b-SM-GI4VR	Immune	0
GTEX-11DYG-0011-R4b-SM-GJ3RG	Inhib	0
GTEX-11DYG-0011-R4b-SM-GJ3RG	Oligo	0.65538062667233
GTEX-11DYG-0011-R4b-SM-GJ3RG	Astro	0.0440617585107196
GTEX-11DYG-0011-R4b-SM-GJ3RG	Excit	0.0833630225691646
GTEX-11DYG-0011-R4b-SM-GJ3RG	Micro	0.0062757297972166
GTEX-11DYG-0011-R4b-SM-GJ3RG	OPC	0.0832318182786924
GTEX-11DYG-0011-R4b-SM-GJ3RG	Mural	0.127687044171876
GTEX-11DYG-0011-R4b-SM-GJ3RG	Immune	0
GTEX-11GS4-0011-R4a-SM-GJ3RJ	Inhib	0.00192655671721277
GTEX-11GS4-0011-R4a-SM-GJ3RJ	Oligo	0.471614989653875
GTEX-11GS4-0011-R4a-SM-GJ3RJ	Astro	0.156170983491903
GTEX-11GS4-0011-R4a-SM-GJ3RJ	Excit	0.115431301006157
GTEX-11GS4-0011-R4a-SM-GJ3RJ	Micro	0.0436514178704261
GTEX-11GS4-0011-R4a-SM-GJ3RJ	OPC	0.0760853034087751
GTEX-11GS4-0011-R4a-SM-GJ3RJ	Mural	0.134477204882002
GTEX-11GS4-0011-R4a-SM-GJ3RJ	Immune	0.000642242969649657
GTEX-11GSO-0011-R4b-SM-GJ3R8	Inhib	0
GTEX-11GSO-0011-R4b-SM-GJ3R8	Oligo	0.369274276005854
GTEX-11GSO-0011-R4b-SM-GJ3R8	Astro	0.379085953471821
GTEX-11GSO-0011-R4b-SM-GJ3R8	Excit	0.0429321232251452
GTEX-11GSO-0011-R4b-SM-GJ3R8	Micro	0.0170090997620812
GTEX-11GSO-0011-R4b-SM-GJ3R8	OPC	0.0725451052936758
GTEX-11GSO-0011-R4b-SM-GJ3R8	Mural	0.118877003598596
GTEX-11GSO-0011-R4b-SM-GJ3R8	Immune	0.000276438642826887
GTEX-11NUK-0011-R4a-SM-DO12B	Inhib	0
GTEX-11NUK-0011-R4a-SM-DO12B	Oligo	0.333979399966362
GTEX-11NUK-0011-R4a-SM-DO12B	Astro	0.410372684010522
GTEX-11NUK-0011-R4a-SM-DO12B	Excit	0.0933636622244015
GTEX-11NUK-0011-R4a-SM-DO12B	Micro	0.024734717543962
GTEX-11NUK-0011-R4a-SM-DO12B	OPC	0.0644989417250485
GTEX-11NUK-0011-R4a-SM-DO12B	Mural	0.0730505945297033
GTEX-11NUK-0011-R4a-SM-DO12B	Immune	0
GTEX-11NV4-0011-R4a-SM-GI4XC	Inhib	0
GTEX-11NV4-0011-R4a-SM-GI4XC	Oligo	0.635896010649964
GTEX-11NV4-0011-R4a-SM-GI4XC	Astro	0.191911250601146
GTEX-11NV4-0011-R4a-SM-GI4XC	Excit	0.0512043358124001
GTEX-11NV4-0011-R4a-SM-GI4XC	Micro	0.0336929343509272
GTEX-11NV4-0011-R4a-SM-GI4XC	OPC	0.0289763897479095
GTEX-11NV4-0011-R4a-SM-GI4XC	Mural	0.0583190788376534
GTEX-11NV4-0011-R4a-SM-GI4XC	Immune	0
GTEX-11OF3-0011-R4a-SM-GJ3RB	Inhib	0.000278624277044126
GTEX-11OF3-0011-R4a-SM-GJ3RB	Oligo	0.201161182610827
GTEX-11OF3-0011-R4a-SM-GJ3RB	Astro	0.637632121747045
GTEX-11OF3-0011-R4a-SM-GJ3RB	Excit	0.0519239221369003
GTEX-11OF3-0011-R4a-SM-GJ3RB	Micro	0.0222142210855792
GTEX-11OF3-0011-R4a-SM-GJ3RB	OPC	0.042697308504923
GTEX-11OF3-0011-R4a-SM-GJ3RB	Mural	0.0440926196376816
GTEX-11OF3-0011-R4a-SM-GJ3RB	Immune	0
GTEX-11ONC-0011-R4b-SM-DO93H	Inhib	0.00595505705359663
GTEX-11ONC-0011-R4b-SM-DO93H	Oligo	0.563493065695558
GTEX-11ONC-0011-R4b-SM-DO93H	Astro	0.210865616034571
GTEX-11ONC-0011-R4b-SM-DO93H	Excit	0.0234607146133668
GTEX-11ONC-0011-R4b-SM-DO93H	Micro	0.0286282119111418
GTEX-11ONC-0011-R4b-SM-DO93H	OPC	0.0722481592383109
GTEX-11ONC-0011-R4b-SM-DO93H	Mural	0.0951197390915695
GTEX-11ONC-0011-R4b-SM-DO93H	Immune	0.000229436361885231
GTEX-11PRG-0011-R4a-SM-DNZZR	Inhib	0
GTEX-11PRG-0011-R4a-SM-DNZZR	Oligo	0.596221843897834
GTEX-11PRG-0011-R4a-SM-DNZZR	Astro	0.151078216742034
GTEX-11PRG-0011-R4a-SM-DNZZR	Excit	0.0922113774960222
GTEX-11PRG-0011-R4a-SM-DNZZR	Micro	0.0216521830743474
GTEX-11PRG-0011-R4a-SM-DNZZR	OPC	0.0798279837247863
GTEX-11PRG-0011-R4a-SM-DNZZR	Mural	0.0576032925602809
GTEX-11PRG-0011-R4a-SM-DNZZR	Immune	0.00140510250469526
GTEX-11TTK-0011-R4a-SM-DNZZU	Inhib	0.00481061664038655
GTEX-11TTK-0011-R4a-SM-DNZZU	Oligo	0.359036457533597
GTEX-11TTK-0011-R4a-SM-DNZZU	Astro	0.40907310083535
GTEX-11TTK-0011-R4a-SM-DNZZU	Excit	0.0233783592921627
GTEX-11TTK-0011-R4a-SM-DNZZU	Micro	0.0854804303050404
GTEX-11TTK-0011-R4a-SM-DNZZU	OPC	0.0654425087644321
GTEX-11TTK-0011-R4a-SM-DNZZU	Mural	0.0461909643750213
GTEX-11TTK-0011-R4a-SM-DNZZU	Immune	0.00658756225400966
GTEX-11ZTS-0011-R4b-SM-GINAQ	Inhib	0
GTEX-11ZTS-0011-R4b-SM-GINAQ	Oligo	0.752431538330058
GTEX-11ZTS-0011-R4b-SM-GINAQ	Astro	0.105836631884189
GTEX-11ZTS-0011-R4b-SM-GINAQ	Excit	0
GTEX-11ZTS-0011-R4b-SM-GINAQ	Micro	0.00134706217542654
GTEX-11ZTS-0011-R4b-SM-GINAQ	OPC	0.0422287284581443
GTEX-11ZTS-0011-R4b-SM-GINAQ	Mural	0.0981560391521818
GTEX-11ZTS-0011-R4b-SM-GINAQ	Immune	0
GTEX-11ZU8-0011-R4a-SM-5BC6Y	Inhib	0
GTEX-11ZU8-0011-R4a-SM-5BC6Y	Oligo	0.518492631708246
GTEX-11ZU8-0011-R4a-SM-5BC6Y	Astro	0.390951466011825
GTEX-11ZU8-0011-R4a-SM-5BC6Y	Excit	0.00617331525456389
GTEX-11ZU8-0011-R4a-SM-5BC6Y	Micro	0.0077754974722047
GTEX-11ZU8-0011-R4a-SM-5BC6Y	OPC	0.0628386751405722
GTEX-11ZU8-0011-R4a-SM-5BC6Y	Mural	0.0137684144125881
GTEX-11ZU8-0011-R4a-SM-5BC6Y	Immune	0
GTEX-11ZVC-0011-R4a-SM-5BC6Z	Inhib	0
GTEX-11ZVC-0011-R4a-SM-5BC6Z	Oligo	0.604984798995916
GTEX-11ZVC-0011-R4a-SM-5BC6Z	Astro	0.313997327746411
GTEX-11ZVC-0011-R4a-SM-5BC6Z	Excit	0.000558567141314502
GTEX-11ZVC-0011-R4a-SM-5BC6Z	Micro	0.000521852635104422
GTEX-11ZVC-0011-R4a-SM-5BC6Z	OPC	0.0371049964347949
GTEX-11ZVC-0011-R4a-SM-5BC6Z	Mural	0.0428324570464595
GTEX-11ZVC-0011-R4a-SM-5BC6Z	Immune	0
GTEX-12WSA-0011-R4a-SM-57WB7	Inhib	0.000451553362389342
GTEX-12WSA-0011-R4a-SM-57WB7	Oligo	0.590091483396217
GTEX-12WSA-0011-R4a-SM-57WB7	Astro	0.124056099510101
GTEX-12WSA-0011-R4a-SM-57WB7	Excit	0.00233204454724921
GTEX-12WSA-0011-R4a-SM-57WB7	Micro	0.046309085665371
GTEX-12WSA-0011-R4a-SM-57WB7	OPC	0.132697811674468
GTEX-12WSA-0011-R4a-SM-57WB7	Mural	0.104018419349985
GTEX-12WSA-0011-R4a-SM-57WB7	Immune	4.35024942195336e-05
GTEX-12WSC-0011-R4a-SM-H6Q8M	Inhib	0
GTEX-12WSC-0011-R4a-SM-H6Q8M	Oligo	0.337387605127579
GTEX-12WSC-0011-R4a-SM-H6Q8M	Astro	0.334881012781336
GTEX-12WSC-0011-R4a-SM-H6Q8M	Excit	0.0782487711470768
GTEX-12WSC-0011-R4a-SM-H6Q8M	Micro	0.0373522795591939
GTEX-12WSC-0011-R4a-SM-H6Q8M	OPC	0.0922924304790179
GTEX-12WSC-0011-R4a-SM-H6Q8M	Mural	0.119837900905797
GTEX-12WSC-0011-R4a-SM-H6Q8M	Immune	0
GTEX-12WSD-0011-R4b-SM-5LZUA	Inhib	0.000566264662337499
GTEX-12WSD-0011-R4b-SM-5LZUA	Oligo	0.55996617510185
GTEX-12WSD-0011-R4b-SM-5LZUA	Astro	0.280418426768389
GTEX-12WSD-0011-R4b-SM-5LZUA	Excit	0.048167420735767
GTEX-12WSD-0011-R4b-SM-5LZUA	Micro	0.0107295558264511
GTEX-12WSD-0011-R4b-SM-5LZUA	OPC	0.0795338707525999
GTEX-12WSD-0011-R4b-SM-5LZUA	Mural	0.0201462495840494
GTEX-12WSD-0011-R4b-SM-5LZUA	Immune	0.00047203656855688
GTEX-12WSF-0011-R4b-SM-5HL88	Inhib	0
GTEX-12WSF-0011-R4b-SM-5HL88	Oligo	0.732630942613981
GTEX-12WSF-0011-R4b-SM-5HL88	Astro	0.0807087391064275
GTEX-12WSF-0011-R4b-SM-5HL88	Excit	0.0623729711306501
GTEX-12WSF-0011-R4b-SM-5HL88	Micro	0.0195344110930936
GTEX-12WSF-0011-R4b-SM-5HL88	OPC	0.0441045631947574
GTEX-12WSF-0011-R4b-SM-5HL88	Mural	0.0606483728610909
GTEX-12WSF-0011-R4b-SM-5HL88	Immune	0
GTEX-12WSH-0011-R4a-SM-5GU6K	Inhib	0.00272287467620901
GTEX-12WSH-0011-R4a-SM-5GU6K	Oligo	0.767702530604431
GTEX-12WSH-0011-R4a-SM-5GU6K	Astro	0.130956549681156
GTEX-12WSH-0011-R4a-SM-5GU6K	Excit	0.0150457977796267
GTEX-12WSH-0011-R4a-SM-5GU6K	Micro	0.0119626397207018
GTEX-12WSH-0011-R4a-SM-5GU6K	OPC	0.0665343876541449
GTEX-12WSH-0011-R4a-SM-5GU6K	Mural	0.00254433699771428
GTEX-12WSH-0011-R4a-SM-5GU6K	Immune	0.00253088288601641
GTEX-12ZZW-0011-R4a-SM-5DUX9	Inhib	0
GTEX-12ZZW-0011-R4a-SM-5DUX9	Oligo	0.291840549628638
GTEX-12ZZW-0011-R4a-SM-5DUX9	Astro	0.508375549237186
GTEX-12ZZW-0011-R4a-SM-5DUX9	Excit	0.00622960176471818
GTEX-12ZZW-0011-R4a-SM-5DUX9	Micro	0
GTEX-12ZZW-0011-R4a-SM-5DUX9	OPC	0.0858455599518314
GTEX-12ZZW-0011-R4a-SM-5DUX9	Mural	0.107708739417627
GTEX-12ZZW-0011-R4a-SM-5DUX9	Immune	0
GTEX-12ZZY-0011-R4a-SM-GIN9F	Inhib	0.00177338341227978
GTEX-12ZZY-0011-R4a-SM-GIN9F	Oligo	0.537642685209944
GTEX-12ZZY-0011-R4a-SM-GIN9F	Astro	0.225790220377239
GTEX-12ZZY-0011-R4a-SM-GIN9F	Excit	0.0790116857721189
GTEX-12ZZY-0011-R4a-SM-GIN9F	Micro	0.0323504577645275
GTEX-12ZZY-0011-R4a-SM-GIN9F	OPC	0.0319534150567922
GTEX-12ZZY-0011-R4a-SM-GIN9F	Mural	0.0911311667285147
GTEX-12ZZY-0011-R4a-SM-GIN9F	Immune	0.000346985678583797
GTEX-12ZZZ-0011-R4b-SM-5DUV7	Inhib	0.00118132045246435
GTEX-12ZZZ-0011-R4b-SM-5DUV7	Oligo	0.580318499607142
GTEX-12ZZZ-0011-R4b-SM-5DUV7	Astro	0.0383469418412977
GTEX-12ZZZ-0011-R4b-SM-5DUV7	Excit	0.00567500376474867
GTEX-12ZZZ-0011-R4b-SM-5DUV7	Micro	0.00693319183150346
GTEX-12ZZZ-0011-R4b-SM-5DUV7	OPC	0.0980504226965228
GTEX-12ZZZ-0011-R4b-SM-5DUV7	Mural	0.269335115794263
GTEX-12ZZZ-0011-R4b-SM-5DUV7	Immune	0.000159504012058718
GTEX-13112-0011-R4b-SM-5DUXL	Inhib	0.00426144849390712
GTEX-13112-0011-R4b-SM-5DUXL	Oligo	0.688134890957119
GTEX-13112-0011-R4b-SM-5DUXL	Astro	0.0939045614763678
GTEX-13112-0011-R4b-SM-5DUXL	Excit	0.0281432728066033
GTEX-13112-0011-R4b-SM-5DUXL	Micro	0.00750462821024735
GTEX-13112-0011-R4b-SM-5DUXL	OPC	0.0697944253613905
GTEX-13112-0011-R4b-SM-5DUXL	Mural	0.108256772694365
GTEX-13112-0011-R4b-SM-5DUXL	Immune	0
GTEX-1313W-0011-R4b-SM-5KLZV	Inhib	0
GTEX-1313W-0011-R4b-SM-5KLZV	Oligo	0.464394004930819
GTEX-1313W-0011-R4b-SM-5KLZV	Astro	0.274588874747469
GTEX-1313W-0011-R4b-SM-5KLZV	Excit	0.102467108921114
GTEX-1313W-0011-R4b-SM-5KLZV	Micro	0.0246555415020439
GTEX-1313W-0011-R4b-SM-5KLZV	OPC	0.0376462183453122
GTEX-1313W-0011-R4b-SM-5KLZV	Mural	0.0962482515532413
GTEX-1313W-0011-R4b-SM-5KLZV	Immune	0
GTEX-131XH-0011-R4b-SM-5DUWB	Inhib	0.000549162316861425
GTEX-131XH-0011-R4b-SM-5DUWB	Oligo	0.780801916242263
GTEX-131XH-0011-R4b-SM-5DUWB	Astro	0.0678262736908984
GTEX-131XH-0011-R4b-SM-5DUWB	Excit	0.0879640812668979
GTEX-131XH-0011-R4b-SM-5DUWB	Micro	0
GTEX-131XH-0011-R4b-SM-5DUWB	OPC	0.0317420448493466
GTEX-131XH-0011-R4b-SM-5DUWB	Mural	0.0311165216337322
GTEX-131XH-0011-R4b-SM-5DUWB	Immune	0
GTEX-131YS-0011-R4a-SM-5DUVL	Inhib	0.0230813794184813
GTEX-131YS-0011-R4a-SM-5DUVL	Oligo	0.265382669586728
GTEX-131YS-0011-R4a-SM-5DUVL	Astro	0.468299694607609
GTEX-131YS-0011-R4a-SM-5DUVL	Excit	0.0812788716248984
GTEX-131YS-0011-R4a-SM-5DUVL	Micro	0.035911866641548
GTEX-131YS-0011-R4a-SM-5DUVL	OPC	0.0557909688177753
GTEX-131YS-0011-R4a-SM-5DUVL	Mural	0.0701555547233093
GTEX-131YS-0011-R4a-SM-5DUVL	Immune	9.89945796505751e-05
GTEX-1399T-0011-R4b-SM-5DUVX	Inhib	0.0649568271920999
GTEX-1399T-0011-R4b-SM-5DUVX	Oligo	0.232931528506813
GTEX-1399T-0011-R4b-SM-5DUVX	Astro	0.152138296700482
GTEX-1399T-0011-R4b-SM-5DUVX	Excit	0.0476519653810271
GTEX-1399T-0011-R4b-SM-5DUVX	Micro	0.0906391357703048
GTEX-1399T-0011-R4b-SM-5DUVX	OPC	0.0846828850009903
GTEX-1399T-0011-R4b-SM-5DUVX	Mural	0.323371013317291
GTEX-1399T-0011-R4b-SM-5DUVX	Immune	0.00362834813099292
GTEX-139T8-0011-R4a-SM-5HL54	Inhib	0
GTEX-139T8-0011-R4a-SM-5HL54	Oligo	0.466249901128328
GTEX-139T8-0011-R4a-SM-5HL54	Astro	0.324608711742314
GTEX-139T8-0011-R4a-SM-5HL54	Excit	0.0227440818675884
GTEX-139T8-0011-R4a-SM-5HL54	Micro	0.0399733253994119
GTEX-139T8-0011-R4a-SM-5HL54	OPC	0.104359650252561
GTEX-139T8-0011-R4a-SM-5HL54	Mural	0.0360181958200588
GTEX-139T8-0011-R4a-SM-5HL54	Immune	0.00604613378973881
GTEX-13CZV-0011-R4b-SM-5J2NY	Inhib	0
GTEX-13CZV-0011-R4b-SM-5J2NY	Oligo	0.484831852667883
GTEX-13CZV-0011-R4b-SM-5J2NY	Astro	0.239566449771357
GTEX-13CZV-0011-R4b-SM-5J2NY	Excit	0.0230493947255121
GTEX-13CZV-0011-R4b-SM-5J2NY	Micro	0.0210137855325504
GTEX-13CZV-0011-R4b-SM-5J2NY	OPC	0.135569526265075
GTEX-13CZV-0011-R4b-SM-5J2NY	Mural	0.0959689910376229
GTEX-13CZV-0011-R4b-SM-5J2NY	Immune	0
GTEX-13FHO-0011-R4b-SM-H6611	Inhib	0
GTEX-13FHO-0011-R4b-SM-H6611	Oligo	0.541460862531624
GTEX-13FHO-0011-R4b-SM-H6611	Astro	0.262348130854023
GTEX-13FHO-0011-R4b-SM-H6611	Excit	0.0298924449284172
GTEX-13FHO-0011-R4b-SM-H6611	Micro	0.0290974638699225
GTEX-13FHO-0011-R4b-SM-H6611	OPC	0.104495299140561
GTEX-13FHO-0011-R4b-SM-H6611	Mural	0.0298639593494887
GTEX-13FHO-0011-R4b-SM-H6611	Immune	0.00284183932596461
GTEX-13FLV-0011-R4a-SM-5LZYU	Inhib	0
GTEX-13FLV-0011-R4a-SM-5LZYU	Oligo	0.451026201253357
GTEX-13FLV-0011-R4a-SM-5LZYU	Astro	0.464936367101944
GTEX-13FLV-0011-R4a-SM-5LZYU	Excit	0.00788853404730741
GTEX-13FLV-0011-R4a-SM-5LZYU	Micro	5.93056831955964e-05
GTEX-13FLV-0011-R4a-SM-5LZYU	OPC	0.0341160626292811
GTEX-13FLV-0011-R4a-SM-5LZYU	Mural	0.040294182754146
GTEX-13FLV-0011-R4a-SM-5LZYU	Immune	0.0016793465307698
GTEX-13JVG-0011-R4a-SM-5MR4C	Inhib	0
GTEX-13JVG-0011-R4a-SM-5MR4C	Oligo	0.640374930015108
GTEX-13JVG-0011-R4a-SM-5MR4C	Astro	0.125073788282902
GTEX-13JVG-0011-R4a-SM-5MR4C	Excit	0.00390278430094838
GTEX-13JVG-0011-R4a-SM-5MR4C	Micro	0.00426317803999238
GTEX-13JVG-0011-R4a-SM-5MR4C	OPC	0.0608928301549148
GTEX-13JVG-0011-R4a-SM-5MR4C	Mural	0.165492489206134
GTEX-13JVG-0011-R4a-SM-5MR4C	Immune	0
GTEX-13N1W-0011-R4a-SM-5MR52	Inhib	0
GTEX-13N1W-0011-R4a-SM-5MR52	Oligo	0.417711000532653
GTEX-13N1W-0011-R4a-SM-5MR52	Astro	0.155235033575013
GTEX-13N1W-0011-R4a-SM-5MR52	Excit	0.160372646729933
GTEX-13N1W-0011-R4a-SM-5MR52	Micro	0.0405788290379709
GTEX-13N1W-0011-R4a-SM-5MR52	OPC	0.142321831223599
GTEX-13N1W-0011-R4a-SM-5MR52	Mural	0.0812986417275667
GTEX-13N1W-0011-R4a-SM-5MR52	Immune	0.00248201717326375
GTEX-13N2G-0011-R4b-SM-5MR54	Inhib	0.00130959515491331
GTEX-13N2G-0011-R4b-SM-5MR54	Oligo	0.49826351661064
GTEX-13N2G-0011-R4b-SM-5MR54	Astro	0.171633279095934
GTEX-13N2G-0011-R4b-SM-5MR54	Excit	0.093221125534126
GTEX-13N2G-0011-R4b-SM-5MR54	Micro	0.0655207780111434
GTEX-13N2G-0011-R4b-SM-5MR54	OPC	0.0833532863162879
GTEX-13N2G-0011-R4b-SM-5MR54	Mural	0.0754906020992151
GTEX-13N2G-0011-R4b-SM-5MR54	Immune	0.01120781717774
GTEX-13NYB-0011-R4b-SM-9QEGJ	Inhib	0.0047640381851653
GTEX-13NYB-0011-R4b-SM-9QEGJ	Oligo	0.442516122953988
GTEX-13NYB-0011-R4b-SM-9QEGJ	Astro	0.430756813463269
GTEX-13NYB-0011-R4b-SM-9QEGJ	Excit	0.0303685519415782
GTEX-13NYB-0011-R4b-SM-9QEGJ	Micro	0.00907356787504912
GTEX-13NYB-0011-R4b-SM-9QEGJ	OPC	0.0270002258287744
GTEX-13NYB-0011-R4b-SM-9QEGJ	Mural	0.053015926503544
GTEX-13NYB-0011-R4b-SM-9QEGJ	Immune	0.00250475324863167
GTEX-13NYS-0011-R4b-SM-5MR3O	Inhib	0
GTEX-13NYS-0011-R4b-SM-5MR3O	Oligo	0.293640853746216
GTEX-13NYS-0011-R4b-SM-5MR3O	Astro	0.470326110122841
GTEX-13NYS-0011-R4b-SM-5MR3O	Excit	0.0159076268650695
GTEX-13NYS-0011-R4b-SM-5MR3O	Micro	0.0397857292778889
GTEX-13NYS-0011-R4b-SM-5MR3O	OPC	0.0943130135418069
GTEX-13NYS-0011-R4b-SM-5MR3O	Mural	0.0774517243208691
GTEX-13NYS-0011-R4b-SM-5MR3O	Immune	0.00857494212530846
GTEX-13O3O-0011-R4b-SM-5KM3F	Inhib	0
GTEX-13O3O-0011-R4b-SM-5KM3F	Oligo	0.454255453226507
GTEX-13O3O-0011-R4b-SM-5KM3F	Astro	0.192759708693205
GTEX-13O3O-0011-R4b-SM-5KM3F	Excit	0.148822985708865
GTEX-13O3O-0011-R4b-SM-5KM3F	Micro	0.0278357714277679
GTEX-13O3O-0011-R4b-SM-5KM3F	OPC	0.0890776211673433
GTEX-13O3O-0011-R4b-SM-5KM3F	Mural	0.0872484597763128
GTEX-13O3O-0011-R4b-SM-5KM3F	Immune	0
GTEX-13O3Q-0011-R4a-SM-5P9H2	Inhib	0
GTEX-13O3Q-0011-R4a-SM-5P9H2	Oligo	0.584997177241557
GTEX-13O3Q-0011-R4a-SM-5P9H2	Astro	0.132295525267613
GTEX-13O3Q-0011-R4a-SM-5P9H2	Excit	0.174343629659805
GTEX-13O3Q-0011-R4a-SM-5P9H2	Micro	0.0158193411367622
GTEX-13O3Q-0011-R4a-SM-5P9H2	OPC	0.0204303694867188
GTEX-13O3Q-0011-R4a-SM-5P9H2	Mural	0.0721139572075441
GTEX-13O3Q-0011-R4a-SM-5P9H2	Immune	0
GTEX-13OVH-0011-R4a-SM-5KM3W	Inhib	0
GTEX-13OVH-0011-R4a-SM-5KM3W	Oligo	0.539304013312378
GTEX-13OVH-0011-R4a-SM-5KM3W	Astro	0.126128854212257
GTEX-13OVH-0011-R4a-SM-5KM3W	Excit	0.0491308804349689
GTEX-13OVH-0011-R4a-SM-5KM3W	Micro	0.0289977588062477
GTEX-13OVH-0011-R4a-SM-5KM3W	OPC	0.150615132365388
GTEX-13OVH-0011-R4a-SM-5KM3W	Mural	0.105823360868761
GTEX-13OVH-0011-R4a-SM-5KM3W	Immune	0
GTEX-13OVJ-0011-R4b-SM-5P9H5	Inhib	0
GTEX-13OVJ-0011-R4b-SM-5P9H5	Oligo	0.297015950605237
GTEX-13OVJ-0011-R4b-SM-5P9H5	Astro	0.518106069015497
GTEX-13OVJ-0011-R4b-SM-5P9H5	Excit	0.0160331815678851
GTEX-13OVJ-0011-R4b-SM-5P9H5	Micro	0.0413495736826033
GTEX-13OVJ-0011-R4b-SM-5P9H5	OPC	0.0307017944622533
GTEX-13OVJ-0011-R4b-SM-5P9H5	Mural	0.0722644602106292
GTEX-13OVJ-0011-R4b-SM-5P9H5	Immune	0.0245289704558952
GTEX-13OVL-0011-R4b-SM-5L3HV	Inhib	0.00167189728575494
GTEX-13OVL-0011-R4b-SM-5L3HV	Oligo	0.568359056759076
GTEX-13OVL-0011-R4b-SM-5L3HV	Astro	0.202115109042428
GTEX-13OVL-0011-R4b-SM-5L3HV	Excit	0.0019080440135286
GTEX-13OVL-0011-R4b-SM-5L3HV	Micro	0.0037699986141963
GTEX-13OVL-0011-R4b-SM-5L3HV	OPC	0.0871781844080653
GTEX-13OVL-0011-R4b-SM-5L3HV	Mural	0.134997709876951
GTEX-13OVL-0011-R4b-SM-5L3HV	Immune	0
GTEX-13OW5-0011-R4b-SM-5L3HS	Inhib	0
GTEX-13OW5-0011-R4b-SM-5L3HS	Oligo	0.257224214140562
GTEX-13OW5-0011-R4b-SM-5L3HS	Astro	0.495459389885822
GTEX-13OW5-0011-R4b-SM-5L3HS	Excit	0.0483819899406935
GTEX-13OW5-0011-R4b-SM-5L3HS	Micro	0.037661601316752
GTEX-13OW5-0011-R4b-SM-5L3HS	OPC	0.115436048561026
GTEX-13OW5-0011-R4b-SM-5L3HS	Mural	0.0432331641196532
GTEX-13OW5-0011-R4b-SM-5L3HS	Immune	0.00260359203549071
GTEX-13OW6-0011-R4a-SM-5O9DX	Inhib	0.00203931960562406
GTEX-13OW6-0011-R4a-SM-5O9DX	Oligo	0.689050411846565
GTEX-13OW6-0011-R4a-SM-5O9DX	Astro	0.0710841349999487
GTEX-13OW6-0011-R4a-SM-5O9DX	Excit	0.0103506279468535
GTEX-13OW6-0011-R4a-SM-5O9DX	Micro	0.00571695473387382
GTEX-13OW6-0011-R4a-SM-5O9DX	OPC	0.0742271151890608
GTEX-13OW6-0011-R4a-SM-5O9DX	Mural	0.147531435678074
GTEX-13OW6-0011-R4a-SM-5O9DX	Immune	0
GTEX-13OW7-0011-R4b-SM-5O9CX	Inhib	0.00272998389769633
GTEX-13OW7-0011-R4b-SM-5O9CX	Oligo	0.474278764738426
GTEX-13OW7-0011-R4b-SM-5O9CX	Astro	0.338234656238841
GTEX-13OW7-0011-R4b-SM-5O9CX	Excit	0.00089359930172255
GTEX-13OW7-0011-R4b-SM-5O9CX	Micro	0
GTEX-13OW7-0011-R4b-SM-5O9CX	OPC	0.0688882035515294
GTEX-13OW7-0011-R4b-SM-5O9CX	Mural	0.114974792271785
GTEX-13OW7-0011-R4b-SM-5O9CX	Immune	0
GTEX-13OW8-0011-R4a-SM-9WG6V	Inhib	0
GTEX-13OW8-0011-R4a-SM-9WG6V	Oligo	0.62344159349259
GTEX-13OW8-0011-R4a-SM-9WG6V	Astro	0.300031870422936
GTEX-13OW8-0011-R4a-SM-9WG6V	Excit	0.0136945842783803
GTEX-13OW8-0011-R4a-SM-9WG6V	Micro	1.942432949912e-05
GTEX-13OW8-0011-R4a-SM-9WG6V	OPC	0.0243308259992107
GTEX-13OW8-0011-R4a-SM-9WG6V	Mural	0.0384817014773838
GTEX-13OW8-0011-R4a-SM-9WG6V	Immune	0
GTEX-13PLJ-0011-R4b-SM-GJ3R6	Inhib	0
GTEX-13PLJ-0011-R4b-SM-GJ3R6	Oligo	0.433280454369432
GTEX-13PLJ-0011-R4b-SM-GJ3R6	Astro	0.162881083162096
GTEX-13PLJ-0011-R4b-SM-GJ3R6	Excit	0.00120786728285284
GTEX-13PLJ-0011-R4b-SM-GJ3R6	Micro	0.00562370891290107
GTEX-13PLJ-0011-R4b-SM-GJ3R6	OPC	0.110828277062938
GTEX-13PLJ-0011-R4b-SM-GJ3R6	Mural	0.286178609209781
GTEX-13PLJ-0011-R4b-SM-GJ3R6	Immune	0
GTEX-13PVQ-0011-R4a-SM-5O9CT	Inhib	0.00315559727612888
GTEX-13PVQ-0011-R4a-SM-5O9CT	Oligo	0.594794634044559
GTEX-13PVQ-0011-R4a-SM-5O9CT	Astro	0.0771132187319551
GTEX-13PVQ-0011-R4a-SM-5O9CT	Excit	0.0135039937220561
GTEX-13PVQ-0011-R4a-SM-5O9CT	Micro	0.0208217913379313
GTEX-13PVQ-0011-R4a-SM-5O9CT	OPC	0.137390162831948
GTEX-13PVQ-0011-R4a-SM-5O9CT	Mural	0.151007732003412
GTEX-13PVQ-0011-R4a-SM-5O9CT	Immune	0.00221287005200968
GTEX-13QIC-0011-R4a-SM-5PNX8	Inhib	0.000676051594415091
GTEX-13QIC-0011-R4a-SM-5PNX8	Oligo	0.422574305322489
GTEX-13QIC-0011-R4a-SM-5PNX8	Astro	0.314044673593881
GTEX-13QIC-0011-R4a-SM-5PNX8	Excit	0.0411864503660429
GTEX-13QIC-0011-R4a-SM-5PNX8	Micro	0.030175904891256
GTEX-13QIC-0011-R4a-SM-5PNX8	OPC	0.107456790862431
GTEX-13QIC-0011-R4a-SM-5PNX8	Mural	0.0775526433070014
GTEX-13QIC-0011-R4a-SM-5PNX8	Immune	0.00633318006248331
GTEX-13QJC-0011-R4a-SM-H65ZP	Inhib	0
GTEX-13QJC-0011-R4a-SM-H65ZP	Oligo	0.565051049145757
GTEX-13QJC-0011-R4a-SM-H65ZP	Astro	0.154575217697572
GTEX-13QJC-0011-R4a-SM-H65ZP	Excit	0.0290482498241827
GTEX-13QJC-0011-R4a-SM-H65ZP	Micro	0.0343752158960697
GTEX-13QJC-0011-R4a-SM-H65ZP	OPC	0.109505128711375
GTEX-13QJC-0011-R4a-SM-H65ZP	Mural	0.107445138725044
GTEX-13QJC-0011-R4a-SM-H65ZP	Immune	0
GTEX-13RTJ-0011-R4b-SM-5PNX1	Inhib	0.00243457804440871
GTEX-13RTJ-0011-R4b-SM-5PNX1	Oligo	0.329220217952079
GTEX-13RTJ-0011-R4b-SM-5PNX1	Astro	0.448658010116123
GTEX-13RTJ-0011-R4b-SM-5PNX1	Excit	0.0331228998802123
GTEX-13RTJ-0011-R4b-SM-5PNX1	Micro	0.0668712170171941
GTEX-13RTJ-0011-R4b-SM-5PNX1	OPC	0.0686283220985414
GTEX-13RTJ-0011-R4b-SM-5PNX1	Mural	0.0491834688519608
GTEX-13RTJ-0011-R4b-SM-5PNX1	Immune	0.00188128603948035
GTEX-13SLW-0011-R4b-SM-5S2W2	Inhib	0
GTEX-13SLW-0011-R4b-SM-5S2W2	Oligo	0.329788751556526
GTEX-13SLW-0011-R4b-SM-5S2W2	Astro	0.33109334333966
GTEX-13SLW-0011-R4b-SM-5S2W2	Excit	0.00321075862242312
GTEX-13SLW-0011-R4b-SM-5S2W2	Micro	0.112977498978518
GTEX-13SLW-0011-R4b-SM-5S2W2	OPC	0.0925259126838354
GTEX-13SLW-0011-R4b-SM-5S2W2	Mural	0.114412028941329
GTEX-13SLW-0011-R4b-SM-5S2W2	Immune	0.0159917058777083
GTEX-13SLX-0011-R4a-SM-5O9BJ	Inhib	0.000384442393739163
GTEX-13SLX-0011-R4a-SM-5O9BJ	Oligo	0.447573210858552
GTEX-13SLX-0011-R4a-SM-5O9BJ	Astro	0.318424710942197
GTEX-13SLX-0011-R4a-SM-5O9BJ	Excit	0.0393747868318301
GTEX-13SLX-0011-R4a-SM-5O9BJ	Micro	0.00984799688148005
GTEX-13SLX-0011-R4a-SM-5O9BJ	OPC	0.0839605387736511
GTEX-13SLX-0011-R4a-SM-5O9BJ	Mural	0.100425214112181
GTEX-13SLX-0011-R4a-SM-5O9BJ	Immune	9.09920636936154e-06
GTEX-13VXU-0011-R4b-SM-5O9CI	Inhib	0
GTEX-13VXU-0011-R4b-SM-5O9CI	Oligo	0.276135766978551
GTEX-13VXU-0011-R4b-SM-5O9CI	Astro	0.37785236448774
GTEX-13VXU-0011-R4b-SM-5O9CI	Excit	0.194654744292906
GTEX-13VXU-0011-R4b-SM-5O9CI	Micro	0.0448677683540543
GTEX-13VXU-0011-R4b-SM-5O9CI	OPC	0.0386789174415935
GTEX-13VXU-0011-R4b-SM-5O9CI	Mural	0.0678104384451551
GTEX-13VXU-0011-R4b-SM-5O9CI	Immune	0
GTEX-13X6I-0011-R4b-SM-5PNU9	Inhib	0.00959243519174941
GTEX-13X6I-0011-R4b-SM-5PNU9	Oligo	0.669095736022562
GTEX-13X6I-0011-R4b-SM-5PNU9	Astro	0.0390646743788213
GTEX-13X6I-0011-R4b-SM-5PNU9	Excit	0.0427488399229016
GTEX-13X6I-0011-R4b-SM-5PNU9	Micro	0.041643710886822
GTEX-13X6I-0011-R4b-SM-5PNU9	OPC	0.120531693465517
GTEX-13X6I-0011-R4b-SM-5PNU9	Mural	0.0747272085257758
GTEX-13X6I-0011-R4b-SM-5PNU9	Immune	0.00259570160585042
GTEX-13X6J-0011-R4b-SM-5P9K4	Inhib	0.0241363715784858
GTEX-13X6J-0011-R4b-SM-5P9K4	Oligo	0.624997979080201
GTEX-13X6J-0011-R4b-SM-5P9K4	Astro	0.184014892998748
GTEX-13X6J-0011-R4b-SM-5P9K4	Excit	0.0246651931775409
GTEX-13X6J-0011-R4b-SM-5P9K4	Micro	0.02193101284606
GTEX-13X6J-0011-R4b-SM-5P9K4	OPC	0.0760566575347817
GTEX-13X6J-0011-R4b-SM-5P9K4	Mural	0.0441978927841823
GTEX-13X6J-0011-R4b-SM-5P9K4	Immune	0
GTEX-13X6K-0011-R4b-SM-5P9HO	Inhib	0.00041869387937257
GTEX-13X6K-0011-R4b-SM-5P9HO	Oligo	0.417151150520995
GTEX-13X6K-0011-R4b-SM-5P9HO	Astro	0.214101433220903
GTEX-13X6K-0011-R4b-SM-5P9HO	Excit	0.0924725184574915
GTEX-13X6K-0011-R4b-SM-5P9HO	Micro	0.0398681061563373
GTEX-13X6K-0011-R4b-SM-5P9HO	OPC	0.120989630967055
GTEX-13X6K-0011-R4b-SM-5P9HO	Mural	0.114998466797845
GTEX-13X6K-0011-R4b-SM-5P9HO	Immune	0
GTEX-1445S-0011-R4a-SM-5PNWN	Inhib	0
GTEX-1445S-0011-R4a-SM-5PNWN	Oligo	0.527116216357615
GTEX-1445S-0011-R4a-SM-5PNWN	Astro	0.233224879297793
GTEX-1445S-0011-R4a-SM-5PNWN	Excit	0.00902013588282589
GTEX-1445S-0011-R4a-SM-5PNWN	Micro	0.0517202804582936
GTEX-1445S-0011-R4a-SM-5PNWN	OPC	0.0722637556717256
GTEX-1445S-0011-R4a-SM-5PNWN	Mural	0.101342876460733
GTEX-1445S-0011-R4a-SM-5PNWN	Immune	0.00531185587101447
GTEX-144GL-0011-R4a-SM-5PNUI	Inhib	0
GTEX-144GL-0011-R4a-SM-5PNUI	Oligo	0.759738718201937
GTEX-144GL-0011-R4a-SM-5PNUI	Astro	0.0499546527187314
GTEX-144GL-0011-R4a-SM-5PNUI	Excit	0.0165651483195568
GTEX-144GL-0011-R4a-SM-5PNUI	Micro	0.00177313386523313
GTEX-144GL-0011-R4a-SM-5PNUI	OPC	0.0481230242779005
GTEX-144GL-0011-R4a-SM-5PNUI	Mural	0.123845322616641
GTEX-144GL-0011-R4a-SM-5PNUI	Immune	0
GTEX-145LS-0011-R4b-SM-5S2UT	Inhib	0.0378159121235725
GTEX-145LS-0011-R4b-SM-5S2UT	Oligo	0.274029759254275
GTEX-145LS-0011-R4b-SM-5S2UT	Astro	0.238422134674695
GTEX-145LS-0011-R4b-SM-5S2UT	Excit	0.103022186149536
GTEX-145LS-0011-R4b-SM-5S2UT	Micro	0.0732901749197815
GTEX-145LS-0011-R4b-SM-5S2UT	OPC	0.140506765794512
GTEX-145LS-0011-R4b-SM-5S2UT	Mural	0.126096468154115
GTEX-145LS-0011-R4b-SM-5S2UT	Immune	0.00681659892951411
GTEX-145LU-0011-R4b-SM-5P9K1	Inhib	0
GTEX-145LU-0011-R4b-SM-5P9K1	Oligo	0.635458985176879
GTEX-145LU-0011-R4b-SM-5P9K1	Astro	0.0667610209677489
GTEX-145LU-0011-R4b-SM-5P9K1	Excit	0.0193654645734015
GTEX-145LU-0011-R4b-SM-5P9K1	Micro	0.00288644095782596
GTEX-145LU-0011-R4b-SM-5P9K1	OPC	0.0648798819685209
GTEX-145LU-0011-R4b-SM-5P9K1	Mural	0.202327022777863
GTEX-145LU-0011-R4b-SM-5P9K1	Immune	0.00832118357776
GTEX-147F4-0011-R4b-SM-GJ3R4	Inhib	0.00705540778337676
GTEX-147F4-0011-R4b-SM-GJ3R4	Oligo	0.567595522048325
GTEX-147F4-0011-R4b-SM-GJ3R4	Astro	0.223386644662639
GTEX-147F4-0011-R4b-SM-GJ3R4	Excit	0.0660672396063589
GTEX-147F4-0011-R4b-SM-GJ3R4	Micro	0.00658082830139124
GTEX-147F4-0011-R4b-SM-GJ3R4	OPC	0.0773211192803162
GTEX-147F4-0011-R4b-SM-GJ3R4	Mural	0.0508434650653966
GTEX-147F4-0011-R4b-SM-GJ3R4	Immune	0.00114977325219706
GTEX-147GR-0011-R4a-SM-5S2V2	Inhib	0.00631489482613598
GTEX-147GR-0011-R4a-SM-5S2V2	Oligo	0.609818385121204
GTEX-147GR-0011-R4a-SM-5S2V2	Astro	0.196095229466812
GTEX-147GR-0011-R4a-SM-5S2V2	Excit	0.0139362194182426
GTEX-147GR-0011-R4a-SM-5S2V2	Micro	0.0856460099177964
GTEX-147GR-0011-R4a-SM-5S2V2	OPC	0.0778609981140565
GTEX-147GR-0011-R4a-SM-5S2V2	Mural	0.00599865993633548
GTEX-147GR-0011-R4a-SM-5S2V2	Immune	0.00432960319941705
GTEX-14ABY-0011-R4b-SM-5S2VN	Inhib	0.0233123102498132
GTEX-14ABY-0011-R4b-SM-5S2VN	Oligo	0.417682378205979
GTEX-14ABY-0011-R4b-SM-5S2VN	Astro	0.356308880921593
GTEX-14ABY-0011-R4b-SM-5S2VN	Excit	0.0392267693494583
GTEX-14ABY-0011-R4b-SM-5S2VN	Micro	0.0144075653783826
GTEX-14ABY-0011-R4b-SM-5S2VN	OPC	0.071714652750163
GTEX-14ABY-0011-R4b-SM-5S2VN	Mural	0.0773474431446108
GTEX-14ABY-0011-R4b-SM-5S2VN	Immune	0
GTEX-14ASI-0011-R4a-SM-69LQ4	Inhib	0.00876558098069628
GTEX-14ASI-0011-R4a-SM-69LQ4	Oligo	0.52228657608967
GTEX-14ASI-0011-R4a-SM-69LQ4	Astro	0.0729044915195574
GTEX-14ASI-0011-R4a-SM-69LQ4	Excit	0.134396753631685
GTEX-14ASI-0011-R4a-SM-69LQ4	Micro	0.0159431701736581
GTEX-14ASI-0011-R4a-SM-69LQ4	OPC	0.0833776304849607
GTEX-14ASI-0011-R4a-SM-69LQ4	Mural	0.162325797119773
GTEX-14ASI-0011-R4a-SM-69LQ4	Immune	0
GTEX-14BIM-0011-R4b-SM-5S2RK	Inhib	0.10627053779897
GTEX-14BIM-0011-R4b-SM-5S2RK	Oligo	0.291776410349903
GTEX-14BIM-0011-R4b-SM-5S2RK	Astro	0.308278617584592
GTEX-14BIM-0011-R4b-SM-5S2RK	Excit	0.0282903487573582
GTEX-14BIM-0011-R4b-SM-5S2RK	Micro	0.0811394219235164
GTEX-14BIM-0011-R4b-SM-5S2RK	OPC	0.131745945557611
GTEX-14BIM-0011-R4b-SM-5S2RK	Mural	0.0508402046843049
GTEX-14BIM-0011-R4b-SM-5S2RK	Immune	0.00165851334374553
GTEX-14BMV-0011-R4a-SM-H6Q7P	Inhib	0.204288074719046
GTEX-14BMV-0011-R4a-SM-H6Q7P	Oligo	0.091464458027398
GTEX-14BMV-0011-R4a-SM-H6Q7P	Astro	0.244698497967568
GTEX-14BMV-0011-R4a-SM-H6Q7P	Excit	0.210479116335618
GTEX-14BMV-0011-R4a-SM-H6Q7P	Micro	0.0348701987731433
GTEX-14BMV-0011-R4a-SM-H6Q7P	OPC	0.0477181477049912
GTEX-14BMV-0011-R4a-SM-H6Q7P	Mural	0.166020976971656
GTEX-14BMV-0011-R4a-SM-H6Q7P	Immune	0.000460529500579935
GTEX-14C5O-0011-R4b-SM-G9ERF	Inhib	0
GTEX-14C5O-0011-R4b-SM-G9ERF	Oligo	0.459775760030194
GTEX-14C5O-0011-R4b-SM-G9ERF	Astro	0.316292374087125
GTEX-14C5O-0011-R4b-SM-G9ERF	Excit	0.0490455500857291
GTEX-14C5O-0011-R4b-SM-G9ERF	Micro	0.0766971485191642
GTEX-14C5O-0011-R4b-SM-G9ERF	OPC	0.0499155086622563
GTEX-14C5O-0011-R4b-SM-G9ERF	Mural	0.0481845537299745
GTEX-14C5O-0011-R4b-SM-G9ERF	Immune	8.91048855570504e-05
GTEX-14DAQ-0011-R4a-SM-5YYAI	Inhib	0.00352526399408473
GTEX-14DAQ-0011-R4a-SM-5YYAI	Oligo	0.709544408305386
GTEX-14DAQ-0011-R4a-SM-5YYAI	Astro	0.0280326776072818
GTEX-14DAQ-0011-R4a-SM-5YYAI	Excit	0.031806995520188
GTEX-14DAQ-0011-R4a-SM-5YYAI	Micro	0.0421466045872028
GTEX-14DAQ-0011-R4a-SM-5YYAI	OPC	0.104093508456022
GTEX-14DAQ-0011-R4a-SM-5YYAI	Mural	0.0808505415298341
GTEX-14DAQ-0011-R4a-SM-5YYAI	Immune	0
GTEX-14E7W-0011-R4b-SM-62LEA	Inhib	0.00356978099752355
GTEX-14E7W-0011-R4b-SM-62LEA	Oligo	0.877325138051317
GTEX-14E7W-0011-R4b-SM-62LEA	Astro	0.0778943265825305
GTEX-14E7W-0011-R4b-SM-62LEA	Excit	0.00994931156022066
GTEX-14E7W-0011-R4b-SM-62LEA	Micro	0.0136678313988783
GTEX-14E7W-0011-R4b-SM-62LEA	OPC	0.0149404544104864
GTEX-14E7W-0011-R4b-SM-62LEA	Mural	0.0026531569990431
GTEX-14E7W-0011-R4b-SM-62LEA	Immune	0
GTEX-14JFF-0011-R4a-SM-5ZZV5	Inhib	0.00345801462439385
GTEX-14JFF-0011-R4a-SM-5ZZV5	Oligo	0.604926431235468
GTEX-14JFF-0011-R4a-SM-5ZZV5	Astro	0.271077384858701
GTEX-14JFF-0011-R4a-SM-5ZZV5	Excit	0.0171327108034645
GTEX-14JFF-0011-R4a-SM-5ZZV5	Micro	0.0321978283884625
GTEX-14JFF-0011-R4a-SM-5ZZV5	OPC	0.053909026608956
GTEX-14JFF-0011-R4a-SM-5ZZV5	Mural	0.0172986034805543
GTEX-14JFF-0011-R4a-SM-5ZZV5	Immune	0
GTEX-14JG1-0011-R4b-SM-62LEB	Inhib	0.00570186402750508
GTEX-14JG1-0011-R4b-SM-62LEB	Oligo	0.234183858565742
GTEX-14JG1-0011-R4b-SM-62LEB	Astro	0.410790332179723
GTEX-14JG1-0011-R4b-SM-62LEB	Excit	0.257111955344699
GTEX-14JG1-0011-R4b-SM-62LEB	Micro	0.0418979953473078
GTEX-14JG1-0011-R4b-SM-62LEB	OPC	0.0324493466758987
GTEX-14JG1-0011-R4b-SM-62LEB	Mural	0.0178646478591239
GTEX-14JG1-0011-R4b-SM-62LEB	Immune	0
GTEX-14JIY-0011-R4b-SM-5ZZV7	Inhib	0.00595081944073742
GTEX-14JIY-0011-R4b-SM-5ZZV7	Oligo	0.373587194978496
GTEX-14JIY-0011-R4b-SM-5ZZV7	Astro	0.26822588444064
GTEX-14JIY-0011-R4b-SM-5ZZV7	Excit	0.192364937860755
GTEX-14JIY-0011-R4b-SM-5ZZV7	Micro	0.0469743610091414
GTEX-14JIY-0011-R4b-SM-5ZZV7	OPC	0.0842252629036014
GTEX-14JIY-0011-R4b-SM-5ZZV7	Mural	0.0286715393666284
GTEX-14JIY-0011-R4b-SM-5ZZV7	Immune	0
GTEX-14PJM-0011-R4a-SM-5YYAS	Inhib	0.00268556057934027
GTEX-14PJM-0011-R4a-SM-5YYAS	Oligo	0.842435789711548
GTEX-14PJM-0011-R4a-SM-5YYAS	Astro	0.0459724095357027
GTEX-14PJM-0011-R4a-SM-5YYAS	Excit	0.0211128370794618
GTEX-14PJM-0011-R4a-SM-5YYAS	Micro	0.00392845657335562
GTEX-14PJM-0011-R4a-SM-5YYAS	OPC	0.0450113450855339
GTEX-14PJM-0011-R4a-SM-5YYAS	Mural	0.038853601435058
GTEX-14PJM-0011-R4a-SM-5YYAS	Immune	0
GTEX-14PN4-0011-R4a-SM-686ZT	Inhib	0.00920417005955053
GTEX-14PN4-0011-R4a-SM-686ZT	Oligo	0.361387636077117
GTEX-14PN4-0011-R4a-SM-686ZT	Astro	0.279798478863708
GTEX-14PN4-0011-R4a-SM-686ZT	Excit	0.0426120475471632
GTEX-14PN4-0011-R4a-SM-686ZT	Micro	0.108701781044834
GTEX-14PN4-0011-R4a-SM-686ZT	OPC	0.129096327195496
GTEX-14PN4-0011-R4a-SM-686ZT	Mural	0.0645800682636402
GTEX-14PN4-0011-R4a-SM-686ZT	Immune	0.0046194909484901
GTEX-14PQA-0011-R4b-SM-6AJBU	Inhib	0
GTEX-14PQA-0011-R4b-SM-6AJBU	Oligo	0.319348704078063
GTEX-14PQA-0011-R4b-SM-6AJBU	Astro	0.352922242396044
GTEX-14PQA-0011-R4b-SM-6AJBU	Excit	0.0656084386413974
GTEX-14PQA-0011-R4b-SM-6AJBU	Micro	0.0412348618746505
GTEX-14PQA-0011-R4b-SM-6AJBU	OPC	0.134329679592199
GTEX-14PQA-0011-R4b-SM-6AJBU	Mural	0.0849405775081097
GTEX-14PQA-0011-R4b-SM-6AJBU	Immune	0.00161549590953647
GTEX-15CHQ-0011-R4a-SM-686ZX	Inhib	0.00920873573513385
GTEX-15CHQ-0011-R4a-SM-686ZX	Oligo	0.527306845884854
GTEX-15CHQ-0011-R4a-SM-686ZX	Astro	0.159445432755515
GTEX-15CHQ-0011-R4a-SM-686ZX	Excit	0.0505445647890111
GTEX-15CHQ-0011-R4a-SM-686ZX	Micro	0.0905561589953624
GTEX-15CHQ-0011-R4a-SM-686ZX	OPC	0.0799035794858152
GTEX-15CHQ-0011-R4a-SM-686ZX	Mural	0.0794628946330058
GTEX-15CHQ-0011-R4a-SM-686ZX	Immune	0.00357178772130312
GTEX-15DCD-0011-R4a-SM-69LPB	Inhib	0.00145268599581563
GTEX-15DCD-0011-R4a-SM-69LPB	Oligo	0.235318066373396
GTEX-15DCD-0011-R4a-SM-69LPB	Astro	0.48089654622355
GTEX-15DCD-0011-R4a-SM-69LPB	Excit	0.032818187734736
GTEX-15DCD-0011-R4a-SM-69LPB	Micro	0.0791622868504553
GTEX-15DCD-0011-R4a-SM-69LPB	OPC	0.0823991019905747
GTEX-15DCD-0011-R4a-SM-69LPB	Mural	0.0787914769477238
GTEX-15DCD-0011-R4a-SM-69LPB	Immune	0.00916164788374863
GTEX-15DYW-0011-R4a-SM-6M46V	Inhib	0
GTEX-15DYW-0011-R4a-SM-6M46V	Oligo	0.354620791188235
GTEX-15DYW-0011-R4a-SM-6M46V	Astro	0.373980760595228
GTEX-15DYW-0011-R4a-SM-6M46V	Excit	0.117762576608128
GTEX-15DYW-0011-R4a-SM-6M46V	Micro	0.0261988347231016
GTEX-15DYW-0011-R4a-SM-6M46V	OPC	0.0644674088176711
GTEX-15DYW-0011-R4a-SM-6M46V	Mural	0.0595102186453786
GTEX-15DYW-0011-R4a-SM-6M46V	Immune	0.00345940942225814
GTEX-15EO6-0011-R4a-SM-7KUKZ	Inhib	0.0256454884330119
GTEX-15EO6-0011-R4a-SM-7KUKZ	Oligo	0.194344781015229
GTEX-15EO6-0011-R4a-SM-7KUKZ	Astro	0.413437096427842
GTEX-15EO6-0011-R4a-SM-7KUKZ	Excit	0.112984017644663
GTEX-15EO6-0011-R4a-SM-7KUKZ	Micro	0.0895180374773677
GTEX-15EO6-0011-R4a-SM-7KUKZ	OPC	0.0755232419558272
GTEX-15EO6-0011-R4a-SM-7KUKZ	Mural	0.0885473370460591
GTEX-15EO6-0011-R4a-SM-7KUKZ	Immune	0
GTEX-15ER7-0011-R4a-SM-6M46S	Inhib	0
GTEX-15ER7-0011-R4a-SM-6M46S	Oligo	0.279659429777932
GTEX-15ER7-0011-R4a-SM-6M46S	Astro	0.381259957198891
GTEX-15ER7-0011-R4a-SM-6M46S	Excit	0.0934413545303736
GTEX-15ER7-0011-R4a-SM-6M46S	Micro	0.0148375074056614
GTEX-15ER7-0011-R4a-SM-6M46S	OPC	0.122779227675613
GTEX-15ER7-0011-R4a-SM-6M46S	Mural	0.108022523411529
GTEX-15ER7-0011-R4a-SM-6M46S	Immune	0
GTEX-15RJE-0011-R4a-SM-H7OH4	Inhib	0.0118404978658752
GTEX-15RJE-0011-R4a-SM-H7OH4	Oligo	0.163236954400318
GTEX-15RJE-0011-R4a-SM-H7OH4	Astro	0.345820624782899
GTEX-15RJE-0011-R4a-SM-H7OH4	Excit	0.139467639431075
GTEX-15RJE-0011-R4a-SM-H7OH4	Micro	0.217303329139323
GTEX-15RJE-0011-R4a-SM-H7OH4	OPC	0.074893075975463
GTEX-15RJE-0011-R4a-SM-H7OH4	Mural	0.0460624953905385
GTEX-15RJE-0011-R4a-SM-H7OH4	Immune	0.00137538301450813
GTEX-15SHU-0011-R4b-SM-7IGLC	Inhib	0
GTEX-15SHU-0011-R4b-SM-7IGLC	Oligo	0.447251786450492
GTEX-15SHU-0011-R4b-SM-7IGLC	Astro	0.303494433941315
GTEX-15SHU-0011-R4b-SM-7IGLC	Excit	0.147280256880875
GTEX-15SHU-0011-R4b-SM-7IGLC	Micro	0.022049601995778
GTEX-15SHU-0011-R4b-SM-7IGLC	OPC	0.0362846081273783
GTEX-15SHU-0011-R4b-SM-7IGLC	Mural	0.0436393126041617
GTEX-15SHU-0011-R4b-SM-7IGLC	Immune	0
GTEX-16YQH-0011-R4a-SM-7EPGI	Inhib	0
GTEX-16YQH-0011-R4a-SM-7EPGI	Oligo	0.285843708814384
GTEX-16YQH-0011-R4a-SM-7EPGI	Astro	0.366742169913525
GTEX-16YQH-0011-R4a-SM-7EPGI	Excit	0.201331169127862
GTEX-16YQH-0011-R4a-SM-7EPGI	Micro	0.0862147797070761
GTEX-16YQH-0011-R4a-SM-7EPGI	OPC	0.0516561749029347
GTEX-16YQH-0011-R4a-SM-7EPGI	Mural	0.00821199753421814
GTEX-16YQH-0011-R4a-SM-7EPGI	Immune	0
GTEX-17EVP-0011-R4a-SM-79OML	Inhib	0
GTEX-17EVP-0011-R4a-SM-79OML	Oligo	0.404829125854676
GTEX-17EVP-0011-R4a-SM-79OML	Astro	0.144653648212066
GTEX-17EVP-0011-R4a-SM-79OML	Excit	0.197856101187954
GTEX-17EVP-0011-R4a-SM-79OML	Micro	0.0188366603221856
GTEX-17EVP-0011-R4a-SM-79OML	OPC	0.07011174121807
GTEX-17EVP-0011-R4a-SM-79OML	Mural	0.163712723205049
GTEX-17EVP-0011-R4a-SM-79OML	Immune	0
GTEX-17EVQ-0011-R4b-SM-7LT94	Inhib	0
GTEX-17EVQ-0011-R4b-SM-7LT94	Oligo	0.534183177602072
GTEX-17EVQ-0011-R4b-SM-7LT94	Astro	0.0106537602977351
GTEX-17EVQ-0011-R4b-SM-7LT94	Excit	0.0462418905167971
GTEX-17EVQ-0011-R4b-SM-7LT94	Micro	0.0595855732609729
GTEX-17EVQ-0011-R4b-SM-7LT94	OPC	0.103588115597816
GTEX-17EVQ-0011-R4b-SM-7LT94	Mural	0.245747482724607
GTEX-17EVQ-0011-R4b-SM-7LT94	Immune	0
GTEX-17F97-0011-R4b-SM-7KFS2	Inhib	0.00142073760843822
GTEX-17F97-0011-R4b-SM-7KFS2	Oligo	0.546433912551028
GTEX-17F97-0011-R4b-SM-7KFS2	Astro	0.144900623116668
GTEX-17F97-0011-R4b-SM-7KFS2	Excit	0.0526023113416181
GTEX-17F97-0011-R4b-SM-7KFS2	Micro	0.0383199494992973
GTEX-17F97-0011-R4b-SM-7KFS2	OPC	0.0857190466958047
GTEX-17F97-0011-R4b-SM-7KFS2	Mural	0.119477686497773
GTEX-17F97-0011-R4b-SM-7KFS2	Immune	0.0111257326893723
GTEX-17HG3-0011-R4a-SM-7IGLL	Inhib	0
GTEX-17HG3-0011-R4a-SM-7IGLL	Oligo	0.454899353565524
GTEX-17HG3-0011-R4a-SM-7IGLL	Astro	0.318175616083939
GTEX-17HG3-0011-R4a-SM-7IGLL	Excit	0.126091310599565
GTEX-17HG3-0011-R4a-SM-7IGLL	Micro	0.0311712927504759
GTEX-17HG3-0011-R4a-SM-7IGLL	OPC	0.0582172078277819
GTEX-17HG3-0011-R4a-SM-7IGLL	Mural	0.0114452191727137
GTEX-17HG3-0011-R4a-SM-7IGLL	Immune	0
GTEX-1A3MX-0011-R4b-SM-7EWFK	Inhib	0
GTEX-1A3MX-0011-R4b-SM-7EWFK	Oligo	0.398111282720242
GTEX-1A3MX-0011-R4b-SM-7EWFK	Astro	0.295418850193509
GTEX-1A3MX-0011-R4b-SM-7EWFK	Excit	0.0993544299633182
GTEX-1A3MX-0011-R4b-SM-7EWFK	Micro	0.0500469879941469
GTEX-1A3MX-0011-R4b-SM-7EWFK	OPC	0.0805523842058803
GTEX-1A3MX-0011-R4b-SM-7EWFK	Mural	0.0765160649229043
GTEX-1A3MX-0011-R4b-SM-7EWFK	Immune	0
GTEX-1AX9I-0011-R4b-SM-7EPIB	Inhib	0
GTEX-1AX9I-0011-R4b-SM-7EPIB	Oligo	0.570330662860775
GTEX-1AX9I-0011-R4b-SM-7EPIB	Astro	0.0879614980809418
GTEX-1AX9I-0011-R4b-SM-7EPIB	Excit	0.172316939637987
GTEX-1AX9I-0011-R4b-SM-7EPIB	Micro	0.0320516896097105
GTEX-1AX9I-0011-R4b-SM-7EPIB	OPC	0.0415714918100193
GTEX-1AX9I-0011-R4b-SM-7EPIB	Mural	0.0957677180005668
GTEX-1AX9I-0011-R4b-SM-7EPIB	Immune	0
GTEX-1B8L1-0011-R4a-SM-7EWFJ	Inhib	0
GTEX-1B8L1-0011-R4a-SM-7EWFJ	Oligo	0.612841292290971
GTEX-1B8L1-0011-R4a-SM-7EWFJ	Astro	0.124817451778054
GTEX-1B8L1-0011-R4a-SM-7EWFJ	Excit	0.116409627389222
GTEX-1B8L1-0011-R4a-SM-7EWFJ	Micro	0.0233617195680757
GTEX-1B8L1-0011-R4a-SM-7EWFJ	OPC	0.0339739925744841
GTEX-1B8L1-0011-R4a-SM-7EWFJ	Mural	0.0885959163991931
GTEX-1B8L1-0011-R4a-SM-7EWFJ	Immune	0
GTEX-1B996-0011-R4b-SM-9OSVO	Inhib	0.00103459677532318
GTEX-1B996-0011-R4b-SM-9OSVO	Oligo	0.703693584550488
GTEX-1B996-0011-R4b-SM-9OSVO	Astro	0.100679444300743
GTEX-1B996-0011-R4b-SM-9OSVO	Excit	0.0553077144284032
GTEX-1B996-0011-R4b-SM-9OSVO	Micro	0.0375282436654573
GTEX-1B996-0011-R4b-SM-9OSVO	OPC	0.0631362174460723
GTEX-1B996-0011-R4b-SM-9OSVO	Mural	0.038620198833512
GTEX-1B996-0011-R4b-SM-9OSVO	Immune	0
GTEX-1C6VR-0011-R4b-SM-9QEGZ	Inhib	0
GTEX-1C6VR-0011-R4b-SM-9QEGZ	Oligo	0.754562223071273
GTEX-1C6VR-0011-R4b-SM-9QEGZ	Astro	0.159333040186724
GTEX-1C6VR-0011-R4b-SM-9QEGZ	Excit	0.00605227556916059
GTEX-1C6VR-0011-R4b-SM-9QEGZ	Micro	0.00837864076560893
GTEX-1C6VR-0011-R4b-SM-9QEGZ	OPC	0.0346464948955958
GTEX-1C6VR-0011-R4b-SM-9QEGZ	Mural	0.0370273255116379
GTEX-1C6VR-0011-R4b-SM-9QEGZ	Immune	0
GTEX-1C6WA-0011-R4a-SM-9QEH2	Inhib	0.0252828426898794
GTEX-1C6WA-0011-R4a-SM-9QEH2	Oligo	0.733704459288901
GTEX-1C6WA-0011-R4a-SM-9QEH2	Astro	0.0605387271942578
GTEX-1C6WA-0011-R4a-SM-9QEH2	Excit	0.0298165532454001
GTEX-1C6WA-0011-R4a-SM-9QEH2	Micro	0.0795153545218
GTEX-1C6WA-0011-R4a-SM-9QEH2	OPC	0.0363221616927949
GTEX-1C6WA-0011-R4a-SM-9QEH2	Mural	0.034443241198285
GTEX-1C6WA-0011-R4a-SM-9QEH2	Immune	0.000376660168682244
GTEX-1CB4G-0011-R4b-SM-CJI28	Inhib	0
GTEX-1CB4G-0011-R4b-SM-CJI28	Oligo	0.769487979935456
GTEX-1CB4G-0011-R4b-SM-CJI28	Astro	0.115963890611211
GTEX-1CB4G-0011-R4b-SM-CJI28	Excit	0.0293987843066568
GTEX-1CB4G-0011-R4b-SM-CJI28	Micro	0.0109580448183698
GTEX-1CB4G-0011-R4b-SM-CJI28	OPC	0.0402894070597201
GTEX-1CB4G-0011-R4b-SM-CJI28	Mural	0.0339018932685863
GTEX-1CB4G-0011-R4b-SM-CJI28	Immune	0
GTEX-1E1VI-0011-R4b-SM-9QEHV	Inhib	0
GTEX-1E1VI-0011-R4b-SM-9QEHV	Oligo	0.733524259605426
GTEX-1E1VI-0011-R4b-SM-9QEHV	Astro	0.0677196596406848
GTEX-1E1VI-0011-R4b-SM-9QEHV	Excit	0.0512758739864771
GTEX-1E1VI-0011-R4b-SM-9QEHV	Micro	0.0108654135416067
GTEX-1E1VI-0011-R4b-SM-9QEHV	OPC	0.0671500510328597
GTEX-1E1VI-0011-R4b-SM-9QEHV	Mural	0.0694647421929461
GTEX-1E1VI-0011-R4b-SM-9QEHV	Immune	0
GTEX-1EMGI-0011-R4b-SM-CJI2D	Inhib	0.00312217375400674
GTEX-1EMGI-0011-R4b-SM-CJI2D	Oligo	0.416100557276826
GTEX-1EMGI-0011-R4b-SM-CJI2D	Astro	0.308952918451918
GTEX-1EMGI-0011-R4b-SM-CJI2D	Excit	0.0619917350958692
GTEX-1EMGI-0011-R4b-SM-CJI2D	Micro	0.0505230913781883
GTEX-1EMGI-0011-R4b-SM-CJI2D	OPC	0.0752227155714613
GTEX-1EMGI-0011-R4b-SM-CJI2D	Mural	0.0778762229157762
GTEX-1EMGI-0011-R4b-SM-CJI2D	Immune	0.00621058555595419
GTEX-1EX96-0011-R4a-SM-ARU82	Inhib	0.000172595616354354
GTEX-1EX96-0011-R4a-SM-ARU82	Oligo	0.614765772451955
GTEX-1EX96-0011-R4a-SM-ARU82	Astro	0.22368453946114
GTEX-1EX96-0011-R4a-SM-ARU82	Excit	0.0137336428146368
GTEX-1EX96-0011-R4a-SM-ARU82	Micro	0.00694216406198742
GTEX-1EX96-0011-R4a-SM-ARU82	OPC	0.0521336064290139
GTEX-1EX96-0011-R4a-SM-ARU82	Mural	0.0885676791649134
GTEX-1EX96-0011-R4a-SM-ARU82	Immune	0
GTEX-1F48J-0011-R4b-SM-9OSVX	Inhib	0
GTEX-1F48J-0011-R4b-SM-9OSVX	Oligo	0.603864055673248
GTEX-1F48J-0011-R4b-SM-9OSVX	Astro	0.069540647942958
GTEX-1F48J-0011-R4b-SM-9OSVX	Excit	0.18289131127558
GTEX-1F48J-0011-R4b-SM-9OSVX	Micro	0.0339732929934913
GTEX-1F48J-0011-R4b-SM-9OSVX	OPC	0.0658082371076842
GTEX-1F48J-0011-R4b-SM-9OSVX	Mural	0.0439224550070389
GTEX-1F48J-0011-R4b-SM-9OSVX	Immune	0
GTEX-1F6IF-0011-R4b-SM-CKZNJ	Inhib	0.00597760899091895
GTEX-1F6IF-0011-R4b-SM-CKZNJ	Oligo	0.286029188113624
GTEX-1F6IF-0011-R4b-SM-CKZNJ	Astro	0.456546263654981
GTEX-1F6IF-0011-R4b-SM-CKZNJ	Excit	0.0523467981879625
GTEX-1F6IF-0011-R4b-SM-CKZNJ	Micro	0.0213580034785349
GTEX-1F6IF-0011-R4b-SM-CKZNJ	OPC	0.0766375653447537
GTEX-1F6IF-0011-R4b-SM-CKZNJ	Mural	0.100754313679833
GTEX-1F6IF-0011-R4b-SM-CKZNJ	Immune	0.000350258549391986
GTEX-1F75A-0011-R4a-SM-ARL8J	Inhib	0
GTEX-1F75A-0011-R4a-SM-ARL8J	Oligo	0.297864549600343
GTEX-1F75A-0011-R4a-SM-ARL8J	Astro	0.543144698211342
GTEX-1F75A-0011-R4a-SM-ARL8J	Excit	0.117759628169036
GTEX-1F75A-0011-R4a-SM-ARL8J	Micro	0.011563815527337
GTEX-1F75A-0011-R4a-SM-ARL8J	OPC	0.021543513726264
GTEX-1F75A-0011-R4a-SM-ARL8J	Mural	0.00812379476567814
GTEX-1F75A-0011-R4a-SM-ARL8J	Immune	0
GTEX-1F7RK-0011-R4b-SM-9QEI7	Inhib	0
GTEX-1F7RK-0011-R4b-SM-9QEI7	Oligo	0.539979647170467
GTEX-1F7RK-0011-R4b-SM-9QEI7	Astro	0.232830017391692
GTEX-1F7RK-0011-R4b-SM-9QEI7	Excit	0.112574835779905
GTEX-1F7RK-0011-R4b-SM-9QEI7	Micro	0.0265657886893591
GTEX-1F7RK-0011-R4b-SM-9QEI7	OPC	0.00267425140929382
GTEX-1F7RK-0011-R4b-SM-9QEI7	Mural	0.0853754595592836
GTEX-1F7RK-0011-R4b-SM-9QEI7	Immune	0
GTEX-1GF9W-0011-R4a-SM-CE6RH	Inhib	3.20083644708801e-05
GTEX-1GF9W-0011-R4a-SM-CE6RH	Oligo	0.7556816766164
GTEX-1GF9W-0011-R4a-SM-CE6RH	Astro	0.0364735875608068
GTEX-1GF9W-0011-R4a-SM-CE6RH	Excit	0.0341177496469195
GTEX-1GF9W-0011-R4a-SM-CE6RH	Micro	0.00215398588377971
GTEX-1GF9W-0011-R4a-SM-CE6RH	OPC	0.101370228627059
GTEX-1GF9W-0011-R4a-SM-CE6RH	Mural	0.0701385387974841
GTEX-1GF9W-0011-R4a-SM-CE6RH	Immune	3.22245030802144e-05
GTEX-1GMR8-0011-R4a-SM-9OSX1	Inhib	0.00027701225352224
GTEX-1GMR8-0011-R4a-SM-9OSX1	Oligo	0.350879631309759
GTEX-1GMR8-0011-R4a-SM-9OSX1	Astro	0.209167251920359
GTEX-1GMR8-0011-R4a-SM-9OSX1	Excit	0.0663495385841668
GTEX-1GMR8-0011-R4a-SM-9OSX1	Micro	0.0537885966236649
GTEX-1GMR8-0011-R4a-SM-9OSX1	OPC	0.133166824192622
GTEX-1GMR8-0011-R4a-SM-9OSX1	Mural	0.186371145115907
GTEX-1GMR8-0011-R4a-SM-9OSX1	Immune	0
GTEX-1GN73-0011-R4b-SM-9QEIK	Inhib	0
GTEX-1GN73-0011-R4b-SM-9QEIK	Oligo	0.443941462251499
GTEX-1GN73-0011-R4b-SM-9QEIK	Astro	0.339736116322859
GTEX-1GN73-0011-R4b-SM-9QEIK	Excit	0.0977688906040757
GTEX-1GN73-0011-R4b-SM-9QEIK	Micro	0.0366300134531203
GTEX-1GN73-0011-R4b-SM-9QEIK	OPC	0.0495115952635175
GTEX-1GN73-0011-R4b-SM-9QEIK	Mural	0.0321231676474329
GTEX-1GN73-0011-R4b-SM-9QEIK	Immune	0.000288754457495475
GTEX-1GTWX-0011-R4a-SM-C1YQI	Inhib	0
GTEX-1GTWX-0011-R4a-SM-C1YQI	Oligo	0.367686703914141
GTEX-1GTWX-0011-R4a-SM-C1YQI	Astro	0.40590835984859
GTEX-1GTWX-0011-R4a-SM-C1YQI	Excit	0.05188208664449
GTEX-1GTWX-0011-R4a-SM-C1YQI	Micro	0.0100008465480599
GTEX-1GTWX-0011-R4a-SM-C1YQI	OPC	0.0600819813594363
GTEX-1GTWX-0011-R4a-SM-C1YQI	Mural	0.104440021685283
GTEX-1GTWX-0011-R4a-SM-C1YQI	Immune	0
GTEX-1GZ4I-0011-R4a-SM-9QEI9	Inhib	3.88679782492741e-05
GTEX-1GZ4I-0011-R4a-SM-9QEI9	Oligo	0.7264233751162
GTEX-1GZ4I-0011-R4a-SM-9QEI9	Astro	0.0598667683688635
GTEX-1GZ4I-0011-R4a-SM-9QEI9	Excit	0.0013654894735617
GTEX-1GZ4I-0011-R4a-SM-9QEI9	Micro	0.00218360962798755
GTEX-1GZ4I-0011-R4a-SM-9QEI9	OPC	0.0769802837857359
GTEX-1GZ4I-0011-R4a-SM-9QEI9	Mural	0.132810430439853
GTEX-1GZ4I-0011-R4a-SM-9QEI9	Immune	0.000331175209549849
GTEX-1H1CY-0011-R4b-SM-CJI3G	Inhib	0
GTEX-1H1CY-0011-R4b-SM-CJI3G	Oligo	0.652324457038312
GTEX-1H1CY-0011-R4b-SM-CJI3G	Astro	0.0282796145956973
GTEX-1H1CY-0011-R4b-SM-CJI3G	Excit	0.00962439627196797
GTEX-1H1CY-0011-R4b-SM-CJI3G	Micro	0.00753356289132733
GTEX-1H1CY-0011-R4b-SM-CJI3G	OPC	0.0773766773770795
GTEX-1H1CY-0011-R4b-SM-CJI3G	Mural	0.224790753264868
GTEX-1H1CY-0011-R4b-SM-CJI3G	Immune	7.05385607476008e-05
GTEX-1H1DG-0011-R4a-SM-CE6RQ	Inhib	0
GTEX-1H1DG-0011-R4a-SM-CE6RQ	Oligo	0.675530972763648
GTEX-1H1DG-0011-R4a-SM-CE6RQ	Astro	0.0423143176913322
GTEX-1H1DG-0011-R4a-SM-CE6RQ	Excit	0.0187219993228911
GTEX-1H1DG-0011-R4a-SM-CE6RQ	Micro	0.0631473288934855
GTEX-1H1DG-0011-R4a-SM-CE6RQ	OPC	0.106613661946486
GTEX-1H1DG-0011-R4a-SM-CE6RQ	Mural	0.0886899089202337
GTEX-1H1DG-0011-R4a-SM-CE6RQ	Immune	0.00498181046192408
GTEX-1H1ZS-0011-R4b-SM-CKZO7	Inhib	0.000991140600050763
GTEX-1H1ZS-0011-R4b-SM-CKZO7	Oligo	0.421756778758861
GTEX-1H1ZS-0011-R4b-SM-CKZO7	Astro	0.289846173490775
GTEX-1H1ZS-0011-R4b-SM-CKZO7	Excit	0.071135265580473
GTEX-1H1ZS-0011-R4b-SM-CKZO7	Micro	0.0421226098550888
GTEX-1H1ZS-0011-R4b-SM-CKZO7	OPC	0.0957598804524699
GTEX-1H1ZS-0011-R4b-SM-CKZO7	Mural	0.0733165543088869
GTEX-1H1ZS-0011-R4b-SM-CKZO7	Immune	0.00507159695339497
GTEX-1H23P-0011-R4b-SM-CL54R	Inhib	0
GTEX-1H23P-0011-R4b-SM-CL54R	Oligo	0.713662580332944
GTEX-1H23P-0011-R4b-SM-CL54R	Astro	0.13409907285356
GTEX-1H23P-0011-R4b-SM-CL54R	Excit	0.00272945873264805
GTEX-1H23P-0011-R4b-SM-CL54R	Micro	0.000133548142267403
GTEX-1H23P-0011-R4b-SM-CL54R	OPC	0.0842835891384221
GTEX-1H23P-0011-R4b-SM-CL54R	Mural	0.0649496519525241
GTEX-1H23P-0011-R4b-SM-CL54R	Immune	0.000142098847634532
GTEX-1H3NZ-0011-R4a-SM-CL54T	Inhib	0
GTEX-1H3NZ-0011-R4a-SM-CL54T	Oligo	0.448771481519196
GTEX-1H3NZ-0011-R4a-SM-CL54T	Astro	0.0868801935558297
GTEX-1H3NZ-0011-R4a-SM-CL54T	Excit	0.228366534929026
GTEX-1H3NZ-0011-R4a-SM-CL54T	Micro	0.0284891457851895
GTEX-1H3NZ-0011-R4a-SM-CL54T	OPC	0.109452521371871
GTEX-1H3NZ-0011-R4a-SM-CL54T	Mural	0.098040122838888
GTEX-1H3NZ-0011-R4a-SM-CL54T	Immune	0
GTEX-1H3O1-0011-R4b-SM-A9SKE	Inhib	0
GTEX-1H3O1-0011-R4b-SM-A9SKE	Oligo	0.337190659770967
GTEX-1H3O1-0011-R4b-SM-A9SKE	Astro	0.442753218581642
GTEX-1H3O1-0011-R4b-SM-A9SKE	Excit	0.0439710067179903
GTEX-1H3O1-0011-R4b-SM-A9SKE	Micro	0.0441573324564602
GTEX-1H3O1-0011-R4b-SM-A9SKE	OPC	0.060585651694349
GTEX-1H3O1-0011-R4b-SM-A9SKE	Mural	0.071342130778592
GTEX-1H3O1-0011-R4b-SM-A9SKE	Immune	0
GTEX-1HB9E-0011-R4b-SM-ARZLS	Inhib	0.000210318644905615
GTEX-1HB9E-0011-R4b-SM-ARZLS	Oligo	0.500139332397529
GTEX-1HB9E-0011-R4b-SM-ARZLS	Astro	0.352290748357198
GTEX-1HB9E-0011-R4b-SM-ARZLS	Excit	0.0188883731026605
GTEX-1HB9E-0011-R4b-SM-ARZLS	Micro	0.030863707266193
GTEX-1HB9E-0011-R4b-SM-ARZLS	OPC	0.0468707864280406
GTEX-1HB9E-0011-R4b-SM-ARZLS	Mural	0.0498630589388479
GTEX-1HB9E-0011-R4b-SM-ARZLS	Immune	0.000873674864624889
GTEX-1HBPH-0011-R4a-SM-A96RX	Inhib	0
GTEX-1HBPH-0011-R4a-SM-A96RX	Oligo	0.648840824460619
GTEX-1HBPH-0011-R4a-SM-A96RX	Astro	0.0684711882712312
GTEX-1HBPH-0011-R4a-SM-A96RX	Excit	0.108976852004637
GTEX-1HBPH-0011-R4a-SM-A96RX	Micro	0.0250683967786708
GTEX-1HBPH-0011-R4a-SM-A96RX	OPC	0.0681929513549588
GTEX-1HBPH-0011-R4a-SM-A96RX	Mural	0.0804497871298829
GTEX-1HBPH-0011-R4a-SM-A96RX	Immune	0
GTEX-1HBPI-0011-R4a-SM-CJI3K	Inhib	0.000214701538841879
GTEX-1HBPI-0011-R4a-SM-CJI3K	Oligo	0.591457874453111
GTEX-1HBPI-0011-R4a-SM-CJI3K	Astro	0.2391179748485
GTEX-1HBPI-0011-R4a-SM-CJI3K	Excit	0.0406996198933427
GTEX-1HBPI-0011-R4a-SM-CJI3K	Micro	0.0185180001623168
GTEX-1HBPI-0011-R4a-SM-CJI3K	OPC	0.0514638657824474
GTEX-1HBPI-0011-R4a-SM-CJI3K	Mural	0.0584882944448767
GTEX-1HBPI-0011-R4a-SM-CJI3K	Immune	3.96688765629318e-05
GTEX-1HCU6-0011-R4b-SM-ARU74	Inhib	0
GTEX-1HCU6-0011-R4b-SM-ARU74	Oligo	0.618672387953107
GTEX-1HCU6-0011-R4b-SM-ARU74	Astro	0
GTEX-1HCU6-0011-R4b-SM-ARU74	Excit	0.218736042790032
GTEX-1HCU6-0011-R4b-SM-ARU74	Micro	0.000535814075923725
GTEX-1HCU6-0011-R4b-SM-ARU74	OPC	0.0741324861112586
GTEX-1HCU6-0011-R4b-SM-ARU74	Mural	0.0879232690696785
GTEX-1HCU6-0011-R4b-SM-ARU74	Immune	0
GTEX-1HFI6-0011-R4b-SM-A96RT	Inhib	0
GTEX-1HFI6-0011-R4b-SM-A96RT	Oligo	0.520575407660508
GTEX-1HFI6-0011-R4b-SM-A96RT	Astro	0.151842946140409
GTEX-1HFI6-0011-R4b-SM-A96RT	Excit	0.183299136136287
GTEX-1HFI6-0011-R4b-SM-A96RT	Micro	0.0368763130391215
GTEX-1HFI6-0011-R4b-SM-A96RT	OPC	0.0474833607144461
GTEX-1HFI6-0011-R4b-SM-A96RT	Mural	0.0599228363092285
GTEX-1HFI6-0011-R4b-SM-A96RT	Immune	0
GTEX-1I1GR-0011-R4a-SM-CMKHC	Inhib	0.0145695593460596
GTEX-1I1GR-0011-R4a-SM-CMKHC	Oligo	0.804528080917673
GTEX-1I1GR-0011-R4a-SM-CMKHC	Astro	0.0841999545430661
GTEX-1I1GR-0011-R4a-SM-CMKHC	Excit	0.00625247588319331
GTEX-1I1GR-0011-R4a-SM-CMKHC	Micro	0.000528413776498062
GTEX-1I1GR-0011-R4a-SM-CMKHC	OPC	0.0231649133502323
GTEX-1I1GR-0011-R4a-SM-CMKHC	Mural	0.0667566021832781
GTEX-1I1GR-0011-R4a-SM-CMKHC	Immune	0
GTEX-1ICLZ-0011-R4a-SM-CMKHL	Inhib	0.0399389024537476
GTEX-1ICLZ-0011-R4a-SM-CMKHL	Oligo	0.484104407295117
GTEX-1ICLZ-0011-R4a-SM-CMKHL	Astro	0.164017287583908
GTEX-1ICLZ-0011-R4a-SM-CMKHL	Excit	0.0611319985243819
GTEX-1ICLZ-0011-R4a-SM-CMKHL	Micro	0.0910981014857261
GTEX-1ICLZ-0011-R4a-SM-CMKHL	OPC	0.0117273741533163
GTEX-1ICLZ-0011-R4a-SM-CMKHL	Mural	0.147981928503803
GTEX-1ICLZ-0011-R4a-SM-CMKHL	Immune	0
GTEX-1IY9M-0011-R4a-SM-C1YQ2	Inhib	0
GTEX-1IY9M-0011-R4a-SM-C1YQ2	Oligo	0.263279743345422
GTEX-1IY9M-0011-R4a-SM-C1YQ2	Astro	0.359689968847672
GTEX-1IY9M-0011-R4a-SM-C1YQ2	Excit	0.213385022312281
GTEX-1IY9M-0011-R4a-SM-C1YQ2	Micro	0.0550122036643761
GTEX-1IY9M-0011-R4a-SM-C1YQ2	OPC	0.0465773484802851
GTEX-1IY9M-0011-R4a-SM-C1YQ2	Mural	0.0620557133499635
GTEX-1IY9M-0011-R4a-SM-C1YQ2	Immune	0
GTEX-1J1OQ-0011-R4a-SM-D4P2A	Inhib	0
GTEX-1J1OQ-0011-R4a-SM-D4P2A	Oligo	0.440410519558732
GTEX-1J1OQ-0011-R4a-SM-D4P2A	Astro	0.435006384427229
GTEX-1J1OQ-0011-R4a-SM-D4P2A	Excit	0.0160477522878451
GTEX-1J1OQ-0011-R4a-SM-D4P2A	Micro	0.0280455615012982
GTEX-1J1OQ-0011-R4a-SM-D4P2A	OPC	0.0547851311117409
GTEX-1J1OQ-0011-R4a-SM-D4P2A	Mural	0.0257046511131553
GTEX-1J1OQ-0011-R4a-SM-D4P2A	Immune	0
GTEX-1J8EW-0011-R4b-SM-ARU89	Inhib	0
GTEX-1J8EW-0011-R4b-SM-ARU89	Oligo	0.446106480584911
GTEX-1J8EW-0011-R4b-SM-ARU89	Astro	0.350386791243802
GTEX-1J8EW-0011-R4b-SM-ARU89	Excit	0.000107715079602717
GTEX-1J8EW-0011-R4b-SM-ARU89	Micro	0
GTEX-1J8EW-0011-R4b-SM-ARU89	OPC	0.0348548479393182
GTEX-1J8EW-0011-R4b-SM-ARU89	Mural	0.168544165152367
GTEX-1J8EW-0011-R4b-SM-ARU89	Immune	0
GTEX-1J8Q2-0011-R4a-SM-ADEHA	Inhib	1.7337623596379e-05
GTEX-1J8Q2-0011-R4a-SM-ADEHA	Oligo	0.662804272219015
GTEX-1J8Q2-0011-R4a-SM-ADEHA	Astro	0.141907367052012
GTEX-1J8Q2-0011-R4a-SM-ADEHA	Excit	0.0118004389021925
GTEX-1J8Q2-0011-R4a-SM-ADEHA	Micro	0.00274221246409962
GTEX-1J8Q2-0011-R4a-SM-ADEHA	OPC	0.0957457909842164
GTEX-1J8Q2-0011-R4a-SM-ADEHA	Mural	0.084982580754868
GTEX-1J8Q2-0011-R4a-SM-ADEHA	Immune	0
GTEX-1JJ6O-0011-R4a-SM-EY5YM	Inhib	0.00287797068573264
GTEX-1JJ6O-0011-R4a-SM-EY5YM	Oligo	0.796586856378405
GTEX-1JJ6O-0011-R4a-SM-EY5YM	Astro	0.0863507572364059
GTEX-1JJ6O-0011-R4a-SM-EY5YM	Excit	0.0221685625725884
GTEX-1JJ6O-0011-R4a-SM-EY5YM	Micro	0.00552598815436167
GTEX-1JJ6O-0011-R4a-SM-EY5YM	OPC	0.075865513698348
GTEX-1JJ6O-0011-R4a-SM-EY5YM	Mural	0.0106243512741584
GTEX-1JJ6O-0011-R4a-SM-EY5YM	Immune	0
GTEX-1JMLX-0011-R4a-SM-EY5YJ	Inhib	0
GTEX-1JMLX-0011-R4a-SM-EY5YJ	Oligo	0.742559500603353
GTEX-1JMLX-0011-R4a-SM-EY5YJ	Astro	0.158908089213005
GTEX-1JMLX-0011-R4a-SM-EY5YJ	Excit	0.0455523752181119
GTEX-1JMLX-0011-R4a-SM-EY5YJ	Micro	3.27862515169858e-05
GTEX-1JMLX-0011-R4a-SM-EY5YJ	OPC	0.0265499301147837
GTEX-1JMLX-0011-R4a-SM-EY5YJ	Mural	0.0263973185992292
GTEX-1JMLX-0011-R4a-SM-EY5YJ	Immune	0
GTEX-1JMOU-0011-R4b-SM-EY5ZL	Inhib	0.0411081132159798
GTEX-1JMOU-0011-R4b-SM-EY5ZL	Oligo	0.381530178935433
GTEX-1JMOU-0011-R4b-SM-EY5ZL	Astro	0.281661713411474
GTEX-1JMOU-0011-R4b-SM-EY5ZL	Excit	0.0683096261068603
GTEX-1JMOU-0011-R4b-SM-EY5ZL	Micro	0.0938907109029546
GTEX-1JMOU-0011-R4b-SM-EY5ZL	OPC	0.0953398396366588
GTEX-1JMOU-0011-R4b-SM-EY5ZL	Mural	0.03815981779064
GTEX-1JMOU-0011-R4b-SM-EY5ZL	Immune	0
GTEX-1JMQJ-0011-R4b-SM-EXUT8	Inhib	0
GTEX-1JMQJ-0011-R4b-SM-EXUT8	Oligo	0.279989857272345
GTEX-1JMQJ-0011-R4b-SM-EXUT8	Astro	0.229180461255169
GTEX-1JMQJ-0011-R4b-SM-EXUT8	Excit	0.305541314932654
GTEX-1JMQJ-0011-R4b-SM-EXUT8	Micro	0.0571932358217444
GTEX-1JMQJ-0011-R4b-SM-EXUT8	OPC	0.0297757580823455
GTEX-1JMQJ-0011-R4b-SM-EXUT8	Mural	0.0983193726357425
GTEX-1JMQJ-0011-R4b-SM-EXUT8	Immune	0
GTEX-1JMQK-0011-R4a-SM-G8LLQ	Inhib	0.00118504571843462
GTEX-1JMQK-0011-R4a-SM-G8LLQ	Oligo	0.474588396317659
GTEX-1JMQK-0011-R4a-SM-G8LLQ	Astro	0.305860273746404
GTEX-1JMQK-0011-R4a-SM-G8LLQ	Excit	0.0319202607890298
GTEX-1JMQK-0011-R4a-SM-G8LLQ	Micro	0.0382951369660336
GTEX-1JMQK-0011-R4a-SM-G8LLQ	OPC	0.0648826783434758
GTEX-1JMQK-0011-R4a-SM-G8LLQ	Mural	0.0818450806751709
GTEX-1JMQK-0011-R4a-SM-G8LLQ	Immune	0.00142312744379236
GTEX-1JN1M-0011-R4b-SM-F6494	Inhib	0
GTEX-1JN1M-0011-R4b-SM-F6494	Oligo	0.580321362655215
GTEX-1JN1M-0011-R4b-SM-F6494	Astro	0.33792811065676
GTEX-1JN1M-0011-R4b-SM-F6494	Excit	0
GTEX-1JN1M-0011-R4b-SM-F6494	Micro	0.00361675077541564
GTEX-1JN1M-0011-R4b-SM-F6494	OPC	0.0388865908766564
GTEX-1JN1M-0011-R4b-SM-F6494	Mural	0.0392471850359528
GTEX-1JN1M-0011-R4b-SM-F6494	Immune	0
GTEX-1KWVE-0011-R4a-SM-F3K5X	Inhib	0
GTEX-1KWVE-0011-R4a-SM-F3K5X	Oligo	0.494258591474197
GTEX-1KWVE-0011-R4a-SM-F3K5X	Astro	0.34430034828276
GTEX-1KWVE-0011-R4a-SM-F3K5X	Excit	0.038963121365732
GTEX-1KWVE-0011-R4a-SM-F3K5X	Micro	0.00166942831611507
GTEX-1KWVE-0011-R4a-SM-F3K5X	OPC	0.0598415042011308
GTEX-1KWVE-0011-R4a-SM-F3K5X	Mural	0.0609670063600656
GTEX-1KWVE-0011-R4a-SM-F3K5X	Immune	0
GTEX-1LB8K-0011-R4b-SM-F6487	Inhib	0
GTEX-1LB8K-0011-R4b-SM-F6487	Oligo	0.408172071914029
GTEX-1LB8K-0011-R4b-SM-F6487	Astro	0.490307720468248
GTEX-1LB8K-0011-R4b-SM-F6487	Excit	0.00159253402041611
GTEX-1LB8K-0011-R4b-SM-F6487	Micro	0
GTEX-1LB8K-0011-R4b-SM-F6487	OPC	0.0235891375966556
GTEX-1LB8K-0011-R4b-SM-F6487	Mural	0.0760316417751552
GTEX-1LB8K-0011-R4b-SM-F6487	Immune	0.000306894225496221
GTEX-1LH75-0011-R4a-SM-F2TAM	Inhib	0.0155203706491113
GTEX-1LH75-0011-R4a-SM-F2TAM	Oligo	0.442770687257728
GTEX-1LH75-0011-R4a-SM-F2TAM	Astro	0.265445002172208
GTEX-1LH75-0011-R4a-SM-F2TAM	Excit	0.0406798548837022
GTEX-1LH75-0011-R4a-SM-F2TAM	Micro	0.0672587239525116
GTEX-1LH75-0011-R4a-SM-F2TAM	OPC	0.114133783535823
GTEX-1LH75-0011-R4a-SM-F2TAM	Mural	0.0512862303256572
GTEX-1LH75-0011-R4a-SM-F2TAM	Immune	0.00290534722325791
GTEX-1LKK1-0011-R4b-SM-EY5YA	Inhib	0.000625824812477318
GTEX-1LKK1-0011-R4b-SM-EY5YA	Oligo	0.357836957461579
GTEX-1LKK1-0011-R4b-SM-EY5YA	Astro	0.406108888980267
GTEX-1LKK1-0011-R4b-SM-EY5YA	Excit	0.0306911919824256
GTEX-1LKK1-0011-R4b-SM-EY5YA	Micro	0.0104383226265468
GTEX-1LKK1-0011-R4b-SM-EY5YA	OPC	0.159891760440568
GTEX-1LKK1-0011-R4b-SM-EY5YA	Mural	0.0344070536961368
GTEX-1LKK1-0011-R4b-SM-EY5YA	Immune	0
GTEX-1LSVX-0011-R4b-SM-EXURP	Inhib	0.001232305096742
GTEX-1LSVX-0011-R4b-SM-EXURP	Oligo	0.509750236022036
GTEX-1LSVX-0011-R4b-SM-EXURP	Astro	0.283140518030267
GTEX-1LSVX-0011-R4b-SM-EXURP	Excit	0.0633329188580918
GTEX-1LSVX-0011-R4b-SM-EXURP	Micro	0.0624733081674318
GTEX-1LSVX-0011-R4b-SM-EXURP	OPC	0.0370029567578233
GTEX-1LSVX-0011-R4b-SM-EXURP	Mural	0.0424521509208695
GTEX-1LSVX-0011-R4b-SM-EXURP	Immune	0.000615606146738894
GTEX-1LVA9-0011-R4a-SM-F2TA2	Inhib	0
GTEX-1LVA9-0011-R4a-SM-F2TA2	Oligo	0.287109831707288
GTEX-1LVA9-0011-R4a-SM-F2TA2	Astro	0.516677401091836
GTEX-1LVA9-0011-R4a-SM-F2TA2	Excit	0.0508703200050729
GTEX-1LVA9-0011-R4a-SM-F2TA2	Micro	0.0312758048228875
GTEX-1LVA9-0011-R4a-SM-F2TA2	OPC	0.066417580867044
GTEX-1LVA9-0011-R4a-SM-F2TA2	Mural	0.0472946205387311
GTEX-1LVA9-0011-R4a-SM-F2TA2	Immune	0.000354440967140864
GTEX-1LVAO-0011-R4a-SM-EXURO	Inhib	0
GTEX-1LVAO-0011-R4a-SM-EXURO	Oligo	0.340177200390984
GTEX-1LVAO-0011-R4a-SM-EXURO	Astro	0.238407519897765
GTEX-1LVAO-0011-R4a-SM-EXURO	Excit	0.180626161935044
GTEX-1LVAO-0011-R4a-SM-EXURO	Micro	0.0231450524325511
GTEX-1LVAO-0011-R4a-SM-EXURO	OPC	0.179281521363129
GTEX-1LVAO-0011-R4a-SM-EXURO	Mural	0.0359202109187857
GTEX-1LVAO-0011-R4a-SM-EXURO	Immune	0.0024423330617399
GTEX-1MJK2-0011-R4a-SM-F3426	Inhib	0.0166206207556203
GTEX-1MJK2-0011-R4a-SM-F3426	Oligo	0.584162012036474
GTEX-1MJK2-0011-R4a-SM-F3426	Astro	0.0902862951818041
GTEX-1MJK2-0011-R4a-SM-F3426	Excit	0.000437996008832897
GTEX-1MJK2-0011-R4a-SM-F3426	Micro	0.0326162983887101
GTEX-1MJK2-0011-R4a-SM-F3426	OPC	0.121117021136338
GTEX-1MJK2-0011-R4a-SM-F3426	Mural	0.154759756492221
GTEX-1MJK2-0011-R4a-SM-F3426	Immune	0
GTEX-1N2DW-0011-R4b-SM-EZ6MD	Inhib	0
GTEX-1N2DW-0011-R4b-SM-EZ6MD	Oligo	0.795659184892403
GTEX-1N2DW-0011-R4b-SM-EZ6MD	Astro	0.0942725855228598
GTEX-1N2DW-0011-R4b-SM-EZ6MD	Excit	0.0057753665452903
GTEX-1N2DW-0011-R4b-SM-EZ6MD	Micro	0.0445967394053167
GTEX-1N2DW-0011-R4b-SM-EZ6MD	OPC	0.0316430818078473
GTEX-1N2DW-0011-R4b-SM-EZ6MD	Mural	0.0280530418262828
GTEX-1N2DW-0011-R4b-SM-EZ6MD	Immune	0
GTEX-1N2EE-0011-R4a-SM-EXOII	Inhib	0
GTEX-1N2EE-0011-R4a-SM-EXOII	Oligo	0.381190731032621
GTEX-1N2EE-0011-R4a-SM-EXOII	Astro	0.193305024178451
GTEX-1N2EE-0011-R4a-SM-EXOII	Excit	0.0802478969394017
GTEX-1N2EE-0011-R4a-SM-EXOII	Micro	0.0612499471516956
GTEX-1N2EE-0011-R4a-SM-EXOII	OPC	0.145326134110271
GTEX-1N2EE-0011-R4a-SM-EXOII	Mural	0.138680266587559
GTEX-1N2EE-0011-R4a-SM-EXOII	Immune	0
GTEX-1N2EF-0011-R4a-SM-F341F	Inhib	0.0156296214812347
GTEX-1N2EF-0011-R4a-SM-F341F	Oligo	0.552381499841098
GTEX-1N2EF-0011-R4a-SM-F341F	Astro	0.0979346216274444
GTEX-1N2EF-0011-R4a-SM-F341F	Excit	0.171780248152315
GTEX-1N2EF-0011-R4a-SM-F341F	Micro	0.0565415824780054
GTEX-1N2EF-0011-R4a-SM-F341F	OPC	0.0652749874764221
GTEX-1N2EF-0011-R4a-SM-F341F	Mural	0.0404574389434805
GTEX-1N2EF-0011-R4a-SM-F341F	Immune	0
GTEX-1NV8Z-0011-R4b-SM-G8LMZ	Inhib	0
GTEX-1NV8Z-0011-R4b-SM-G8LMZ	Oligo	0.855430601653883
GTEX-1NV8Z-0011-R4b-SM-G8LMZ	Astro	0.00668051675452976
GTEX-1NV8Z-0011-R4b-SM-G8LMZ	Excit	0.0144978989618842
GTEX-1NV8Z-0011-R4b-SM-G8LMZ	Micro	0.00718670590891236
GTEX-1NV8Z-0011-R4b-SM-G8LMZ	OPC	0.0548841147327829
GTEX-1NV8Z-0011-R4b-SM-G8LMZ	Mural	0.0613201619880082
GTEX-1NV8Z-0011-R4b-SM-G8LMZ	Immune	0
GTEX-1O9I2-0011-R4b-SM-F3K4K	Inhib	0
GTEX-1O9I2-0011-R4b-SM-F3K4K	Oligo	0.389269041631191
GTEX-1O9I2-0011-R4b-SM-F3K4K	Astro	0.333784746009003
GTEX-1O9I2-0011-R4b-SM-F3K4K	Excit	0.0792803201835218
GTEX-1O9I2-0011-R4b-SM-F3K4K	Micro	0.043484905856434
GTEX-1O9I2-0011-R4b-SM-F3K4K	OPC	0.0935946593988787
GTEX-1O9I2-0011-R4b-SM-F3K4K	Mural	0.058281325322861
GTEX-1O9I2-0011-R4b-SM-F3K4K	Immune	0.00230500159811015
GTEX-1OJC4-0011-R4a-SM-F3K54	Inhib	0
GTEX-1OJC4-0011-R4a-SM-F3K54	Oligo	0.460680431541839
GTEX-1OJC4-0011-R4a-SM-F3K54	Astro	0.336842596909499
GTEX-1OJC4-0011-R4a-SM-F3K54	Excit	0.107296800688336
GTEX-1OJC4-0011-R4a-SM-F3K54	Micro	0.0227010876769302
GTEX-1OJC4-0011-R4a-SM-F3K54	OPC	0.0437929505026252
GTEX-1OJC4-0011-R4a-SM-F3K54	Mural	0.028686132680771
GTEX-1OJC4-0011-R4a-SM-F3K54	Immune	0
GTEX-1P4AB-0011-R4b-SM-F2T9S	Inhib	0
GTEX-1P4AB-0011-R4b-SM-F2T9S	Oligo	0.199141963301097
GTEX-1P4AB-0011-R4b-SM-F2T9S	Astro	0.277151428156861
GTEX-1P4AB-0011-R4b-SM-F2T9S	Excit	0.266896744803548
GTEX-1P4AB-0011-R4b-SM-F2T9S	Micro	0.0279502872524871
GTEX-1P4AB-0011-R4b-SM-F2T9S	OPC	0.118481961931336
GTEX-1P4AB-0011-R4b-SM-F2T9S	Mural	0.109920537963308
GTEX-1P4AB-0011-R4b-SM-F2T9S	Immune	0.000457076591363882
GTEX-1PIIG-0011-R4a-SM-F2TAQ	Inhib	0
GTEX-1PIIG-0011-R4a-SM-F2TAQ	Oligo	0.510767218454494
GTEX-1PIIG-0011-R4a-SM-F2TAQ	Astro	0.364195830526414
GTEX-1PIIG-0011-R4a-SM-F2TAQ	Excit	0.0379501811271348
GTEX-1PIIG-0011-R4a-SM-F2TAQ	Micro	0.0319523078319957
GTEX-1PIIG-0011-R4a-SM-F2TAQ	OPC	0.0236787553214532
GTEX-1PIIG-0011-R4a-SM-F2TAQ	Mural	0.0314557067385078
GTEX-1PIIG-0011-R4a-SM-F2TAQ	Immune	0
GTEX-1POEN-0011-R4b-SM-F3K4O	Inhib	0.00884630364586359
GTEX-1POEN-0011-R4b-SM-F3K4O	Oligo	0.771467691639304
GTEX-1POEN-0011-R4b-SM-F3K4O	Astro	0.120206153076839
GTEX-1POEN-0011-R4b-SM-F3K4O	Excit	0.012716547139287
GTEX-1POEN-0011-R4b-SM-F3K4O	Micro	0.00312482114744366
GTEX-1POEN-0011-R4b-SM-F3K4O	OPC	0.0530420112471548
GTEX-1POEN-0011-R4b-SM-F3K4O	Mural	0.0305964721041083
GTEX-1POEN-0011-R4b-SM-F3K4O	Immune	0
GTEX-1PPGY-0011-R4a-SM-F3K4F	Inhib	0.00761901588872547
GTEX-1PPGY-0011-R4a-SM-F3K4F	Oligo	0.805913305165716
GTEX-1PPGY-0011-R4a-SM-F3K4F	Astro	0.0718417366066492
GTEX-1PPGY-0011-R4a-SM-F3K4F	Excit	0.0133178673788154
GTEX-1PPGY-0011-R4a-SM-F3K4F	Micro	0.0135227835756165
GTEX-1PPGY-0011-R4a-SM-F3K4F	OPC	0.0488161671160436
GTEX-1PPGY-0011-R4a-SM-F3K4F	Mural	0.0389691242684337
GTEX-1PPGY-0011-R4a-SM-F3K4F	Immune	0
GTEX-1PWST-0011-R4a-SM-F2T9X	Inhib	0.00187819233907633
GTEX-1PWST-0011-R4a-SM-F2T9X	Oligo	0.421115323842557
GTEX-1PWST-0011-R4a-SM-F2T9X	Astro	0.210305918918124
GTEX-1PWST-0011-R4a-SM-F2T9X	Excit	0.12432598189786
GTEX-1PWST-0011-R4a-SM-F2T9X	Micro	0.101228557501132
GTEX-1PWST-0011-R4a-SM-F2T9X	OPC	0.107134893341576
GTEX-1PWST-0011-R4a-SM-F2T9X	Mural	0.0293999358191193
GTEX-1PWST-0011-R4a-SM-F2T9X	Immune	0.00461119634055384
GTEX-1QMI2-0011-R4b-SM-F3K4R	Inhib	0.0116821272154094
GTEX-1QMI2-0011-R4b-SM-F3K4R	Oligo	0.446827466625411
GTEX-1QMI2-0011-R4b-SM-F3K4R	Astro	0.236444378689943
GTEX-1QMI2-0011-R4b-SM-F3K4R	Excit	0.0254537874954372
GTEX-1QMI2-0011-R4b-SM-F3K4R	Micro	0.165216289924688
GTEX-1QMI2-0011-R4b-SM-F3K4R	OPC	0.0790519111335509
GTEX-1QMI2-0011-R4b-SM-F3K4R	Mural	0.0283292677199436
GTEX-1QMI2-0011-R4b-SM-F3K4R	Immune	0.00699477119561736
GTEX-1QP6S-0011-R4b-SM-F33ZY	Inhib	0.000733203465125651
GTEX-1QP6S-0011-R4b-SM-F33ZY	Oligo	0.770224597644936
GTEX-1QP6S-0011-R4b-SM-F33ZY	Astro	0.12459215676014
GTEX-1QP6S-0011-R4b-SM-F33ZY	Excit	0.00806672979769301
GTEX-1QP6S-0011-R4b-SM-F33ZY	Micro	0.00111922268155495
GTEX-1QP6S-0011-R4b-SM-F33ZY	OPC	0.0577404845907969
GTEX-1QP6S-0011-R4b-SM-F33ZY	Mural	0.0374327622096578
GTEX-1QP6S-0011-R4b-SM-F33ZY	Immune	9.08428500960289e-05
GTEX-1R46S-0011-R4b-SM-F2TBF	Inhib	0
GTEX-1R46S-0011-R4b-SM-F2TBF	Oligo	0.617604523486254
GTEX-1R46S-0011-R4b-SM-F2TBF	Astro	0.103332295507832
GTEX-1R46S-0011-R4b-SM-F2TBF	Excit	0.0015126253354705
GTEX-1R46S-0011-R4b-SM-F2TBF	Micro	0.06451514892856
GTEX-1R46S-0011-R4b-SM-F2TBF	OPC	0.098779464469291
GTEX-1R46S-0011-R4b-SM-F2TBF	Mural	0.114255942272592
GTEX-1R46S-0011-R4b-SM-F2TBF	Immune	0
GTEX-1RDX4-0011-R4b-SM-F3K43	Inhib	0.000316207866053084
GTEX-1RDX4-0011-R4b-SM-F3K43	Oligo	0.556529061835095
GTEX-1RDX4-0011-R4b-SM-F3K43	Astro	0.290726229427569
GTEX-1RDX4-0011-R4b-SM-F3K43	Excit	0.0276618826240259
GTEX-1RDX4-0011-R4b-SM-F3K43	Micro	0.0222861834969624
GTEX-1RDX4-0011-R4b-SM-F3K43	OPC	0.0649076459783502
GTEX-1RDX4-0011-R4b-SM-F3K43	Mural	0.0375727887719445
GTEX-1RDX4-0011-R4b-SM-F3K43	Immune	0
GTEX-1RLM8-0011-R4a-SM-F2TBL	Inhib	0
GTEX-1RLM8-0011-R4a-SM-F2TBL	Oligo	0.456011659609424
GTEX-1RLM8-0011-R4a-SM-F2TBL	Astro	0.404020026000398
GTEX-1RLM8-0011-R4a-SM-F2TBL	Excit	0
GTEX-1RLM8-0011-R4a-SM-F2TBL	Micro	0
GTEX-1RLM8-0011-R4a-SM-F2TBL	OPC	0.0325185487180858
GTEX-1RLM8-0011-R4a-SM-F2TBL	Mural	0.105727772480698
GTEX-1RLM8-0011-R4a-SM-F2TBL	Immune	0.00172199319139467
GTEX-1RQEC-0011-R4b-SM-F342C	Inhib	0
GTEX-1RQEC-0011-R4b-SM-F342C	Oligo	0.520937069435172
GTEX-1RQEC-0011-R4b-SM-F342C	Astro	0.205259644161342
GTEX-1RQEC-0011-R4b-SM-F342C	Excit	0.17495300320824
GTEX-1RQEC-0011-R4b-SM-F342C	Micro	0.0119410710922857
GTEX-1RQEC-0011-R4b-SM-F342C	OPC	0.0491416325954807
GTEX-1RQEC-0011-R4b-SM-F342C	Mural	0.0377675795074792
GTEX-1RQEC-0011-R4b-SM-F342C	Immune	0
GTEX-1RQED-0011-R4b-SM-F2I2X	Inhib	7.44585008759846e-05
GTEX-1RQED-0011-R4b-SM-F2I2X	Oligo	0.483778867082121
GTEX-1RQED-0011-R4b-SM-F2I2X	Astro	0.0264808488669958
GTEX-1RQED-0011-R4b-SM-F2I2X	Excit	0.0499662719879937
GTEX-1RQED-0011-R4b-SM-F2I2X	Micro	0.0475132157140763
GTEX-1RQED-0011-R4b-SM-F2I2X	OPC	0.0924431012294097
GTEX-1RQED-0011-R4b-SM-F2I2X	Mural	0.299743236618528
GTEX-1RQED-0011-R4b-SM-F2I2X	Immune	0
GTEX-N7MT-0011-R4a-SM-2I3G9	Inhib	0.0094571028617043
GTEX-N7MT-0011-R4a-SM-2I3G9	Oligo	0.669264951565293
GTEX-N7MT-0011-R4a-SM-2I3G9	Astro	0.0828277299168379
GTEX-N7MT-0011-R4a-SM-2I3G9	Excit	0.0154171958345535
GTEX-N7MT-0011-R4a-SM-2I3G9	Micro	0.0892416574678829
GTEX-N7MT-0011-R4a-SM-2I3G9	OPC	0.0850028779168874
GTEX-N7MT-0011-R4a-SM-2I3G9	Mural	0.0487884844368405
GTEX-N7MT-0011-R4a-SM-2I3G9	Immune	0
GTEX-NL4W-0011-R4a-SM-2I5GZ	Inhib	0
GTEX-NL4W-0011-R4a-SM-2I5GZ	Oligo	0.548450823607839
GTEX-NL4W-0011-R4a-SM-2I5GZ	Astro	0.195833037028283
GTEX-NL4W-0011-R4a-SM-2I5GZ	Excit	0.060220224877963
GTEX-NL4W-0011-R4a-SM-2I5GZ	Micro	0.0739819447823227
GTEX-NL4W-0011-R4a-SM-2I5GZ	OPC	0.0864016765979098
GTEX-NL4W-0011-R4a-SM-2I5GZ	Mural	0.0280545654365941
GTEX-NL4W-0011-R4a-SM-2I5GZ	Immune	0.00705772766908926
GTEX-NPJ7-0011-R4a-SM-2I3GJ	Inhib	0
GTEX-NPJ7-0011-R4a-SM-2I3GJ	Oligo	0.594449148070985
GTEX-NPJ7-0011-R4a-SM-2I3GJ	Astro	0.142773663322133
GTEX-NPJ7-0011-R4a-SM-2I3GJ	Excit	0.095807258215434
GTEX-NPJ7-0011-R4a-SM-2I3GJ	Micro	0.0333968603170767
GTEX-NPJ7-0011-R4a-SM-2I3GJ	OPC	0.0564988306891875
GTEX-NPJ7-0011-R4a-SM-2I3GJ	Mural	0.0770742393851839
GTEX-NPJ7-0011-R4a-SM-2I3GJ	Immune	0
GTEX-NPJ8-0011-R4a-SM-2HML3	Inhib	0
GTEX-NPJ8-0011-R4a-SM-2HML3	Oligo	0.444422351155866
GTEX-NPJ8-0011-R4a-SM-2HML3	Astro	0.358476469060304
GTEX-NPJ8-0011-R4a-SM-2HML3	Excit	0.0346218130677012
GTEX-NPJ8-0011-R4a-SM-2HML3	Micro	0.0163803348996144
GTEX-NPJ8-0011-R4a-SM-2HML3	OPC	0.0932694327844649
GTEX-NPJ8-0011-R4a-SM-2HML3	Mural	0.0521180229075317
GTEX-NPJ8-0011-R4a-SM-2HML3	Immune	0.000711576124517377
GTEX-OHPN-0011-R4A-SM-2I5FD	Inhib	0
GTEX-OHPN-0011-R4A-SM-2I5FD	Oligo	0.518813654389911
GTEX-OHPN-0011-R4A-SM-2I5FD	Astro	0.0485600955028983
GTEX-OHPN-0011-R4A-SM-2I5FD	Excit	0.0155595108989187
GTEX-OHPN-0011-R4A-SM-2I5FD	Micro	0.108611698841258
GTEX-OHPN-0011-R4A-SM-2I5FD	OPC	0.120402409915386
GTEX-OHPN-0011-R4A-SM-2I5FD	Mural	0.174921063815608
GTEX-OHPN-0011-R4A-SM-2I5FD	Immune	0.0131315666360201
GTEX-PVOW-0011-R4A-SM-H6Q8O	Inhib	0.00557034165972812
GTEX-PVOW-0011-R4A-SM-H6Q8O	Oligo	0.817372439448292
GTEX-PVOW-0011-R4A-SM-H6Q8O	Astro	0.0887114733792649
GTEX-PVOW-0011-R4A-SM-H6Q8O	Excit	0.0121483464011659
GTEX-PVOW-0011-R4A-SM-H6Q8O	Micro	0.0167106617490352
GTEX-PVOW-0011-R4A-SM-H6Q8O	OPC	0.0323432938694274
GTEX-PVOW-0011-R4A-SM-H6Q8O	Mural	0.0271434434930865
GTEX-PVOW-0011-R4A-SM-H6Q8O	Immune	0
GTEX-Q2AG-0011-R4A-SM-2HMKA	Inhib	0
GTEX-Q2AG-0011-R4A-SM-2HMKA	Oligo	0.495704427736123
GTEX-Q2AG-0011-R4A-SM-2HMKA	Astro	0.131599750310757
GTEX-Q2AG-0011-R4A-SM-2HMKA	Excit	0.225377104320058
GTEX-Q2AG-0011-R4A-SM-2HMKA	Micro	0.0182954716215228
GTEX-Q2AG-0011-R4A-SM-2HMKA	OPC	0.0542927669541823
GTEX-Q2AG-0011-R4A-SM-2HMKA	Mural	0.0747304790573566
GTEX-Q2AG-0011-R4A-SM-2HMKA	Immune	0
GTEX-QVJO-0011-R4A-SM-2S1QL	Inhib	0
GTEX-QVJO-0011-R4A-SM-2S1QL	Oligo	0.371031689822506
GTEX-QVJO-0011-R4A-SM-2S1QL	Astro	0.348327381960035
GTEX-QVJO-0011-R4A-SM-2S1QL	Excit	0.0895791926213996
GTEX-QVJO-0011-R4A-SM-2S1QL	Micro	0.09685697524017
GTEX-QVJO-0011-R4A-SM-2S1QL	OPC	0.0485794907244307
GTEX-QVJO-0011-R4A-SM-2S1QL	Mural	0.0456252696314582
GTEX-QVJO-0011-R4A-SM-2S1QL	Immune	0
GTEX-QVUS-0011-R4A-SM-3GAE7	Inhib	0.00333449956941638
GTEX-QVUS-0011-R4A-SM-3GAE7	Oligo	0.63276598244131
GTEX-QVUS-0011-R4A-SM-3GAE7	Astro	0.192686757289273
GTEX-QVUS-0011-R4A-SM-3GAE7	Excit	0.0474100619617259
GTEX-QVUS-0011-R4A-SM-3GAE7	Micro	0.0634727569689543
GTEX-QVUS-0011-R4A-SM-3GAE7	OPC	0.0333427306905146
GTEX-QVUS-0011-R4A-SM-3GAE7	Mural	0.0269872110788068
GTEX-QVUS-0011-R4A-SM-3GAE7	Immune	0
GTEX-RNOR-0011-R4A-SM-3GAD3	Inhib	0
GTEX-RNOR-0011-R4A-SM-3GAD3	Oligo	0.597825895321221
GTEX-RNOR-0011-R4A-SM-3GAD3	Astro	0.255202403286338
GTEX-RNOR-0011-R4A-SM-3GAD3	Excit	0.0376118650739827
GTEX-RNOR-0011-R4A-SM-3GAD3	Micro	0.0320471321110156
GTEX-RNOR-0011-R4A-SM-3GAD3	OPC	0.0328533266056972
GTEX-RNOR-0011-R4A-SM-3GAD3	Mural	0.044459377601745
GTEX-RNOR-0011-R4A-SM-3GAD3	Immune	0
GTEX-S7SE-0011-R4A-SM-2XCDB	Inhib	0
GTEX-S7SE-0011-R4A-SM-2XCDB	Oligo	0.474159426940805
GTEX-S7SE-0011-R4A-SM-2XCDB	Astro	0.172115931135174
GTEX-S7SE-0011-R4A-SM-2XCDB	Excit	0.171112881348502
GTEX-S7SE-0011-R4A-SM-2XCDB	Micro	0.00468228348805185
GTEX-S7SE-0011-R4A-SM-2XCDB	OPC	0.0835005543367626
GTEX-S7SE-0011-R4A-SM-2XCDB	Mural	0.0882370275431651
GTEX-S7SE-0011-R4A-SM-2XCDB	Immune	0.00619189520753889
GTEX-TSE9-0011-R4A-SM-3DB7H	Inhib	0.0287883712819289
GTEX-TSE9-0011-R4A-SM-3DB7H	Oligo	0.415798943575548
GTEX-TSE9-0011-R4A-SM-3DB7H	Astro	0.139200440114429
GTEX-TSE9-0011-R4A-SM-3DB7H	Excit	0.193514713528547
GTEX-TSE9-0011-R4A-SM-3DB7H	Micro	0.0492373095020593
GTEX-TSE9-0011-R4A-SM-3DB7H	OPC	0.108542329958924
GTEX-TSE9-0011-R4A-SM-3DB7H	Mural	0.0649178920385636
GTEX-TSE9-0011-R4A-SM-3DB7H	Immune	0
GTEX-WHSE-0011-R4A-SM-3P5ZN	Inhib	0.0207738165145159
GTEX-WHSE-0011-R4A-SM-3P5ZN	Oligo	0.654098667079385
GTEX-WHSE-0011-R4A-SM-3P5ZN	Astro	0.153077030420869
GTEX-WHSE-0011-R4A-SM-3P5ZN	Excit	0.0440580500689248
GTEX-WHSE-0011-R4A-SM-3P5ZN	Micro	0.0683319367320008
GTEX-WHSE-0011-R4A-SM-3P5ZN	OPC	0.044817219335644
GTEX-WHSE-0011-R4A-SM-3P5ZN	Mural	0.0148432798486607
GTEX-WHSE-0011-R4A-SM-3P5ZN	Immune	0
GTEX-WVLH-0011-R4A-SM-3MJFS	Inhib	0.00749537053434919
GTEX-WVLH-0011-R4A-SM-3MJFS	Oligo	0.438255934610219
GTEX-WVLH-0011-R4A-SM-3MJFS	Astro	0.195731829404147
GTEX-WVLH-0011-R4A-SM-3MJFS	Excit	0.124629027877751
GTEX-WVLH-0011-R4A-SM-3MJFS	Micro	0.0390998194025178
GTEX-WVLH-0011-R4A-SM-3MJFS	OPC	0.0997456921582755
GTEX-WVLH-0011-R4A-SM-3MJFS	Mural	0.0950423260127411
GTEX-WVLH-0011-R4A-SM-3MJFS	Immune	0
GTEX-WZTO-0011-R4A-SM-3NMC7	Inhib	0
GTEX-WZTO-0011-R4A-SM-3NMC7	Oligo	0.484920666272173
GTEX-WZTO-0011-R4A-SM-3NMC7	Astro	0.0923610065750394
GTEX-WZTO-0011-R4A-SM-3NMC7	Excit	0.272514756115547
GTEX-WZTO-0011-R4A-SM-3NMC7	Micro	0.00614589643516602
GTEX-WZTO-0011-R4A-SM-3NMC7	OPC	0.0326878156593078
GTEX-WZTO-0011-R4A-SM-3NMC7	Mural	0.111369858942767
GTEX-WZTO-0011-R4A-SM-3NMC7	Immune	0
GTEX-X4XX-0011-R4B-SM-46MWL	Inhib	0.00730971267694085
GTEX-X4XX-0011-R4B-SM-46MWL	Oligo	0.792675249319943
GTEX-X4XX-0011-R4B-SM-46MWL	Astro	0.0247543661825267
GTEX-X4XX-0011-R4B-SM-46MWL	Excit	0.0119137467860978
GTEX-X4XX-0011-R4B-SM-46MWL	Micro	0.0229952786936068
GTEX-X4XX-0011-R4B-SM-46MWL	OPC	0.0674460838255822
GTEX-X4XX-0011-R4B-SM-46MWL	Mural	0.071452348133707
GTEX-X4XX-0011-R4B-SM-46MWL	Immune	0.00145321438159546
GTEX-X585-0011-R4B-SM-46MVH	Inhib	0.0102980213407111
GTEX-X585-0011-R4B-SM-46MVH	Oligo	0.78940223297371
GTEX-X585-0011-R4B-SM-46MVH	Astro	0.0157150441292856
GTEX-X585-0011-R4B-SM-46MVH	Excit	0.0216492034570437
GTEX-X585-0011-R4B-SM-46MVH	Micro	0.102921360956377
GTEX-X585-0011-R4B-SM-46MVH	OPC	0.0173050481116381
GTEX-X585-0011-R4B-SM-46MVH	Mural	0.0427090890312346
GTEX-X585-0011-R4B-SM-46MVH	Immune	0
GTEX-XLM4-0011-R4B-SM-4AT5C	Inhib	0
GTEX-XLM4-0011-R4B-SM-4AT5C	Oligo	0.718487639821262
GTEX-XLM4-0011-R4B-SM-4AT5C	Astro	0.131347643409729
GTEX-XLM4-0011-R4B-SM-4AT5C	Excit	0.068885787651161
GTEX-XLM4-0011-R4B-SM-4AT5C	Micro	0.0143302499798054
GTEX-XLM4-0011-R4B-SM-4AT5C	OPC	0.0330913268177043
GTEX-XLM4-0011-R4B-SM-4AT5C	Mural	0.033857352320338
GTEX-XLM4-0011-R4B-SM-4AT5C	Immune	0
GTEX-YFC4-0011-R4a-SM-4RGLQ	Inhib	0.0140494805132728
GTEX-YFC4-0011-R4a-SM-4RGLQ	Oligo	0.477919468555365
GTEX-YFC4-0011-R4a-SM-4RGLQ	Astro	0.194119087545556
GTEX-YFC4-0011-R4a-SM-4RGLQ	Excit	0.142827484301963
GTEX-YFC4-0011-R4a-SM-4RGLQ	Micro	0.0184004225556446
GTEX-YFC4-0011-R4a-SM-4RGLQ	OPC	0.0671228524951827
GTEX-YFC4-0011-R4a-SM-4RGLQ	Mural	0.0785974632297445
GTEX-YFC4-0011-R4a-SM-4RGLQ	Immune	0.00696374080327208
GTEX-ZAB4-0011-R4a-SM-4SOKB	Inhib	0.0345493000571002
GTEX-ZAB4-0011-R4a-SM-4SOKB	Oligo	0.694002885286631
GTEX-ZAB4-0011-R4a-SM-4SOKB	Astro	0.0478292431985487
GTEX-ZAB4-0011-R4a-SM-4SOKB	Excit	0.0584389493593393
GTEX-ZAB4-0011-R4a-SM-4SOKB	Micro	0.018604046250185
GTEX-ZAB4-0011-R4a-SM-4SOKB	OPC	0.0421264555716296
GTEX-ZAB4-0011-R4a-SM-4SOKB	Mural	0.0976276457841009
GTEX-ZAB4-0011-R4a-SM-4SOKB	Immune	0.0068214744924648
GTEX-ZAK1-0011-R4a-SM-6AJBK	Inhib	0.00289773770054804
GTEX-ZAK1-0011-R4a-SM-6AJBK	Oligo	0.65631848058235
GTEX-ZAK1-0011-R4a-SM-6AJBK	Astro	0.218589395367386
GTEX-ZAK1-0011-R4a-SM-6AJBK	Excit	0.0205519276916694
GTEX-ZAK1-0011-R4a-SM-6AJBK	Micro	0.0143863836131212
GTEX-ZAK1-0011-R4a-SM-6AJBK	OPC	0.0623823804461494
GTEX-ZAK1-0011-R4a-SM-6AJBK	Mural	0.0229008913961051
GTEX-ZAK1-0011-R4a-SM-6AJBK	Immune	0.00197280320267078
GTEX-ZVZQ-0011-R4b-SM-57WCZ	Inhib	0.000311670035481462
GTEX-ZVZQ-0011-R4b-SM-57WCZ	Oligo	0.289345585994128
GTEX-ZVZQ-0011-R4b-SM-57WCZ	Astro	0.398443169235587
GTEX-ZVZQ-0011-R4b-SM-57WCZ	Excit	0.0928437794730866
GTEX-ZVZQ-0011-R4b-SM-57WCZ	Micro	0.0334042644124226
GTEX-ZVZQ-0011-R4b-SM-57WCZ	OPC	0.0867187764870489
GTEX-ZVZQ-0011-R4b-SM-57WCZ	Mural	0.09556016161796
GTEX-ZVZQ-0011-R4b-SM-57WCZ	Immune	0.00337259274428571
GTEX-ZYY3-0011-R4a-SM-GQ1CY	Inhib	0
GTEX-ZYY3-0011-R4a-SM-GQ1CY	Oligo	0.512135203664379
GTEX-ZYY3-0011-R4a-SM-GQ1CY	Astro	0.316270798446248
GTEX-ZYY3-0011-R4a-SM-GQ1CY	Excit	0.00107577861538995
GTEX-ZYY3-0011-R4a-SM-GQ1CY	Micro	0.00193925718167884
GTEX-ZYY3-0011-R4a-SM-GQ1CY	OPC	0.0636130462275169
GTEX-ZYY3-0011-R4a-SM-GQ1CY	Mural	0.104965915864787
GTEX-ZYY3-0011-R4a-SM-GQ1CY	Immune	0
GTEX-ZZPT-0011-R4a-SM-GPRX4	Inhib	0
GTEX-ZZPT-0011-R4a-SM-GPRX4	Oligo	0.513163450382421
GTEX-ZZPT-0011-R4a-SM-GPRX4	Astro	0.293340685248517
GTEX-ZZPT-0011-R4a-SM-GPRX4	Excit	0.0114300209775914
GTEX-ZZPT-0011-R4a-SM-GPRX4	Micro	0.0224588731644521
GTEX-ZZPT-0011-R4a-SM-GPRX4	OPC	0.0490230101600396
GTEX-ZZPT-0011-R4a-SM-GPRX4	Mural	0.110583960066979
GTEX-ZZPT-0011-R4a-SM-GPRX4	Immune	0
