dataset_id	accession	rbp	species	context	condition	assay	evidence_class	assembly	access	analysis_scope	source_page	context_id	format	record_type	url	local_path	role	expected_bytes	expected_sha256	extract	status	bytes	sha256	verified_at_utc	retrieved_at_utc	last_modified	retrieval_metadata_source	event_rows	unique_event_ids	coordinate_rows	coordinate_event_ids	sample_id	assay_role	biological_replicates_control	biological_replicates_knockout	source_archive	evidence_tier	extracted_files	extract_path	extraction_status	replicate	biological_replicates_pooled	replicate_resolution	strand	upstream_qc	peak_use	peak_qc_status	enriched_window_q_max	data_rows	significant_rows	study	dac	dac_contact	request_url	expected_samples	sample_manifest_status	source_archive_sha256
GSE103314_NOVA2_CKO	GSE103314	NOVA2	Mus musculus	Genetically defined cortical and cerebellar neuronal populations	Nova2 conditional knockout versus control	RNA-seq alternative-splicing perturbation	perturbation	mm10	public	orthogonal	https://www.ncbi.nlm.nih.gov/geo/query/acc.cgi?acc=GSE103314	nova2_emx1_cko	quantas_as_tsv_gz	dataset_file	https://ftp.ncbi.nlm.nih.gov/geo/series/GSE103nnn/GSE103314/suppl/GSE103314_mm10.AS.Quantas.FACS.RNAseq.e18.5.Emx1-Cre.Ctl_vs_Nova2cko.FDR005_dI01.txt.gz	/ocean/projects/bio260021p/kbenjamin/projects/isograph-brain-aging-benchmarking/inputs/raw/neuronal_clip/GSE103314/GSE103314_mm10.AS.Quantas.FACS.RNAseq.e18.5.Emx1-Cre.Ctl_vs_Nova2cko.FDR005_dI01.txt.gz	study-processed significant alternative-splicing statistics	163456	ef5936c968ef1be25ae1c342e471ea2fbe015ebee4d4f15c182d429cd313d187	False	member_verified	163456	ef5936c968ef1be25ae1c342e471ea2fbe015ebee4d4f15c182d429cd313d187	2026-08-26T18:59:33.619215+00:00	2026-08-01T16:10:08.281950+00:00	Wed, 30 Aug 2017 20:03:09 GMT	source_archive	2682.0	2677.0																												
GSE103314_NOVA2_CKO	GSE103314	NOVA2	Mus musculus	Genetically defined cortical and cerebellar neuronal populations	Nova2 conditional knockout versus control	RNA-seq alternative-splicing perturbation	perturbation	mm10	public	orthogonal	https://www.ncbi.nlm.nih.gov/geo/query/acc.cgi?acc=GSE103314	nova2_emx1_cko	quantas_bed12_gz	dataset_file	https://ftp.ncbi.nlm.nih.gov/geo/series/GSE103nnn/GSE103314/suppl/GSE103314_mm10.BED12.AS.Quantas.FACS.RNAseq.e18.5.Emx1-Cre.Ctl_vs_Nova2cko.FDR005_dI01.txt.gz	/ocean/projects/bio260021p/kbenjamin/projects/isograph-brain-aging-benchmarking/inputs/raw/neuronal_clip/GSE103314/GSE103314_mm10.BED12.AS.Quantas.FACS.RNAseq.e18.5.Emx1-Cre.Ctl_vs_Nova2cko.FDR005_dI01.txt.gz	study-processed significant alternative-splicing BED12 coordinates	94482	39f527fefd909d9583cc4250b9c4f5c191245049b07f26a3eb554a6b6e1533e4	False	member_verified	94482	39f527fefd909d9583cc4250b9c4f5c191245049b07f26a3eb554a6b6e1533e4	2026-08-26T18:59:33.619215+00:00	2026-08-01T16:10:08.396378+00:00	Wed, 30 Aug 2017 20:03:09 GMT	source_archive			2979.0	2677.0																										
GSE103314_NOVA2_CKO	GSE103314	NOVA2	Mus musculus	Genetically defined cortical and cerebellar neuronal populations	Nova2 conditional knockout versus control	RNA-seq alternative-splicing perturbation	perturbation	mm10	public	orthogonal	https://www.ncbi.nlm.nih.gov/geo/query/acc.cgi?acc=GSE103314	nova2_gad2_cko	quantas_as_tsv_gz	dataset_file	https://ftp.ncbi.nlm.nih.gov/geo/series/GSE103nnn/GSE103314/suppl/GSE103314_mm10.AS.Quantas.FACS.RNAseq.e18.5.Gad2-Cre.Ctl_vs_Nova2cko.FDR005_dI01.txt.gz	/ocean/projects/bio260021p/kbenjamin/projects/isograph-brain-aging-benchmarking/inputs/raw/neuronal_clip/GSE103314/GSE103314_mm10.AS.Quantas.FACS.RNAseq.e18.5.Gad2-Cre.Ctl_vs_Nova2cko.FDR005_dI01.txt.gz	study-processed significant alternative-splicing statistics	122034	4aab3a6fa38e43a07728d52fa51b67000a9d915d09598026dffae3392f1b50d6	False	member_verified	122034	4aab3a6fa38e43a07728d52fa51b67000a9d915d09598026dffae3392f1b50d6	2026-08-26T18:59:33.619215+00:00	2026-08-01T16:10:08.508154+00:00	Wed, 30 Aug 2017 20:03:09 GMT	source_archive	1970.0	1964.0																												
GSE103314_NOVA2_CKO	GSE103314	NOVA2	Mus musculus	Genetically defined cortical and cerebellar neuronal populations	Nova2 conditional knockout versus control	RNA-seq alternative-splicing perturbation	perturbation	mm10	public	orthogonal	https://www.ncbi.nlm.nih.gov/geo/query/acc.cgi?acc=GSE103314	nova2_gad2_cko	quantas_bed12_gz	dataset_file	https://ftp.ncbi.nlm.nih.gov/geo/series/GSE103nnn/GSE103314/suppl/GSE103314_mm10.BED12.AS.Quantas.FACS.RNAseq.e18.5.Gad2-Cre.Ctl_vs_Nova2cko.FDR005_dI01.txt.gz	/ocean/projects/bio260021p/kbenjamin/projects/isograph-brain-aging-benchmarking/inputs/raw/neuronal_clip/GSE103314/GSE103314_mm10.BED12.AS.Quantas.FACS.RNAseq.e18.5.Gad2-Cre.Ctl_vs_Nova2cko.FDR005_dI01.txt.gz	study-processed significant alternative-splicing BED12 coordinates	72651	02a17e737a2b9770ef39070ada315553e8307ead40308041d99f1eb3a5fcb06d	False	member_verified	72651	02a17e737a2b9770ef39070ada315553e8307ead40308041d99f1eb3a5fcb06d	2026-08-26T18:59:33.619215+00:00	2026-08-01T16:10:08.643422+00:00	Wed, 30 Aug 2017 20:03:09 GMT	source_archive			2212.0	1964.0																										
GSE103314_NOVA2_CKO	GSE103314	NOVA2	Mus musculus	Genetically defined cortical and cerebellar neuronal populations	Nova2 conditional knockout versus control	RNA-seq alternative-splicing perturbation	perturbation	mm10	public	orthogonal	https://www.ncbi.nlm.nih.gov/geo/query/acc.cgi?acc=GSE103314	nova2_pcp2_cko	quantas_as_tsv_gz	dataset_file	https://ftp.ncbi.nlm.nih.gov/geo/series/GSE103nnn/GSE103314/suppl/GSE103314_mm10.AS.Quantas.Dissection.RNAseq.P28.Purkinje.Nova2cKO.FDR005_dI01.txt.gz	/ocean/projects/bio260021p/kbenjamin/projects/isograph-brain-aging-benchmarking/inputs/raw/neuronal_clip/GSE103314/GSE103314_mm10.AS.Quantas.Dissection.RNAseq.P28.Purkinje.Nova2cKO.FDR005_dI01.txt.gz	study-processed significant alternative-splicing statistics	35328	0664498123f6ff7439b36bae6c804db4c9eca222fd6b6f2571710b54fe004c75	False	member_verified	35328	0664498123f6ff7439b36bae6c804db4c9eca222fd6b6f2571710b54fe004c75	2026-08-26T18:59:33.619215+00:00	2026-08-01T16:10:08.752699+00:00	Wed, 30 Aug 2017 20:03:08 GMT	source_archive	603.0	603.0																												
GSE103314_NOVA2_CKO	GSE103314	NOVA2	Mus musculus	Genetically defined cortical and cerebellar neuronal populations	Nova2 conditional knockout versus control	RNA-seq alternative-splicing perturbation	perturbation	mm10	public	orthogonal	https://www.ncbi.nlm.nih.gov/geo/query/acc.cgi?acc=GSE103314	nova2_pcp2_cko	quantas_bed12_gz	dataset_file	https://ftp.ncbi.nlm.nih.gov/geo/series/GSE103nnn/GSE103314/suppl/GSE103314_mm10.BED12.AS.Quantas.Dissection.RNAseq.P28.Purkinje.Nova2cKO.FDR005_dI01.txt.gz	/ocean/projects/bio260021p/kbenjamin/projects/isograph-brain-aging-benchmarking/inputs/raw/neuronal_clip/GSE103314/GSE103314_mm10.BED12.AS.Quantas.Dissection.RNAseq.P28.Purkinje.Nova2cKO.FDR005_dI01.txt.gz	study-processed significant alternative-splicing BED12 coordinates	21194	3272b13018005b51b796643485360cb0fb5da4fb5af98634ec1816192c6e8a62	False	member_verified	21194	3272b13018005b51b796643485360cb0fb5da4fb5af98634ec1816192c6e8a62	2026-08-26T18:59:33.619215+00:00	2026-08-01T16:10:08.898809+00:00	Wed, 30 Aug 2017 20:03:09 GMT	source_archive			685.0	603.0																										
GSE103314_NOVA2_CKO	GSE103314	NOVA2	Mus musculus	Emx1-positive cortical excitatory neurons	Nova2 conditional knockout versus control	RNA-seq alternative-splicing perturbation	perturbation	mm10	public	orthogonal_primary	https://www.ncbi.nlm.nih.gov/geo/query/acc.cgi?acc=GSE103314	nova2_emx1_cko	quantas_as_tsv_gz	sample_file		/ocean/projects/bio260021p/kbenjamin/projects/isograph-brain-aging-benchmarking/inputs/raw/neuronal_clip/GSE103314/GSE103314_mm10.AS.Quantas.FACS.RNAseq.e18.5.Emx1-Cre.Ctl_vs_Nova2cko.FDR005_dI01.txt.gz	significant_event_statistics			False	member_verified	163456	ef5936c968ef1be25ae1c342e471ea2fbe015ebee4d4f15c182d429cd313d187	2026-08-26T18:59:33.619215+00:00	2026-08-01T16:10:08.281950+00:00	Wed, 30 Aug 2017 20:03:09 GMT	source_archive	2682.0	2677.0			GSE103314_Emx1_significant_events	processed_contrast	3.0	3.0																						
GSE103314_NOVA2_CKO	GSE103314	NOVA2	Mus musculus	Emx1-positive cortical excitatory neurons	Nova2 conditional knockout versus control	RNA-seq alternative-splicing perturbation	perturbation	mm10	public	orthogonal_primary	https://www.ncbi.nlm.nih.gov/geo/query/acc.cgi?acc=GSE103314	nova2_emx1_cko	quantas_bed12_gz	sample_file		/ocean/projects/bio260021p/kbenjamin/projects/isograph-brain-aging-benchmarking/inputs/raw/neuronal_clip/GSE103314/GSE103314_mm10.BED12.AS.Quantas.FACS.RNAseq.e18.5.Emx1-Cre.Ctl_vs_Nova2cko.FDR005_dI01.txt.gz	significant_event_coordinates			False	member_verified	94482	39f527fefd909d9583cc4250b9c4f5c191245049b07f26a3eb554a6b6e1533e4	2026-08-26T18:59:33.619215+00:00	2026-08-01T16:10:08.396378+00:00	Wed, 30 Aug 2017 20:03:09 GMT	source_archive			2979.0	2677.0	GSE103314_Emx1_significant_events	processed_contrast	3.0	3.0																						
GSE103314_NOVA2_CKO	GSE103314	NOVA2	Mus musculus	Gad2-positive cortical inhibitory neurons	Nova2 conditional knockout versus control	RNA-seq alternative-splicing perturbation	perturbation	mm10	public	orthogonal_primary	https://www.ncbi.nlm.nih.gov/geo/query/acc.cgi?acc=GSE103314	nova2_gad2_cko	quantas_as_tsv_gz	sample_file		/ocean/projects/bio260021p/kbenjamin/projects/isograph-brain-aging-benchmarking/inputs/raw/neuronal_clip/GSE103314/GSE103314_mm10.AS.Quantas.FACS.RNAseq.e18.5.Gad2-Cre.Ctl_vs_Nova2cko.FDR005_dI01.txt.gz	significant_event_statistics			False	member_verified	122034	4aab3a6fa38e43a07728d52fa51b67000a9d915d09598026dffae3392f1b50d6	2026-08-26T18:59:33.619215+00:00	2026-08-01T16:10:08.508154+00:00	Wed, 30 Aug 2017 20:03:09 GMT	source_archive	1970.0	1964.0			GSE103314_Gad2_significant_events	processed_contrast	3.0	3.0																						
GSE103314_NOVA2_CKO	GSE103314	NOVA2	Mus musculus	Gad2-positive cortical inhibitory neurons	Nova2 conditional knockout versus control	RNA-seq alternative-splicing perturbation	perturbation	mm10	public	orthogonal_primary	https://www.ncbi.nlm.nih.gov/geo/query/acc.cgi?acc=GSE103314	nova2_gad2_cko	quantas_bed12_gz	sample_file		/ocean/projects/bio260021p/kbenjamin/projects/isograph-brain-aging-benchmarking/inputs/raw/neuronal_clip/GSE103314/GSE103314_mm10.BED12.AS.Quantas.FACS.RNAseq.e18.5.Gad2-Cre.Ctl_vs_Nova2cko.FDR005_dI01.txt.gz	significant_event_coordinates			False	member_verified	72651	02a17e737a2b9770ef39070ada315553e8307ead40308041d99f1eb3a5fcb06d	2026-08-26T18:59:33.619215+00:00	2026-08-01T16:10:08.643422+00:00	Wed, 30 Aug 2017 20:03:09 GMT	source_archive			2212.0	1964.0	GSE103314_Gad2_significant_events	processed_contrast	3.0	3.0																						
GSE103314_NOVA2_CKO	GSE103314	NOVA2	Mus musculus	Pcp2-positive cerebellar Purkinje cells	Nova2 conditional knockout versus control	RNA-seq alternative-splicing perturbation	perturbation	mm10	public	orthogonal_secondary	https://www.ncbi.nlm.nih.gov/geo/query/acc.cgi?acc=GSE103314	nova2_pcp2_cko	quantas_as_tsv_gz	sample_file		/ocean/projects/bio260021p/kbenjamin/projects/isograph-brain-aging-benchmarking/inputs/raw/neuronal_clip/GSE103314/GSE103314_mm10.AS.Quantas.Dissection.RNAseq.P28.Purkinje.Nova2cKO.FDR005_dI01.txt.gz	significant_event_statistics			False	member_verified	35328	0664498123f6ff7439b36bae6c804db4c9eca222fd6b6f2571710b54fe004c75	2026-08-26T18:59:33.619215+00:00	2026-08-01T16:10:08.752699+00:00	Wed, 30 Aug 2017 20:03:08 GMT	source_archive	603.0	603.0			GSE103314_Pcp2_significant_events	processed_contrast	3.0	3.0																						
GSE103314_NOVA2_CKO	GSE103314	NOVA2	Mus musculus	Pcp2-positive cerebellar Purkinje cells	Nova2 conditional knockout versus control	RNA-seq alternative-splicing perturbation	perturbation	mm10	public	orthogonal_secondary	https://www.ncbi.nlm.nih.gov/geo/query/acc.cgi?acc=GSE103314	nova2_pcp2_cko	quantas_bed12_gz	sample_file		/ocean/projects/bio260021p/kbenjamin/projects/isograph-brain-aging-benchmarking/inputs/raw/neuronal_clip/GSE103314/GSE103314_mm10.BED12.AS.Quantas.Dissection.RNAseq.P28.Purkinje.Nova2cKO.FDR005_dI01.txt.gz	significant_event_coordinates			False	member_verified	21194	3272b13018005b51b796643485360cb0fb5da4fb5af98634ec1816192c6e8a62	2026-08-26T18:59:33.619215+00:00	2026-08-01T16:10:08.898809+00:00	Wed, 30 Aug 2017 20:03:09 GMT	source_archive			685.0	603.0	GSE103314_Pcp2_significant_events	processed_contrast	3.0	3.0																						
GSE103315_NOVA2_CTAG	GSE103315	NOVA2	Mus musculus	Genetically defined cortical and cerebellar neuronal populations	baseline	cTag-CLIP		mm10	public	orthogonal	https://www.ncbi.nlm.nih.gov/geo/query/acc.cgi?acc=GSE103315			dataset_file	https://ftp.ncbi.nlm.nih.gov/geo/series/GSE103nnn/GSE103315/suppl/GSE103315_CLIP_processed_data_bedgraph_files.tar.gz	/ocean/projects/bio260021p/kbenjamin/projects/isograph-brain-aging-benchmarking/inputs/raw/neuronal_clip/GSE103315/GSE103315_CLIP_processed_data_bedgraph_files.tar.gz	study-processed replicate and pooled unique-tag bedGraph archive	145349980	2ef4f2f2b040a5e15667517163edc37003e5bee902dec8e7dd8e856de739e722	True	existing_verified	145349980	2ef4f2f2b040a5e15667517163edc37003e5bee902dec8e7dd8e856de739e722	2026-08-26T18:59:30.435989+00:00	2026-08-01T14:00:43.106345+00:00	Wed, 30 Aug 2017 19:54:47 GMT	http_response										2	10.0	/ocean/projects/bio260021p/kbenjamin/projects/isograph-brain-aging-benchmarking/inputs/raw/neuronal_clip/GSE103315/GSE103315_CLIP_processed_data_bedgraph_files.tar_files	existing_verified																	
GSE103315_NOVA2_CTAG	GSE103315	NOVA2	Mus musculus	Emx1-positive cortical excitatory neurons	baseline	cTag-CLIP		mm10	public	orthogonal_primary	https://www.ncbi.nlm.nih.gov/geo/query/acc.cgi?acc=GSE103315	nova2_emx1_cortex	bedgraph_gz	sample_file		/ocean/projects/bio260021p/kbenjamin/projects/isograph-brain-aging-benchmarking/inputs/raw/neuronal_clip/GSE103315/GSE103315_CLIP_processed_data_bedgraph_files.tar_files/mm10.e18.5.Cortex.NOVA2-cTagCLIP.Emx1-Cre.bedgraph.gz	pooled_unique_tag_coverage			False	member_verified	10879642	88715a348a6fb3d0082f929a252ef2f9841fa60c040c8a229e294a797c29ef39	2026-08-26T18:59:33.619215+00:00	2026-08-01T14:00:43.106345+00:00	Wed, 30 Aug 2017 19:54:47 GMT	source_archive					GSE103315_Emx1_pooled	pooled_IP			/ocean/projects/bio260021p/kbenjamin/projects/isograph-brain-aging-benchmarking/inputs/raw/neuronal_clip/GSE103315/GSE103315_CLIP_processed_data_bedgraph_files.tar.gz	2				0.0	3.0	pooled_only	unstranded													2ef4f2f2b040a5e15667517163edc37003e5bee902dec8e7dd8e856de739e722
GSE103315_NOVA2_CTAG	GSE103315	NOVA2	Mus musculus	Gad2-positive cortical inhibitory neurons	baseline	cTag-CLIP		mm10	public	orthogonal_primary	https://www.ncbi.nlm.nih.gov/geo/query/acc.cgi?acc=GSE103315	nova2_gad2_cortex	bedgraph_gz	sample_file		/ocean/projects/bio260021p/kbenjamin/projects/isograph-brain-aging-benchmarking/inputs/raw/neuronal_clip/GSE103315/GSE103315_CLIP_processed_data_bedgraph_files.tar_files/mm10.e18.5.Cortex.NOVA2-cTagCLIP.Gad2-Cre.bedgraph.gz	pooled_unique_tag_coverage			False	member_verified	11522842	da2c7d14cd91aa015505b13474faa291b1d33f55568ddf1ec1aa83d723244f2c	2026-08-26T18:59:33.619215+00:00	2026-08-01T14:00:43.106345+00:00	Wed, 30 Aug 2017 19:54:47 GMT	source_archive					GSE103315_Gad2_pooled	pooled_IP			/ocean/projects/bio260021p/kbenjamin/projects/isograph-brain-aging-benchmarking/inputs/raw/neuronal_clip/GSE103315/GSE103315_CLIP_processed_data_bedgraph_files.tar.gz	2				0.0	3.0	pooled_only	unstranded													2ef4f2f2b040a5e15667517163edc37003e5bee902dec8e7dd8e856de739e722
GSE103315_NOVA2_CTAG	GSE103315	NOVA2	Mus musculus	Pcp2-positive cerebellar Purkinje cells	baseline	cTag-CLIP		mm10	public	orthogonal_secondary	https://www.ncbi.nlm.nih.gov/geo/query/acc.cgi?acc=GSE103315	nova2_pcp2_purkinje	bedgraph_gz	sample_file		/ocean/projects/bio260021p/kbenjamin/projects/isograph-brain-aging-benchmarking/inputs/raw/neuronal_clip/GSE103315/GSE103315_CLIP_processed_data_bedgraph_files.tar_files/mm10.P28.Cerebellum.NOVA2-cTagCLIP.Pcp2-Cre.bedgraph.gz	pooled_unique_tag_coverage			False	member_verified	8127353	9e280f49ef216fd19175da71c36d559ccab52232110fb1322486c15781878abb	2026-08-26T18:59:33.619215+00:00	2026-08-01T14:00:43.106345+00:00	Wed, 30 Aug 2017 19:54:47 GMT	source_archive					GSE103315_Pcp2_pooled	pooled_IP			/ocean/projects/bio260021p/kbenjamin/projects/isograph-brain-aging-benchmarking/inputs/raw/neuronal_clip/GSE103315/GSE103315_CLIP_processed_data_bedgraph_files.tar.gz	2				0.0	3.0	pooled_only	unstranded													2ef4f2f2b040a5e15667517163edc37003e5bee902dec8e7dd8e856de739e722
UCSC_HG38_MM10_CHAINS	UCSC_hg38_mm10_liftOver	not_applicable	Homo sapiens; Mus musculus	Reciprocal cross-species coordinate mapping resource	not_applicable	coordinate_mapping_resource		hg38; mm10	public	orthology_resource	https://hgdownload.soe.ucsc.edu/downloads.html			dataset_file	https://hgdownload.soe.ucsc.edu/goldenPath/hg38/liftOver/hg38ToMm10.over.chain.gz	/ocean/projects/bio260021p/kbenjamin/projects/isograph-brain-aging-benchmarking/inputs/raw/neuronal_clip/UCSC/hg38ToMm10.over.chain.gz	forward reciprocal-liftOver chain	72877108	5493fa0c90d5bf56ea64a2787ebafbc49f7fc33b682b6db17b6d3a4bcb939339	False	existing_verified	72877108	5493fa0c90d5bf56ea64a2787ebafbc49f7fc33b682b6db17b6d3a4bcb939339	2026-08-26T18:59:31.767737+00:00	2026-08-01T14:00:49.348743+00:00	Fri, 10 Apr 2015 00:32:12 GMT	http_response										not_applicable																				
UCSC_HG38_MM10_CHAINS	UCSC_hg38_mm10_liftOver	not_applicable	Homo sapiens; Mus musculus	Reciprocal cross-species coordinate mapping resource	not_applicable	coordinate_mapping_resource		hg38; mm10	public	orthology_resource	https://hgdownload.soe.ucsc.edu/downloads.html			dataset_file	https://hgdownload.soe.ucsc.edu/goldenPath/mm10/liftOver/mm10ToHg38.over.chain.gz	/ocean/projects/bio260021p/kbenjamin/projects/isograph-brain-aging-benchmarking/inputs/raw/neuronal_clip/UCSC/mm10ToHg38.over.chain.gz	reverse reciprocal-liftOver chain	70749762	78368ce28c5ccb0006b34889d652f4148b3900ac6805cd515d23b00c9773940e	False	existing_verified	70749762	78368ce28c5ccb0006b34889d652f4148b3900ac6805cd515d23b00c9773940e	2026-08-26T18:59:32.110983+00:00	2026-08-01T14:00:51.646584+00:00	Fri, 10 Apr 2015 19:46:24 GMT	http_response										not_applicable																				
GSE206650_BA4_PTBP2	GSE206650	PTBP2	Homo sapiens	Postmortem human motor cortex, Brodmann area 4	baseline	eCLIP		hg38	public		https://www.ncbi.nlm.nih.gov/geo/query/acc.cgi?acc=GSE206650	ptbp2_ba4		dataset_file	https://ftp.ncbi.nlm.nih.gov/geo/series/GSE206nnn/GSE206650/suppl/GSE206650_GRChg38.BA4_realigned_10.narrow_peak.combined.bb	/ocean/projects/bio260021p/kbenjamin/projects/isograph-brain-aging-benchmarking/inputs/raw/neuronal_clip/GSE206650/GSE206650_GRChg38.BA4_realigned_10.narrow_peak.combined.bb	study-provided CLAM multi-replicate consensus peaks	722285	3cb99b962d10872bfb38eed7547fbc01597201faf0df5e494c1ef24cb6fe015a	False	existing_verified	722285	3cb99b962d10872bfb38eed7547fbc01597201faf0df5e494c1ef24cb6fe015a	2026-08-26T18:59:32.198466+00:00	2026-07-30T13:20:17+00:00		file_mtime_recovered										1								The BA4 and iPSC-neuron GEO consensus bigBed supplements are byte-identical; do not treat them as independent contexts without replicate-level confirmation.	shared_sensitivity_only	byte_identical_across_context_labels										
GSE206650_iPSCN_PTBP2	GSE206650	PTBP2	Homo sapiens	Mature human iPSC-derived neurons	baseline	eCLIP		hg38	public		https://www.ncbi.nlm.nih.gov/geo/query/acc.cgi?acc=GSE206650	ptbp2_ipscn		dataset_file	https://ftp.ncbi.nlm.nih.gov/geo/series/GSE206nnn/GSE206650/suppl/GSE206650_GRChg38.IPS_realigned_10.narrow_peak.combined.bb	/ocean/projects/bio260021p/kbenjamin/projects/isograph-brain-aging-benchmarking/inputs/raw/neuronal_clip/GSE206650/GSE206650_GRChg38.IPS_realigned_10.narrow_peak.combined.bb	study-provided CLAM multi-replicate consensus peaks	722285	3cb99b962d10872bfb38eed7547fbc01597201faf0df5e494c1ef24cb6fe015a	False	existing_verified	722285	3cb99b962d10872bfb38eed7547fbc01597201faf0df5e494c1ef24cb6fe015a	2026-08-26T18:59:32.238251+00:00	2026-07-30T13:20:18+00:00		file_mtime_recovered										1								The BA4 and iPSC-neuron GEO consensus bigBed supplements are byte-identical; do not treat them as independent contexts without replicate-level confirmation.	shared_sensitivity_only	byte_identical_across_context_labels										
GSE206650_replicate_signal	GSE206650	PTBP2	Homo sapiens	Postmortem human BA4 cortex and mature iPSC-derived neurons	baseline	eCLIP		hg38	public		https://www.ncbi.nlm.nih.gov/geo/query/acc.cgi?acc=GSE206650			dataset_file	https://ftp.ncbi.nlm.nih.gov/geo/series/GSE206nnn/GSE206650/suppl/GSE206650_RAW.tar	/ocean/projects/bio260021p/kbenjamin/projects/isograph-brain-aging-benchmarking/inputs/raw/neuronal_clip/GSE206650/GSE206650_RAW.tar	replicate-level strand-specific IP and size-matched-input bigWig archive	513955840	d5f8efcf4b3cebc2ff1b640a14a70bae5503467a2e1781c9bbdb11239a67f1bc	True	existing_verified	513955840	d5f8efcf4b3cebc2ff1b640a14a70bae5503467a2e1781c9bbdb11239a67f1bc	2026-08-26T18:59:33.194529+00:00	2026-07-30T13:42:10+00:00		file_mtime_recovered										1	24.0	/ocean/projects/bio260021p/kbenjamin/projects/isograph-brain-aging-benchmarking/inputs/raw/neuronal_clip/GSE206650/GSE206650_RAW_files	existing_verified						context_specific_reconstruction_source											
GSE206650_replicate_signal	GSE206650	PTBP2	Homo sapiens	Postmortem human motor cortex, Brodmann area 4	baseline	eCLIP		hg38	public		https://www.ncbi.nlm.nih.gov/geo/query/acc.cgi?acc=GSE206650	ptbp2_ba4	bigwig	sample_file		/ocean/projects/bio260021p/kbenjamin/projects/isograph-brain-aging-benchmarking/inputs/raw/neuronal_clip/GSE206650/GSE206650_RAW_files/GSM6260040_BA4_Input_1_unique.sorted.pos.bw	strand_signal			False	member_verified	16068813	e3c8aee3a550657147b4c92f3e6a406a8e32c89d55a897e5e48fd2ebfdac5fff	2026-08-26T18:59:33.619215+00:00	2026-07-30T13:42:10+00:00		source_archive					GSM6260040	input			/ocean/projects/bio260021p/kbenjamin/projects/isograph-brain-aging-benchmarking/inputs/raw/neuronal_clip/GSE206650/GSE206650_RAW.tar	1				1.0			pos													d5f8efcf4b3cebc2ff1b640a14a70bae5503467a2e1781c9bbdb11239a67f1bc
GSE206650_replicate_signal	GSE206650	PTBP2	Homo sapiens	Postmortem human motor cortex, Brodmann area 4	baseline	eCLIP		hg38	public		https://www.ncbi.nlm.nih.gov/geo/query/acc.cgi?acc=GSE206650	ptbp2_ba4	bigwig	sample_file		/ocean/projects/bio260021p/kbenjamin/projects/isograph-brain-aging-benchmarking/inputs/raw/neuronal_clip/GSE206650/GSE206650_RAW_files/GSM6260040_BA4_Input_1_unique.sorted.neg.bw	strand_signal			False	member_verified	15549935	23e2fa38a064f0fbb5ecb6a11197699ee1cd60d99eb57460652ffacedd63fbae	2026-08-26T18:59:33.619215+00:00	2026-07-30T13:42:10+00:00		source_archive					GSM6260040	input			/ocean/projects/bio260021p/kbenjamin/projects/isograph-brain-aging-benchmarking/inputs/raw/neuronal_clip/GSE206650/GSE206650_RAW.tar	1				1.0			neg													d5f8efcf4b3cebc2ff1b640a14a70bae5503467a2e1781c9bbdb11239a67f1bc
GSE206650_replicate_signal	GSE206650	PTBP2	Homo sapiens	Postmortem human motor cortex, Brodmann area 4	baseline	eCLIP		hg38	public		https://www.ncbi.nlm.nih.gov/geo/query/acc.cgi?acc=GSE206650	ptbp2_ba4	bigwig	sample_file		/ocean/projects/bio260021p/kbenjamin/projects/isograph-brain-aging-benchmarking/inputs/raw/neuronal_clip/GSE206650/GSE206650_RAW_files/GSM6260041_BA4_Input_2_unique.sorted.pos.bw	strand_signal			False	member_verified	13711707	3fd5e088b0dedc55e36296a54a5767893be7c63f12849e26295968aae678d0ad	2026-08-26T18:59:33.619215+00:00	2026-07-30T13:42:10+00:00		source_archive					GSM6260041	input			/ocean/projects/bio260021p/kbenjamin/projects/isograph-brain-aging-benchmarking/inputs/raw/neuronal_clip/GSE206650/GSE206650_RAW.tar	1				2.0			pos													d5f8efcf4b3cebc2ff1b640a14a70bae5503467a2e1781c9bbdb11239a67f1bc
GSE206650_replicate_signal	GSE206650	PTBP2	Homo sapiens	Postmortem human motor cortex, Brodmann area 4	baseline	eCLIP		hg38	public		https://www.ncbi.nlm.nih.gov/geo/query/acc.cgi?acc=GSE206650	ptbp2_ba4	bigwig	sample_file		/ocean/projects/bio260021p/kbenjamin/projects/isograph-brain-aging-benchmarking/inputs/raw/neuronal_clip/GSE206650/GSE206650_RAW_files/GSM6260041_BA4_Input_2_unique.sorted.neg.bw	strand_signal			False	member_verified	13289807	9d637122b1882de08c334ff5d59d12f6f2be9ae84e1421be00d8e852a16d18fa	2026-08-26T18:59:33.619215+00:00	2026-07-30T13:42:10+00:00		source_archive					GSM6260041	input			/ocean/projects/bio260021p/kbenjamin/projects/isograph-brain-aging-benchmarking/inputs/raw/neuronal_clip/GSE206650/GSE206650_RAW.tar	1				2.0			neg													d5f8efcf4b3cebc2ff1b640a14a70bae5503467a2e1781c9bbdb11239a67f1bc
GSE206650_replicate_signal	GSE206650	PTBP2	Homo sapiens	Postmortem human motor cortex, Brodmann area 4	baseline	eCLIP		hg38	public		https://www.ncbi.nlm.nih.gov/geo/query/acc.cgi?acc=GSE206650	ptbp2_ba4	bigwig	sample_file		/ocean/projects/bio260021p/kbenjamin/projects/isograph-brain-aging-benchmarking/inputs/raw/neuronal_clip/GSE206650/GSE206650_RAW_files/GSM6260042_BA4_Input_3_unique.sorted.pos.bw	strand_signal			False	member_verified	8167418	e4d7b3d1ad34f3c454e851d2040f36c532cedd8afe67ab8766a9fea965565a24	2026-08-26T18:59:33.619215+00:00	2026-07-30T13:42:10+00:00		source_archive					GSM6260042	input			/ocean/projects/bio260021p/kbenjamin/projects/isograph-brain-aging-benchmarking/inputs/raw/neuronal_clip/GSE206650/GSE206650_RAW.tar	1				3.0			pos													d5f8efcf4b3cebc2ff1b640a14a70bae5503467a2e1781c9bbdb11239a67f1bc
GSE206650_replicate_signal	GSE206650	PTBP2	Homo sapiens	Postmortem human motor cortex, Brodmann area 4	baseline	eCLIP		hg38	public		https://www.ncbi.nlm.nih.gov/geo/query/acc.cgi?acc=GSE206650	ptbp2_ba4	bigwig	sample_file		/ocean/projects/bio260021p/kbenjamin/projects/isograph-brain-aging-benchmarking/inputs/raw/neuronal_clip/GSE206650/GSE206650_RAW_files/GSM6260042_BA4_Input_3_unique.sorted.neg.bw	strand_signal			False	member_verified	7942780	3d0941e7e80bb41d22d00ae7f31f5b09625a84dbbb5a7fb527c5682b549f8d82	2026-08-26T18:59:33.619215+00:00	2026-07-30T13:42:10+00:00		source_archive					GSM6260042	input			/ocean/projects/bio260021p/kbenjamin/projects/isograph-brain-aging-benchmarking/inputs/raw/neuronal_clip/GSE206650/GSE206650_RAW.tar	1				3.0			neg													d5f8efcf4b3cebc2ff1b640a14a70bae5503467a2e1781c9bbdb11239a67f1bc
GSE206650_replicate_signal	GSE206650	PTBP2	Homo sapiens	Postmortem human motor cortex, Brodmann area 4	baseline	eCLIP		hg38	public		https://www.ncbi.nlm.nih.gov/geo/query/acc.cgi?acc=GSE206650	ptbp2_ba4	bigwig	sample_file		/ocean/projects/bio260021p/kbenjamin/projects/isograph-brain-aging-benchmarking/inputs/raw/neuronal_clip/GSE206650/GSE206650_RAW_files/GSM6260043_BA4_PTBP2_1_unique.sorted.pos.bw	strand_signal			False	member_verified	18228981	10b3e9ef41fc19fbd723d0fe31c76cd12b815903439dc2f38391df8ba79fbee6	2026-08-26T18:59:33.619215+00:00	2026-07-30T13:42:10+00:00		source_archive					GSM6260043	IP			/ocean/projects/bio260021p/kbenjamin/projects/isograph-brain-aging-benchmarking/inputs/raw/neuronal_clip/GSE206650/GSE206650_RAW.tar	1				1.0			pos													d5f8efcf4b3cebc2ff1b640a14a70bae5503467a2e1781c9bbdb11239a67f1bc
GSE206650_replicate_signal	GSE206650	PTBP2	Homo sapiens	Postmortem human motor cortex, Brodmann area 4	baseline	eCLIP		hg38	public		https://www.ncbi.nlm.nih.gov/geo/query/acc.cgi?acc=GSE206650	ptbp2_ba4	bigwig	sample_file		/ocean/projects/bio260021p/kbenjamin/projects/isograph-brain-aging-benchmarking/inputs/raw/neuronal_clip/GSE206650/GSE206650_RAW_files/GSM6260043_BA4_PTBP2_1_unique.sorted.neg.bw	strand_signal			False	member_verified	17814776	5b35e6c6ad6523ba75a4eda570b70f7b2bb418ff8a0809ef5ec4ea1925288e7f	2026-08-26T18:59:33.619215+00:00	2026-07-30T13:42:10+00:00		source_archive					GSM6260043	IP			/ocean/projects/bio260021p/kbenjamin/projects/isograph-brain-aging-benchmarking/inputs/raw/neuronal_clip/GSE206650/GSE206650_RAW.tar	1				1.0			neg													d5f8efcf4b3cebc2ff1b640a14a70bae5503467a2e1781c9bbdb11239a67f1bc
GSE206650_replicate_signal	GSE206650	PTBP2	Homo sapiens	Postmortem human motor cortex, Brodmann area 4	baseline	eCLIP		hg38	public		https://www.ncbi.nlm.nih.gov/geo/query/acc.cgi?acc=GSE206650	ptbp2_ba4	bigwig	sample_file		/ocean/projects/bio260021p/kbenjamin/projects/isograph-brain-aging-benchmarking/inputs/raw/neuronal_clip/GSE206650/GSE206650_RAW_files/GSM6260044_BA4_PTBP2_2_unique.sorted.pos.bw	strand_signal			False	member_verified	11940226	bc0d5ecd8773aa1f3eb16b4c14569b3377270bbfaf4f3733296176ad76b8e42c	2026-08-26T18:59:33.619215+00:00	2026-07-30T13:42:10+00:00		source_archive					GSM6260044	IP			/ocean/projects/bio260021p/kbenjamin/projects/isograph-brain-aging-benchmarking/inputs/raw/neuronal_clip/GSE206650/GSE206650_RAW.tar	1				2.0			pos													d5f8efcf4b3cebc2ff1b640a14a70bae5503467a2e1781c9bbdb11239a67f1bc
GSE206650_replicate_signal	GSE206650	PTBP2	Homo sapiens	Postmortem human motor cortex, Brodmann area 4	baseline	eCLIP		hg38	public		https://www.ncbi.nlm.nih.gov/geo/query/acc.cgi?acc=GSE206650	ptbp2_ba4	bigwig	sample_file		/ocean/projects/bio260021p/kbenjamin/projects/isograph-brain-aging-benchmarking/inputs/raw/neuronal_clip/GSE206650/GSE206650_RAW_files/GSM6260044_BA4_PTBP2_2_unique.sorted.neg.bw	strand_signal			False	member_verified	11682111	73ea6a09202a4b5cba903f6e3753f83fa2fa823e7f48dfd8f562d3a131472555	2026-08-26T18:59:33.619215+00:00	2026-07-30T13:42:10+00:00		source_archive					GSM6260044	IP			/ocean/projects/bio260021p/kbenjamin/projects/isograph-brain-aging-benchmarking/inputs/raw/neuronal_clip/GSE206650/GSE206650_RAW.tar	1				2.0			neg													d5f8efcf4b3cebc2ff1b640a14a70bae5503467a2e1781c9bbdb11239a67f1bc
GSE206650_replicate_signal	GSE206650	PTBP2	Homo sapiens	Postmortem human motor cortex, Brodmann area 4	baseline	eCLIP		hg38	public		https://www.ncbi.nlm.nih.gov/geo/query/acc.cgi?acc=GSE206650	ptbp2_ba4	bigwig	sample_file		/ocean/projects/bio260021p/kbenjamin/projects/isograph-brain-aging-benchmarking/inputs/raw/neuronal_clip/GSE206650/GSE206650_RAW_files/GSM6260045_BA4_PTBP2_3_unique.sorted.pos.bw	strand_signal			False	member_verified	17823275	77b68dae0df382f770c310a0047dbb79744939da1daf13d5d27c2ffcc08192ac	2026-08-26T18:59:33.619215+00:00	2026-07-30T13:42:10+00:00		source_archive					GSM6260045	IP			/ocean/projects/bio260021p/kbenjamin/projects/isograph-brain-aging-benchmarking/inputs/raw/neuronal_clip/GSE206650/GSE206650_RAW.tar	1				3.0			pos													d5f8efcf4b3cebc2ff1b640a14a70bae5503467a2e1781c9bbdb11239a67f1bc
GSE206650_replicate_signal	GSE206650	PTBP2	Homo sapiens	Postmortem human motor cortex, Brodmann area 4	baseline	eCLIP		hg38	public		https://www.ncbi.nlm.nih.gov/geo/query/acc.cgi?acc=GSE206650	ptbp2_ba4	bigwig	sample_file		/ocean/projects/bio260021p/kbenjamin/projects/isograph-brain-aging-benchmarking/inputs/raw/neuronal_clip/GSE206650/GSE206650_RAW_files/GSM6260045_BA4_PTBP2_3_unique.sorted.neg.bw	strand_signal			False	member_verified	17373567	dc090697ebc13602c7bca2d3451857ce5b3b7d8a5c58ca4e4b30ca593177ff41	2026-08-26T18:59:33.619215+00:00	2026-07-30T13:42:10+00:00		source_archive					GSM6260045	IP			/ocean/projects/bio260021p/kbenjamin/projects/isograph-brain-aging-benchmarking/inputs/raw/neuronal_clip/GSE206650/GSE206650_RAW.tar	1				3.0			neg													d5f8efcf4b3cebc2ff1b640a14a70bae5503467a2e1781c9bbdb11239a67f1bc
GSE206650_replicate_signal	GSE206650	PTBP2	Homo sapiens	Mature human iPSC-derived neurons	baseline	eCLIP		hg38	public		https://www.ncbi.nlm.nih.gov/geo/query/acc.cgi?acc=GSE206650	ptbp2_ipscn	bigwig	sample_file		/ocean/projects/bio260021p/kbenjamin/projects/isograph-brain-aging-benchmarking/inputs/raw/neuronal_clip/GSE206650/GSE206650_RAW_files/GSM6260046_iPSCNs_Input_1_unique.sorted.pos.bw	strand_signal			False	member_verified	16443090	666d74ceae3ae0864ebed8151a9670f1b10eee2ca3cb584a053fa529b5e2ad65	2026-08-26T18:59:33.619215+00:00	2026-07-30T13:42:10+00:00		source_archive					GSM6260046	input			/ocean/projects/bio260021p/kbenjamin/projects/isograph-brain-aging-benchmarking/inputs/raw/neuronal_clip/GSE206650/GSE206650_RAW.tar	1				1.0			pos													d5f8efcf4b3cebc2ff1b640a14a70bae5503467a2e1781c9bbdb11239a67f1bc
GSE206650_replicate_signal	GSE206650	PTBP2	Homo sapiens	Mature human iPSC-derived neurons	baseline	eCLIP		hg38	public		https://www.ncbi.nlm.nih.gov/geo/query/acc.cgi?acc=GSE206650	ptbp2_ipscn	bigwig	sample_file		/ocean/projects/bio260021p/kbenjamin/projects/isograph-brain-aging-benchmarking/inputs/raw/neuronal_clip/GSE206650/GSE206650_RAW_files/GSM6260046_iPSCNs_Input_1_unique.sorted.neg.bw	strand_signal			False	member_verified	15596093	d806a9db7a64a2bb48b54a847a7a9f9e4df09cf8e84d436cf4344fbb8e171b50	2026-08-26T18:59:33.619215+00:00	2026-07-30T13:42:10+00:00		source_archive					GSM6260046	input			/ocean/projects/bio260021p/kbenjamin/projects/isograph-brain-aging-benchmarking/inputs/raw/neuronal_clip/GSE206650/GSE206650_RAW.tar	1				1.0			neg													d5f8efcf4b3cebc2ff1b640a14a70bae5503467a2e1781c9bbdb11239a67f1bc
GSE206650_replicate_signal	GSE206650	PTBP2	Homo sapiens	Mature human iPSC-derived neurons	baseline	eCLIP		hg38	public		https://www.ncbi.nlm.nih.gov/geo/query/acc.cgi?acc=GSE206650	ptbp2_ipscn	bigwig	sample_file		/ocean/projects/bio260021p/kbenjamin/projects/isograph-brain-aging-benchmarking/inputs/raw/neuronal_clip/GSE206650/GSE206650_RAW_files/GSM6260047_iPSCNs_Input_2_unique.sorted.pos.bw	strand_signal			False	member_verified	12676065	74050e69f529ee34b127d6de2db888436a074e10f59d87f5ad97ae062e830dda	2026-08-26T18:59:33.619215+00:00	2026-07-30T13:42:10+00:00		source_archive					GSM6260047	input			/ocean/projects/bio260021p/kbenjamin/projects/isograph-brain-aging-benchmarking/inputs/raw/neuronal_clip/GSE206650/GSE206650_RAW.tar	1				2.0			pos													d5f8efcf4b3cebc2ff1b640a14a70bae5503467a2e1781c9bbdb11239a67f1bc
GSE206650_replicate_signal	GSE206650	PTBP2	Homo sapiens	Mature human iPSC-derived neurons	baseline	eCLIP		hg38	public		https://www.ncbi.nlm.nih.gov/geo/query/acc.cgi?acc=GSE206650	ptbp2_ipscn	bigwig	sample_file		/ocean/projects/bio260021p/kbenjamin/projects/isograph-brain-aging-benchmarking/inputs/raw/neuronal_clip/GSE206650/GSE206650_RAW_files/GSM6260047_iPSCNs_Input_2_unique.sorted.neg.bw	strand_signal			False	member_verified	12012909	d7c814fbeaec5a4f6def1e854676897558fe4d23a8632506d639c96129ad7d73	2026-08-26T18:59:33.619215+00:00	2026-07-30T13:42:10+00:00		source_archive					GSM6260047	input			/ocean/projects/bio260021p/kbenjamin/projects/isograph-brain-aging-benchmarking/inputs/raw/neuronal_clip/GSE206650/GSE206650_RAW.tar	1				2.0			neg													d5f8efcf4b3cebc2ff1b640a14a70bae5503467a2e1781c9bbdb11239a67f1bc
GSE206650_replicate_signal	GSE206650	PTBP2	Homo sapiens	Mature human iPSC-derived neurons	baseline	eCLIP		hg38	public		https://www.ncbi.nlm.nih.gov/geo/query/acc.cgi?acc=GSE206650	ptbp2_ipscn	bigwig	sample_file		/ocean/projects/bio260021p/kbenjamin/projects/isograph-brain-aging-benchmarking/inputs/raw/neuronal_clip/GSE206650/GSE206650_RAW_files/GSM6260048_iPSCNs_Input_3_unique.sorted.pos.bw	strand_signal			False	member_verified	11545583	de5e8e6a40d4b296899111aeedd9ace6d2d66f9c4efdfc23270a188542e1f3d3	2026-08-26T18:59:33.619215+00:00	2026-07-30T13:42:10+00:00		source_archive					GSM6260048	input			/ocean/projects/bio260021p/kbenjamin/projects/isograph-brain-aging-benchmarking/inputs/raw/neuronal_clip/GSE206650/GSE206650_RAW.tar	1				3.0			pos													d5f8efcf4b3cebc2ff1b640a14a70bae5503467a2e1781c9bbdb11239a67f1bc
GSE206650_replicate_signal	GSE206650	PTBP2	Homo sapiens	Mature human iPSC-derived neurons	baseline	eCLIP		hg38	public		https://www.ncbi.nlm.nih.gov/geo/query/acc.cgi?acc=GSE206650	ptbp2_ipscn	bigwig	sample_file		/ocean/projects/bio260021p/kbenjamin/projects/isograph-brain-aging-benchmarking/inputs/raw/neuronal_clip/GSE206650/GSE206650_RAW_files/GSM6260048_iPSCNs_Input_3_unique.sorted.neg.bw	strand_signal			False	member_verified	10903982	f5b8a92a9c153a691327caebf23c3e22e08de652d8109dccd0e0013850dec684	2026-08-26T18:59:33.619215+00:00	2026-07-30T13:42:10+00:00		source_archive					GSM6260048	input			/ocean/projects/bio260021p/kbenjamin/projects/isograph-brain-aging-benchmarking/inputs/raw/neuronal_clip/GSE206650/GSE206650_RAW.tar	1				3.0			neg													d5f8efcf4b3cebc2ff1b640a14a70bae5503467a2e1781c9bbdb11239a67f1bc
GSE206650_replicate_signal	GSE206650	PTBP2	Homo sapiens	Mature human iPSC-derived neurons	baseline	eCLIP		hg38	public		https://www.ncbi.nlm.nih.gov/geo/query/acc.cgi?acc=GSE206650	ptbp2_ipscn	bigwig	sample_file		/ocean/projects/bio260021p/kbenjamin/projects/isograph-brain-aging-benchmarking/inputs/raw/neuronal_clip/GSE206650/GSE206650_RAW_files/GSM6260049_iPSCNs_PTBP2_1_unique.sorted.pos.bw	strand_signal			False	member_verified	46604806	17d3a784aec86236a7fb2ba2444c468bca7ba5937ad714c5501afd7e41c8f695	2026-08-26T18:59:33.619215+00:00	2026-07-30T13:42:10+00:00		source_archive					GSM6260049	IP			/ocean/projects/bio260021p/kbenjamin/projects/isograph-brain-aging-benchmarking/inputs/raw/neuronal_clip/GSE206650/GSE206650_RAW.tar	1				1.0			pos													d5f8efcf4b3cebc2ff1b640a14a70bae5503467a2e1781c9bbdb11239a67f1bc
GSE206650_replicate_signal	GSE206650	PTBP2	Homo sapiens	Mature human iPSC-derived neurons	baseline	eCLIP		hg38	public		https://www.ncbi.nlm.nih.gov/geo/query/acc.cgi?acc=GSE206650	ptbp2_ipscn	bigwig	sample_file		/ocean/projects/bio260021p/kbenjamin/projects/isograph-brain-aging-benchmarking/inputs/raw/neuronal_clip/GSE206650/GSE206650_RAW_files/GSM6260049_iPSCNs_PTBP2_1_unique.sorted.neg.bw	strand_signal			False	member_verified	44372411	15a0c5938ae4ec751e599ed1928b2aba2119b672b68f407f4442fd74b07f6653	2026-08-26T18:59:33.619215+00:00	2026-07-30T13:42:10+00:00		source_archive					GSM6260049	IP			/ocean/projects/bio260021p/kbenjamin/projects/isograph-brain-aging-benchmarking/inputs/raw/neuronal_clip/GSE206650/GSE206650_RAW.tar	1				1.0			neg													d5f8efcf4b3cebc2ff1b640a14a70bae5503467a2e1781c9bbdb11239a67f1bc
GSE206650_replicate_signal	GSE206650	PTBP2	Homo sapiens	Mature human iPSC-derived neurons	baseline	eCLIP		hg38	public		https://www.ncbi.nlm.nih.gov/geo/query/acc.cgi?acc=GSE206650	ptbp2_ipscn	bigwig	sample_file		/ocean/projects/bio260021p/kbenjamin/projects/isograph-brain-aging-benchmarking/inputs/raw/neuronal_clip/GSE206650/GSE206650_RAW_files/GSM6260050_iPSCNs_PTBP2_2_unique.sorted.pos.bw	strand_signal			False	member_verified	48667380	4122ccdaff07b409670c17ed889d146e2aab751c321d241d63b154d6b92199b1	2026-08-26T18:59:33.619215+00:00	2026-07-30T13:42:10+00:00		source_archive					GSM6260050	IP			/ocean/projects/bio260021p/kbenjamin/projects/isograph-brain-aging-benchmarking/inputs/raw/neuronal_clip/GSE206650/GSE206650_RAW.tar	1				2.0			pos													d5f8efcf4b3cebc2ff1b640a14a70bae5503467a2e1781c9bbdb11239a67f1bc
GSE206650_replicate_signal	GSE206650	PTBP2	Homo sapiens	Mature human iPSC-derived neurons	baseline	eCLIP		hg38	public		https://www.ncbi.nlm.nih.gov/geo/query/acc.cgi?acc=GSE206650	ptbp2_ipscn	bigwig	sample_file		/ocean/projects/bio260021p/kbenjamin/projects/isograph-brain-aging-benchmarking/inputs/raw/neuronal_clip/GSE206650/GSE206650_RAW_files/GSM6260050_iPSCNs_PTBP2_2_unique.sorted.neg.bw	strand_signal			False	member_verified	46325519	4dbfaf8a8b5dee6b49d9dd28476057523dff9542861517a6959250263844ce06	2026-08-26T18:59:33.619215+00:00	2026-07-30T13:42:10+00:00		source_archive					GSM6260050	IP			/ocean/projects/bio260021p/kbenjamin/projects/isograph-brain-aging-benchmarking/inputs/raw/neuronal_clip/GSE206650/GSE206650_RAW.tar	1				2.0			neg													d5f8efcf4b3cebc2ff1b640a14a70bae5503467a2e1781c9bbdb11239a67f1bc
GSE206650_replicate_signal	GSE206650	PTBP2	Homo sapiens	Mature human iPSC-derived neurons	baseline	eCLIP		hg38	public		https://www.ncbi.nlm.nih.gov/geo/query/acc.cgi?acc=GSE206650	ptbp2_ipscn	bigwig	sample_file		/ocean/projects/bio260021p/kbenjamin/projects/isograph-brain-aging-benchmarking/inputs/raw/neuronal_clip/GSE206650/GSE206650_RAW_files/GSM6260051_iPSCNs_PTBP2_3_unique.sorted.pos.bw	strand_signal			False	member_verified	40629280	672986ebc31f36ca584ef02c72340a9a3b8f186d0ab9ff2d3e6b5344db2d213c	2026-08-26T18:59:33.619215+00:00	2026-07-30T13:42:10+00:00		source_archive					GSM6260051	IP			/ocean/projects/bio260021p/kbenjamin/projects/isograph-brain-aging-benchmarking/inputs/raw/neuronal_clip/GSE206650/GSE206650_RAW.tar	1				3.0			pos													d5f8efcf4b3cebc2ff1b640a14a70bae5503467a2e1781c9bbdb11239a67f1bc
GSE206650_replicate_signal	GSE206650	PTBP2	Homo sapiens	Mature human iPSC-derived neurons	baseline	eCLIP		hg38	public		https://www.ncbi.nlm.nih.gov/geo/query/acc.cgi?acc=GSE206650	ptbp2_ipscn	bigwig	sample_file		/ocean/projects/bio260021p/kbenjamin/projects/isograph-brain-aging-benchmarking/inputs/raw/neuronal_clip/GSE206650/GSE206650_RAW_files/GSM6260051_iPSCNs_PTBP2_3_unique.sorted.neg.bw	strand_signal			False	member_verified	38560580	cd7d04c268077d0ff115373dd5b1479c8ebf7b5fe55108d311d557bbbe39855d	2026-08-26T18:59:33.619215+00:00	2026-07-30T13:42:10+00:00		source_archive					GSM6260051	IP			/ocean/projects/bio260021p/kbenjamin/projects/isograph-brain-aging-benchmarking/inputs/raw/neuronal_clip/GSE206650/GSE206650_RAW.tar	1				3.0			neg													d5f8efcf4b3cebc2ff1b640a14a70bae5503467a2e1781c9bbdb11239a67f1bc
GSE276985_processed	GSE276985	TARDBP	Homo sapiens; Mus musculus	Human NGN2 and directly converted neurons; age-stratified mouse brain	baseline, stress, and aging contexts kept separate downstream	eCLIP		hg38; mm10	public		https://www.ncbi.nlm.nih.gov/geo/query/acc.cgi?acc=GSE276985			dataset_file	https://ftp.ncbi.nlm.nih.gov/geo/series/GSE276nnn/GSE276985/suppl/GSE276985_RAW.tar	/ocean/projects/bio260021p/kbenjamin/projects/isograph-brain-aging-benchmarking/inputs/raw/neuronal_clip/GSE276985/GSE276985_RAW.tar	study-provided processed enriched-window TSV archive	130918400	aee4720d9c19614b9bebafdf871418d1c0205a95d62ab72ff993f7722a96b45d	True	existing_verified	130918400	aee4720d9c19614b9bebafdf871418d1c0205a95d62ab72ff993f7722a96b45d	2026-08-26T18:59:33.600541+00:00	2026-07-30T13:20:24+00:00		file_mtime_recovered										1	31.0	/ocean/projects/bio260021p/kbenjamin/projects/isograph-brain-aging-benchmarking/inputs/raw/neuronal_clip/GSE276985/GSE276985_RAW_files	existing_verified								0.05									
GSE276985_processed	GSE276985	TARDBP	Homo sapiens	NGN2-induced neurons	baseline	eCLIP		hg38	public	primary	https://www.ncbi.nlm.nih.gov/geo/query/acc.cgi?acc=GSE276985	tdp43_ngn2_baseline	enriched_windows_tsv_gz	sample_file		/ocean/projects/bio260021p/kbenjamin/projects/isograph-brain-aging-benchmarking/inputs/raw/neuronal_clip/GSE276985/GSE276985_RAW_files/GSM8510692_TDP-43_Ngn2_Unstress-20-08-2024-13-59-01.TDP-43_Ngn2_Unstressed_IP_2.enriched_windows.tsv.gz	enriched_windows			False	member_verified	2678187	f3faadae43e2480db838cceaa4f30726cf3ad5c45580ba829d8823744a8f7fab	2026-08-26T18:59:33.619215+00:00	2026-07-30T13:20:24+00:00		source_archive					GSM8510692	IP			/ocean/projects/bio260021p/kbenjamin/projects/isograph-brain-aging-benchmarking/inputs/raw/neuronal_clip/GSE276985/GSE276985_RAW.tar	1				2.0							0.05	35615.0	20938.0							aee4720d9c19614b9bebafdf871418d1c0205a95d62ab72ff993f7722a96b45d
GSE276985_processed	GSE276985	TARDBP	Homo sapiens	NGN2-induced neurons	baseline	eCLIP		hg38	public	primary	https://www.ncbi.nlm.nih.gov/geo/query/acc.cgi?acc=GSE276985	tdp43_ngn2_baseline	enriched_windows_tsv_gz	sample_file		/ocean/projects/bio260021p/kbenjamin/projects/isograph-brain-aging-benchmarking/inputs/raw/neuronal_clip/GSE276985/GSE276985_RAW_files/GSM8510693_TDP-43_Ngn2_Unstress-20-08-2024-13-59-01.TDP-43_Ngn2_Unstressed_IP_1.enriched_windows.tsv.gz	enriched_windows			False	member_verified	2935393	9dad140322432989b613b72240db67ef32988d7306f43128bf983b516900b16c	2026-08-26T18:59:33.619215+00:00	2026-07-30T13:20:24+00:00		source_archive					GSM8510693	IP			/ocean/projects/bio260021p/kbenjamin/projects/isograph-brain-aging-benchmarking/inputs/raw/neuronal_clip/GSE276985/GSE276985_RAW.tar	1				1.0							0.05	38793.0	13392.0							aee4720d9c19614b9bebafdf871418d1c0205a95d62ab72ff993f7722a96b45d
GSE276985_processed	GSE276985	TARDBP	Homo sapiens	NGN2-induced neurons	stressed	eCLIP		hg38	public	sensitivity	https://www.ncbi.nlm.nih.gov/geo/query/acc.cgi?acc=GSE276985	tdp43_ngn2_stress	enriched_windows_tsv_gz	sample_file		/ocean/projects/bio260021p/kbenjamin/projects/isograph-brain-aging-benchmarking/inputs/raw/neuronal_clip/GSE276985/GSE276985_RAW_files/GSM8510694_TDP-43_Ngn2_Stress-20-08-2024-13-59-01.TDP-43_Ngn2_Stressed_IP_2.enriched_windows.tsv.gz	enriched_windows			False	member_verified	1087463	24b34dabe94ca31807fd6e8d48efc08977145921e072e2a8526d8b7575ad16c6	2026-08-26T18:59:33.619215+00:00	2026-07-30T13:20:24+00:00		source_archive					GSM8510694	IP			/ocean/projects/bio260021p/kbenjamin/projects/isograph-brain-aging-benchmarking/inputs/raw/neuronal_clip/GSE276985/GSE276985_RAW.tar	1				2.0							0.05	15576.0	6655.0							aee4720d9c19614b9bebafdf871418d1c0205a95d62ab72ff993f7722a96b45d
GSE276985_processed	GSE276985	TARDBP	Homo sapiens	NGN2-induced neurons	stressed	eCLIP		hg38	public	sensitivity	https://www.ncbi.nlm.nih.gov/geo/query/acc.cgi?acc=GSE276985	tdp43_ngn2_stress	enriched_windows_tsv_gz	sample_file		/ocean/projects/bio260021p/kbenjamin/projects/isograph-brain-aging-benchmarking/inputs/raw/neuronal_clip/GSE276985/GSE276985_RAW_files/GSM8510695_TDP-43_Ngn2_Stress-20-08-2024-13-59-01.TDP-43_Ngn2_Stressed_IP_1.enriched_windows.tsv.gz	enriched_windows			False	member_verified	3186318	f90cf2e3df671a1dbc62e5d561c8c02ec458913b3e004454042eed3eae8efa73	2026-08-26T18:59:33.619215+00:00	2026-07-30T13:20:24+00:00		source_archive					GSM8510695	IP			/ocean/projects/bio260021p/kbenjamin/projects/isograph-brain-aging-benchmarking/inputs/raw/neuronal_clip/GSE276985/GSE276985_RAW.tar	1				1.0							0.05	42529.0	17843.0							aee4720d9c19614b9bebafdf871418d1c0205a95d62ab72ff993f7722a96b45d
GSE276985_processed	GSE276985	TARDBP	Homo sapiens	Directly converted age-retaining neurons (NK)	baseline	eCLIP		hg38	public	primary	https://www.ncbi.nlm.nih.gov/geo/query/acc.cgi?acc=GSE276985	tdp43_nk_baseline	enriched_windows_tsv_gz	sample_file		/ocean/projects/bio260021p/kbenjamin/projects/isograph-brain-aging-benchmarking/inputs/raw/neuronal_clip/GSE276985/GSE276985_RAW_files/GSM8510696_TDP-43_NK-20-08-2024-13-59-01.TDP-43_NK_Unstressed_IP_2.enriched_windows.tsv.gz	enriched_windows			False	member_verified	421	837eb206e14a17cfd339b5b7ff5f4ce2b11c06fce016951391facf3da86d281e	2026-08-26T18:59:33.619215+00:00	2026-07-30T13:20:24+00:00		source_archive					GSM8510696	IP			/ocean/projects/bio260021p/kbenjamin/projects/isograph-brain-aging-benchmarking/inputs/raw/neuronal_clip/GSE276985/GSE276985_RAW.tar	1				2.0							0.05	1.0	0.0							aee4720d9c19614b9bebafdf871418d1c0205a95d62ab72ff993f7722a96b45d
GSE276985_processed	GSE276985	TARDBP	Homo sapiens	Directly converted age-retaining neurons (NK)	baseline	eCLIP		hg38	public	primary	https://www.ncbi.nlm.nih.gov/geo/query/acc.cgi?acc=GSE276985	tdp43_nk_baseline	enriched_windows_tsv_gz	sample_file		/ocean/projects/bio260021p/kbenjamin/projects/isograph-brain-aging-benchmarking/inputs/raw/neuronal_clip/GSE276985/GSE276985_RAW_files/GSM8510697_TDP-43_NK-20-08-2024-13-59-01.TDP-43_NK_Unstressed_IP_1.enriched_windows.tsv.gz	enriched_windows			False	member_verified	235	7c06a6cfbf046309583e2bf017539c615d7f08df411aed52e0c288efa0966a17	2026-08-26T18:59:33.619215+00:00	2026-07-30T13:20:24+00:00		source_archive					GSM8510697	IP			/ocean/projects/bio260021p/kbenjamin/projects/isograph-brain-aging-benchmarking/inputs/raw/neuronal_clip/GSE276985/GSE276985_RAW.tar	1				1.0							0.05	0.0	0.0							aee4720d9c19614b9bebafdf871418d1c0205a95d62ab72ff993f7722a96b45d
GSE276985_processed	GSE276985	TARDBP	Mus musculus	Whole brain, young	aging	eCLIP		mm10	public	secondary	https://www.ncbi.nlm.nih.gov/geo/query/acc.cgi?acc=GSE276985	tdp43_mouse_young	enriched_windows_tsv_gz	sample_file		/ocean/projects/bio260021p/kbenjamin/projects/isograph-brain-aging-benchmarking/inputs/raw/neuronal_clip/GSE276985/GSE276985_RAW_files/GSM8510698_TDP-43_Young-Age_MouseBrain-20-08-2024-14-05-32.young_TDP-43_IP_4.enriched_windows.tsv.gz	enriched_windows			False	member_verified	1951151	0a119d9a2e6de5e08a47430bbb789fb7250bbe78684e5b5dfa36278653ce0c2e	2026-08-26T18:59:33.619215+00:00	2026-07-30T13:20:24+00:00		source_archive					GSM8510698	IP			/ocean/projects/bio260021p/kbenjamin/projects/isograph-brain-aging-benchmarking/inputs/raw/neuronal_clip/GSE276985/GSE276985_RAW.tar	3				4.0							0.05	35160.0	9525.0							aee4720d9c19614b9bebafdf871418d1c0205a95d62ab72ff993f7722a96b45d
GSE276985_processed	GSE276985	TARDBP	Mus musculus	Whole brain, young	aging	eCLIP		mm10	public	secondary	https://www.ncbi.nlm.nih.gov/geo/query/acc.cgi?acc=GSE276985	tdp43_mouse_young	enriched_windows_tsv_gz	sample_file		/ocean/projects/bio260021p/kbenjamin/projects/isograph-brain-aging-benchmarking/inputs/raw/neuronal_clip/GSE276985/GSE276985_RAW_files/GSM8510699_TDP-43_Young-Age_MouseBrain-20-08-2024-14-05-32.young_TDP-43_IP_3.enriched_windows.tsv.gz	enriched_windows			False	member_verified	503801	36a2edf5488c7b552c0ae063b6b3fc6002b7025883e491cb5bddac1f61420c0a	2026-08-26T18:59:33.619215+00:00	2026-07-30T13:20:24+00:00		source_archive					GSM8510699	IP			/ocean/projects/bio260021p/kbenjamin/projects/isograph-brain-aging-benchmarking/inputs/raw/neuronal_clip/GSE276985/GSE276985_RAW.tar	3				3.0							0.05	8711.0	1581.0							aee4720d9c19614b9bebafdf871418d1c0205a95d62ab72ff993f7722a96b45d
GSE276985_processed	GSE276985	TARDBP	Mus musculus	Whole brain, young	aging	eCLIP		mm10	public	secondary	https://www.ncbi.nlm.nih.gov/geo/query/acc.cgi?acc=GSE276985	tdp43_mouse_young	enriched_windows_tsv_gz	sample_file		/ocean/projects/bio260021p/kbenjamin/projects/isograph-brain-aging-benchmarking/inputs/raw/neuronal_clip/GSE276985/GSE276985_RAW_files/GSM8510700_TDP-43_Young-Age_MouseBrain-20-08-2024-14-05-32.young_TDP-43_IP_2.enriched_windows.tsv.gz	enriched_windows			False	member_verified	917325	23e2f82f7ecf742915cfe888c1ff94b9074f5fac244b6907529af5a8e0706596	2026-08-26T18:59:33.619215+00:00	2026-07-30T13:20:24+00:00		source_archive					GSM8510700	IP			/ocean/projects/bio260021p/kbenjamin/projects/isograph-brain-aging-benchmarking/inputs/raw/neuronal_clip/GSE276985/GSE276985_RAW.tar	3				2.0							0.05	16677.0	3537.0							aee4720d9c19614b9bebafdf871418d1c0205a95d62ab72ff993f7722a96b45d
GSE276985_processed	GSE276985	TARDBP	Mus musculus	Whole brain, young	aging	eCLIP		mm10	public	secondary	https://www.ncbi.nlm.nih.gov/geo/query/acc.cgi?acc=GSE276985	tdp43_mouse_young	enriched_windows_tsv_gz	sample_file		/ocean/projects/bio260021p/kbenjamin/projects/isograph-brain-aging-benchmarking/inputs/raw/neuronal_clip/GSE276985/GSE276985_RAW_files/GSM8510701_TDP-43_Young-Age_MouseBrain-20-08-2024-14-05-32.young_TDP-43_IP_1.enriched_windows.tsv.gz	enriched_windows			False	member_verified	433980	98e07d7dad59f2c085591fd09e8c7c87050a1b910cf519d050367376f0b95082	2026-08-26T18:59:33.619215+00:00	2026-07-30T13:20:24+00:00		source_archive					GSM8510701	IP			/ocean/projects/bio260021p/kbenjamin/projects/isograph-brain-aging-benchmarking/inputs/raw/neuronal_clip/GSE276985/GSE276985_RAW.tar	3				1.0							0.05	7624.0	1722.0							aee4720d9c19614b9bebafdf871418d1c0205a95d62ab72ff993f7722a96b45d
GSE276985_processed	GSE276985	TARDBP	Mus musculus	Whole brain, middle age	aging	eCLIP		mm10	public	secondary	https://www.ncbi.nlm.nih.gov/geo/query/acc.cgi?acc=GSE276985	tdp43_mouse_mid	enriched_windows_tsv_gz	sample_file		/ocean/projects/bio260021p/kbenjamin/projects/isograph-brain-aging-benchmarking/inputs/raw/neuronal_clip/GSE276985/GSE276985_RAW_files/GSM8510702_TDP-43_Mid-Age_MouseBrain-20-08-2024-14-05-32.mid_TDP-43_IP_2.enriched_windows.tsv.gz	enriched_windows			False	member_verified	11586754	8a30e03a2cfb75843c71cea455865734cda859ed2179888f6d1338367be435ae	2026-08-26T18:59:33.619215+00:00	2026-07-30T13:20:24+00:00		source_archive					GSM8510702	IP			/ocean/projects/bio260021p/kbenjamin/projects/isograph-brain-aging-benchmarking/inputs/raw/neuronal_clip/GSE276985/GSE276985_RAW.tar	3				2.0							0.05	215890.0	113965.0							aee4720d9c19614b9bebafdf871418d1c0205a95d62ab72ff993f7722a96b45d
GSE276985_processed	GSE276985	TARDBP	Mus musculus	Whole brain, middle age	aging	eCLIP		mm10	public	secondary	https://www.ncbi.nlm.nih.gov/geo/query/acc.cgi?acc=GSE276985	tdp43_mouse_mid	enriched_windows_tsv_gz	sample_file		/ocean/projects/bio260021p/kbenjamin/projects/isograph-brain-aging-benchmarking/inputs/raw/neuronal_clip/GSE276985/GSE276985_RAW_files/GSM8510703_TDP-43_Mid-Age_MouseBrain-20-08-2024-14-05-32.mid_TDP-43_IP_1.enriched_windows.tsv.gz	enriched_windows			False	member_verified	12014268	dff63369b90ea22485e6f9b612a0cdb5b24f9a503851ec1bedcb6b5ecbb5f0b4	2026-08-26T18:59:33.619215+00:00	2026-07-30T13:20:24+00:00		source_archive					GSM8510703	IP			/ocean/projects/bio260021p/kbenjamin/projects/isograph-brain-aging-benchmarking/inputs/raw/neuronal_clip/GSE276985/GSE276985_RAW.tar	3				1.0							0.05	219670.0	150227.0							aee4720d9c19614b9bebafdf871418d1c0205a95d62ab72ff993f7722a96b45d
GSE276985_processed	GSE276985	TARDBP	Mus musculus	Whole brain, old	aging	eCLIP		mm10	public	secondary	https://www.ncbi.nlm.nih.gov/geo/query/acc.cgi?acc=GSE276985	tdp43_mouse_old	enriched_windows_tsv_gz	sample_file		/ocean/projects/bio260021p/kbenjamin/projects/isograph-brain-aging-benchmarking/inputs/raw/neuronal_clip/GSE276985/GSE276985_RAW_files/GSM8510704_TDP-43_Old-Age_MouseBrain-20-08-2024-14-05-32.old_TDP-43_IP_2.enriched_windows.tsv.gz	enriched_windows			False	member_verified	11548805	a255b9542ab8e59da366d79e03b464f43847a975f6172fa38cf9775b68e81d10	2026-08-26T18:59:33.619215+00:00	2026-07-30T13:20:24+00:00		source_archive					GSM8510704	IP			/ocean/projects/bio260021p/kbenjamin/projects/isograph-brain-aging-benchmarking/inputs/raw/neuronal_clip/GSE276985/GSE276985_RAW.tar	3				2.0							0.05	212558.0	124760.0							aee4720d9c19614b9bebafdf871418d1c0205a95d62ab72ff993f7722a96b45d
GSE276985_processed	GSE276985	TARDBP	Mus musculus	Whole brain, old	aging	eCLIP		mm10	public	secondary	https://www.ncbi.nlm.nih.gov/geo/query/acc.cgi?acc=GSE276985	tdp43_mouse_old	enriched_windows_tsv_gz	sample_file		/ocean/projects/bio260021p/kbenjamin/projects/isograph-brain-aging-benchmarking/inputs/raw/neuronal_clip/GSE276985/GSE276985_RAW_files/GSM8510705_TDP-43_Old-Age_MouseBrain-20-08-2024-14-05-32.old_TDP-43_IP_1.enriched_windows.tsv.gz	enriched_windows			False	member_verified	13209735	5ea095b41dd6669db49fcbd4db755fb1b94d0c64b53d6afe5b74b177a66343ac	2026-08-26T18:59:33.619215+00:00	2026-07-30T13:20:24+00:00		source_archive					GSM8510705	IP			/ocean/projects/bio260021p/kbenjamin/projects/isograph-brain-aging-benchmarking/inputs/raw/neuronal_clip/GSE276985/GSE276985_RAW.tar	3				1.0							0.05	244799.0	139612.0							aee4720d9c19614b9bebafdf871418d1c0205a95d62ab72ff993f7722a96b45d
EGAD00001008426_TDP43	EGAD00001008426	TARDBP	Homo sapiens	iPSC-derived motor neurons from two control lines	baseline	eCLIP		GRCh38	controlled	optional	https://ega-archive.org/datasets/EGAD00001008426			dataset_access						False	controlled_access																1														EGAS00001005880	EGAC00001002455	martin.regensburger@uk-erlangen.de	https://ega-archive.org/datasets/EGAD00001008426/request	4.0	optional_pending_controlled_access	
EGAD00001008428_NOVA_RBFOX2	EGAD00001008428	NOVA1; NOVA2; RBFOX2	Homo sapiens	iPSC-derived motor neurons from two control lines	baseline	eCLIP		GRCh38	controlled	optional	https://ega-archive.org/datasets/EGAD00001008428			dataset_access						False	controlled_access																1														EGAS00001005880	EGAC00001002455	martin.regensburger@uk-erlangen.de	https://ega-archive.org/datasets/EGAD00001008428/request	12.0	optional_pending_controlled_access	
